cluster_id,first_rva,first_rva_hex,last_end_rva,last_end_rva_hex,rva_span,section,function_count,size_min,size_max,size_total,size_average,span_bytes,code_bytes,gap_bytes,entropy_span,entropy_code,basic_blocks,blocks_reached,blocks_linear_only,reached_ratio,instructions,decoded_bytes,undecoded_bytes,undecoded_regions,edges,back_edges,max_indegree,cross_calls,cross_jumps,cross_function_edges,direct_calls,direct_jumps,indirect_calls,indirect_jumps,indirect_jumps_unresolved,iat_call_sites,iat_jump_sites,iat_module_count,iat_symbol_count,iat_symbols,switch_sites,switch_sites_validated,switch_sites_rejected,switch_cases,ret_sites,ud2_sites,int3_sites,trap_sites,syscall_sites,functions_with_linear_blocks,functions_with_undecoded,functions_with_entry_refs,functions_multi_entry,unwind_ehandler,unwind_uhandler,unwind_chaininfo,overlapping_functions,entry_point_inside,export_inside,doc_anchors,anchor_tags,anchor_evidence,anchor_count,anchor_truncated
1,4128,0x1020,341221,0x534E5,337093,.text,1249,11,39274,324065,259.46,337093,324065,13028,6.517842,6.509584,17978,16528,1450,0.919346,88429,324065,0,0,25001,1550,118,3925,61,3986,4856,11023,953,109,61,309,11,8,62,KERNEL32.dll!CloseHandle;KERNEL32.dll!CreateEventA;KERNEL32.dll!FlushInstructionCache;KERNEL32.dll!GetCurrentProcess;KERNEL32.dll!GetCurrentProcessId;KERNEL32.dll!GetCurrentThreadId;KERNEL32.dll!GetModuleHandleW;KERNEL32.dll!GetProcAddress;KERNEL32.dll!GetProcessHeap;KERNEL32.dll!GetSystemInfo;KERNEL32.dll!GetThreadContext;KERNEL32.dll!HeapAlloc;KERNEL32.dll!HeapCreate;KERNEL32.dll!HeapFree;KERNEL32.dll!HeapReAlloc;KERNEL32.dll!LoadLibraryW;KERNEL32.dll!OpenEventA;KERNEL32.dll!OpenThread;KERNEL32.dll!ReleaseSemaphore;KERNEL32.dll!ResetEvent;KERNEL32.dll!ResumeThread;KERNEL32.dll!SetEvent;KERNEL32.dll!SetThreadContext;KERNEL32.dll!Sleep;KERNEL32.dll!SuspendThread;KERNEL32.dll!TerminateProcess;KERNEL32.dll!TlsAlloc;KERNEL32.dll!TlsFree;KERNEL32.dll!TlsGetValue;KERNEL32.dll!TlsSetValue;KERNEL32.dll!VirtualAlloc;KERNEL32.dll!VirtualFree,48,22,26,685,1194,513,22,0,0,27,0,370,368,262,262,0,0,false,false,0x1E270:patcher_entry,DOC_ANCHOR;IAT_CALL;IAT_JUMP;JUMP_TABLE;SWITCH_REJECTED;INDIRECT_CALL;INDIRECT_JUMP;UD2;INT3;LINEAR_BLOCKS;INCOMING_REFERENCE;UNWIND_EHANDLER;UNWIND_UHANDLER,DOC_ANCHOR@0x1E270;IAT_CALL@0x11E0;IAT_JUMP@0x132F;JUMP_TABLE@0x68EC;SWITCH_REJECTED@0x68EC;INDIRECT_CALL@0x11E0;INDIRECT_JUMP@0x116C;UD2@0x3E54;INT3@0x135C;LINEAR_BLOCKS@0x4D20;INCOMING_REFERENCE@0x1020;UNWIND_EHANDLER@0x1180,12,true
2,351728,0x55DF0,371825,0x5AC71,20097,.text,102,22,410,18411,180.5,20097,18411,1686,6.371421,6.424234,533,533,0,1.0,4615,18411,0,0,431,0,1,323,1,324,323,1,108,88,88,0,0,0,0,,0,0,0,0,13,0,0,0,0,0,0,1,1,0,0,0,0,false,false,,INDIRECT_CALL;INDIRECT_JUMP;INCOMING_REFERENCE,INDIRECT_CALL@0x5605E;INDIRECT_JUMP@0x561D4;INCOMING_REFERENCE@0x55DF0,3,false
3,379968,0x5CC40,407092,0x63634,27124,.text,107,36,1934,26316,245.944,27124,26316,808,6.413235,6.415437,784,554,230,0.706633,6614,26316,0,0,648,3,2,327,0,327,516,8,119,121,121,0,0,0,0,,0,0,0,0,20,0,0,0,0,4,0,0,0,0,0,0,0,false,false,,INDIRECT_CALL;INDIRECT_JUMP;LINEAR_BLOCKS,INDIRECT_CALL@0x5CCCA;INDIRECT_JUMP@0x5CF7D;LINEAR_BLOCKS@0x60500,3,false
4,415424,0x656C0,445399,0x6CBD7,29975,.text,103,36,2645,28578,277.456,29975,28578,1397,6.379826,6.391532,823,539,284,0.654921,7354,28578,0,0,681,0,1,325,0,325,560,1,119,127,127,0,0,0,0,,0,0,0,0,16,0,0,0,0,4,0,0,0,0,0,0,0,false,false,,INDIRECT_CALL;INDIRECT_JUMP;LINEAR_BLOCKS,INDIRECT_CALL@0x65832;INDIRECT_JUMP@0x657C9;LINEAR_BLOCKS@0x656C0,3,false
5,453536,0x6EBA0,491256,0x77EF8,37720,.text,184,40,402,35679,193.908,37720,35679,2041,6.469736,6.493171,979,979,0,1.0,9145,35679,0,0,801,6,2,572,0,572,572,13,209,143,143,0,0,0,0,,0,0,0,0,42,0,0,0,0,0,0,0,0,0,0,0,0,false,false,,INDIRECT_CALL;INDIRECT_JUMP,INDIRECT_CALL@0x6EC42;INDIRECT_JUMP@0x6EEC2,2,false
6,505088,0x7B500,547615,0x85B1F,42527,.text,211,22,523,40515,192.014,42527,40515,2012,6.485521,6.507885,1146,1146,0,1.0,10264,40515,0,0,944,8,2,667,0,667,667,21,244,164,164,0,0,0,0,,0,0,0,0,50,0,0,0,0,0,0,0,0,0,0,0,0,false,false,,INDIRECT_CALL;INDIRECT_JUMP,INDIRECT_CALL@0x7B536;INDIRECT_JUMP@0x7B597,2,false
7,564096,0x89B80,690661,0xA89E5,126565,.text,453,18,9049,115307,254.541,126565,115307,11258,6.555851,6.550146,5879,4453,1426,0.757442,31062,115307,0,0,7480,495,51,1014,8,1022,1929,3019,457,164,141,80,4,5,16,KERNEL32.dll!GetCommandLineW;KERNEL32.dll!GetModuleHandleW;KERNEL32.dll!GetProcAddress;api-ms-win-crt-environment-l1-1-0.dll!getenv;api-ms-win-crt-heap-l1-1-0.dll!free;api-ms-win-crt-heap-l1-1-0.dll!malloc;api-ms-win-crt-runtime-l1-1-0.dll!_invalid_parameter_noinfo_noreturn;vfs-core.dll!??0Device@vfs@@QEAA@XZ;vfs-core.dll!??0Stream@vfs@@QEAA@V?$fwRefContainer@VDevice@vfs@@@@_K@Z;vfs-core.dll!??1Device@vfs@@UEAA@XZ;vfs-core.dll!?GetDevice@vfs@@YA?AV?$fwRefContainer@VDevice@vfs@@@@AEBV?$basic_string@DU?$char_traits@D@std@@V?$allocator@D@2@@std@@@Z;vfs-core.dll!?GetLength@Stream@vfs@@QEAA_KXZ;vfs-core.dll!?Mount@vfs@@YAXV?$fwRefContainer@VDevice@vfs@@@@AEBV?$basic_string@DU?$char_traits@D@std@@V?$allocator@D@2@@std@@@Z;vfs-core.dll!?Read@Stream@vfs@@QEAA_KPEAX_K@Z;vfs-core.dll!?Seek@Stream@vfs@@QEAA_K_JH@Z;vfs-core.dll!?Write@Stream@vfs@@QEAA_KPEBX_K@Z,23,12,11,174,422,181,0,0,0,19,0,96,83,56,56,0,0,false,false,,IAT_CALL;IAT_JUMP;JUMP_TABLE;SWITCH_REJECTED;INDIRECT_CALL;INDIRECT_JUMP;UD2;LINEAR_BLOCKS;INCOMING_REFERENCE;UNWIND_EHANDLER;UNWIND_UHANDLER,IAT_CALL@0x8C5E5;IAT_JUMP@0x8DBA1;JUMP_TABLE@0x8EBE9;SWITCH_REJECTED@0x8EBE9;INDIRECT_CALL@0x8C5E5;INDIRECT_JUMP@0x8DBA1;UD2@0x8CA0C;LINEAR_BLOCKS@0x8C6F0;INCOMING_REFERENCE@0x89B80;UNWIND_EHANDLER@0x8C4A0;UNWIND_UHANDLER@0x8C4A0,11,false
8,703184,0xABAD0,743906,0xB59E2,40722,.text,199,26,444,38903,195.492,40722,38903,1819,6.46095,6.483745,1043,1043,0,1.0,9864,38903,0,0,847,2,2,620,0,620,620,6,217,161,161,1,0,1,1,KERNEL32.dll!GetFileAttributesW,0,0,0,0,39,0,0,0,0,0,0,0,0,0,0,0,0,false,false,,IAT_CALL;INDIRECT_CALL;INDIRECT_JUMP,IAT_CALL@0xB0A84;INDIRECT_CALL@0xABB70;INDIRECT_JUMP@0xABE38,3,false
9,759104,0xB9540,815741,0xC727D,56637,.text,294,16,18309,47511,161.602,56637,47511,9126,6.310651,6.375094,1482,1095,387,0.738866,11999,47511,0,0,1325,16,7,376,4,380,644,242,239,28,27,18,0,3,6,KERNEL32.dll!GetModuleHandleW;KERNEL32.dll!GetProcAddress;api-ms-win-crt-runtime-l1-1-0.dll!_invalid_parameter_noinfo_noreturn;vfs-core.dll!?GetLength@Stream@vfs@@QEAA_KXZ;vfs-core.dll!?OpenRead@vfs@@YA?AV?$fwRefContainer@VStream@vfs@@@@AEBV?$basic_string@DU?$char_traits@D@std@@V?$allocator@D@2@@std@@@Z;vfs-core.dll!?Seek@Stream@vfs@@QEAA_K_JH@Z,1,0,1,0,276,49,0,0,0,7,0,25,17,13,13,0,0,false,false,,IAT_CALL;SWITCH_REJECTED;INDIRECT_CALL;INDIRECT_JUMP;UD2;LINEAR_BLOCKS;INCOMING_REFERENCE;UNWIND_EHANDLER;UNWIND_UHANDLER,IAT_CALL@0xBA1F2;SWITCH_REJECTED@0xC7013;INDIRECT_CALL@0xB95D9;INDIRECT_JUMP@0xB97F6;UD2@0xBD005;LINEAR_BLOCKS@0xBCFD0;INCOMING_REFERENCE@0xB9550;UNWIND_EHANDLER@0xBD0E0;UNWIND_UHANDLER@0xBD0E0,9,false
10,824288,0xC93E0,844293,0xCE205,20005,.text,102,70,475,19096,187.216,20005,19096,909,6.405449,6.426979,560,560,0,1.0,4804,19096,0,0,465,5,2,322,0,322,322,14,121,76,76,0,0,0,0,,0,0,0,0,27,0,0,0,0,0,0,0,0,0,0,0,0,false,false,,INDIRECT_CALL;INDIRECT_JUMP,INDIRECT_CALL@0xC9457;INDIRECT_JUMP@0xC96C0,2,false
11,852368,0xD0190,920352,0xE0B20,67984,.text,343,22,1463,64449,187.898,67984,64449,3535,6.406512,6.433179,1792,1792,0,1.0,16193,64449,0,0,1449,0,1,1090,0,1090,1090,2,356,301,301,0,0,0,0,,0,0,0,0,43,0,0,0,0,0,0,1,1,0,0,0,0,false,false,,INDIRECT_CALL;INDIRECT_JUMP;INCOMING_REFERENCE,INDIRECT_CALL@0xD0387;INDIRECT_JUMP@0xD0684;INCOMING_REFERENCE@0xD0190,3,false
12,947744,0xE7620,1019227,0xF8D5B,71483,.text,350,22,1312,68249,194.997,71483,68249,3234,6.453832,6.471814,1839,1839,0,1.0,17103,68249,0,0,1491,2,2,1105,0,1105,1105,7,374,294,294,0,0,0,0,,0,0,0,0,59,0,0,0,0,0,0,0,0,0,0,0,0,false,false,,INDIRECT_CALL;INDIRECT_JUMP,INDIRECT_CALL@0xE7664;INDIRECT_JUMP@0xE7BFE,2,false
13,1046208,0xFF6C0,1246284,0x13044C,200076,.text,274,16,65861,182483,665.996,200076,182483,17593,6.325198,6.286811,6016,1451,4565,0.24119,46648,182483,0,0,5674,119,38,496,15,511,4230,692,193,618,618,27,0,8,16,ADVAPI32.dll!RegGetValueW;KERNEL32.dll!CreateDirectoryW;KERNEL32.dll!GetModuleHandleW;KERNEL32.dll!GetProcAddress;RPCRT4.dll!RpcStringFreeA;RPCRT4.dll!UuidToStringA;api-ms-win-crt-convert-l1-1-0.dll!atoi;api-ms-win-crt-heap-l1-1-0.dll!free;api-ms-win-crt-heap-l1-1-0.dll!malloc;api-ms-win-crt-heap-l1-1-0.dll!realloc;api-ms-win-crt-runtime-l1-1-0.dll!_invalid_parameter_noinfo_noreturn;api-ms-win-crt-stdio-l1-1-0.dll!_wfopen;api-ms-win-crt-stdio-l1-1-0.dll!fclose;api-ms-win-crt-stdio-l1-1-0.dll!fgets;api-ms-win-crt-stdio-l1-1-0.dll!fread;ole32.dll!CoTaskMemFree,0,0,0,0,228,50,0,0,0,13,0,25,21,12,12,0,0,false,true,0x11660B:registry_root_constant,DOC_ANCHOR;EXPORT;IAT_CALL;INDIRECT_CALL;INDIRECT_JUMP;UD2;LINEAR_BLOCKS;INCOMING_REFERENCE;UNWIND_EHANDLER;UNWIND_UHANDLER,DOC_ANCHOR@0x11660B;EXPORT@0x101F80;IAT_CALL@0x101575;INDIRECT_CALL@0x10030F;INDIRECT_JUMP@0x104849;UD2@0x10129C;LINEAR_BLOCKS@0x104760;INCOMING_REFERENCE@0xFF6C0;UNWIND_EHANDLER@0x100270;UNWIND_UHANDLER@0x100270,10,false
14,1252864,0x131E00,1314577,0x140F11,61713,.text,295,22,1937,58575,198.559,61713,58575,3138,6.435828,6.45491,1662,1503,159,0.904332,14813,58575,0,0,1349,2,2,897,2,899,1025,8,314,270,270,2,0,1,2,api-ms-win-crt-stdio-l1-1-0.dll!_wfopen;api-ms-win-crt-stdio-l1-1-0.dll!ftell,0,0,0,0,43,1,0,0,0,3,0,1,1,1,1,0,0,false,false,,IAT_CALL;INDIRECT_CALL;INDIRECT_JUMP;UD2;LINEAR_BLOCKS;INCOMING_REFERENCE;UNWIND_EHANDLER;UNWIND_UHANDLER,IAT_CALL@0x1337A1;INDIRECT_CALL@0x132147;INDIRECT_JUMP@0x1324ED;UD2@0x1338DC;LINEAR_BLOCKS@0x132400;INCOMING_REFERENCE@0x131E00;UNWIND_EHANDLER@0x133120;UNWIND_UHANDLER@0x133120,8,false
15,1337760,0x1469A0,1468933,0x166A05,131173,.text,891,18,2992,91767,102.993,131173,91767,39406,5.939333,6.026166,1730,1636,94,0.945665,22754,91767,0,0,837,1,5,704,2,706,777,22,22,14,14,4,0,2,3,KERNEL32.dll!GetModuleHandleW;KERNEL32.dll!GetProcAddress;api-ms-win-crt-runtime-l1-1-0.dll!_invalid_parameter_noinfo_noreturn,0,0,0,0,892,3,0,0,0,1,0,9,3,3,3,0,0,false,false,,IAT_CALL;INDIRECT_CALL;INDIRECT_JUMP;UD2;LINEAR_BLOCKS;INCOMING_REFERENCE;UNWIND_EHANDLER;UNWIND_UHANDLER,IAT_CALL@0x1533AA;INDIRECT_CALL@0x1533AA;INDIRECT_JUMP@0x153C14;UD2@0x1533B0;LINEAR_BLOCKS@0x153B50;INCOMING_REFERENCE@0x1469A0;UNWIND_EHANDLER@0x153B50;UNWIND_UHANDLER@0x153B50,8,false
16,1474896,0x168150,1539201,0x177C81,64305,.text,226,22,9214,60052,265.717,64305,60052,4253,6.407153,6.416694,1803,1258,545,0.697726,15141,60052,0,0,1528,10,2,759,7,766,1202,44,267,239,239,5,0,1,4,net-base.dll!??0Buffer@net@@QEAA@XZ;net-base.dll!??1Buffer@net@@QEAA@XZ;net-base.dll!?GetBuffer@Buffer@net@@QEAAPEAEXZ;net-base.dll!?Write@Buffer@net@@QEAAXPEBX_K@Z,0,0,0,0,47,2,0,0,0,6,0,7,7,1,1,0,0,false,false,,IAT_CALL;INDIRECT_CALL;INDIRECT_JUMP;UD2;LINEAR_BLOCKS;INCOMING_REFERENCE;UNWIND_EHANDLER;UNWIND_UHANDLER,IAT_CALL@0x172540;INDIRECT_CALL@0x169079;INDIRECT_JUMP@0x168F6B;UD2@0x173ADC;LINEAR_BLOCKS@0x168F10;INCOMING_REFERENCE@0x168150;UNWIND_EHANDLER@0x1716C0;UNWIND_UHANDLER@0x1716C0,8,false
17,1557520,0x17C410,1610806,0x189436,53286,.text,313,18,4146,45269,144.629,53286,45269,8017,6.423494,6.515377,1399,1281,118,0.915654,11601,45269,0,0,1191,24,6,581,0,581,667,173,217,162,162,5,0,1,1,api-ms-win-crt-runtime-l1-1-0.dll!_invalid_parameter_noinfo_noreturn,0,0,0,0,163,17,0,0,0,1,0,13,6,5,5,0,0,false,false,,IAT_CALL;INDIRECT_CALL;INDIRECT_JUMP;UD2;LINEAR_BLOCKS;INCOMING_REFERENCE;UNWIND_EHANDLER;UNWIND_UHANDLER,IAT_CALL@0x17F0F9;INDIRECT_CALL@0x17F0F9;INDIRECT_JUMP@0x17C4C8;UD2@0x17F0FF;LINEAR_BLOCKS@0x17F8E0;INCOMING_REFERENCE@0x17C4D0;UNWIND_EHANDLER@0x17F2D0;UNWIND_UHANDLER@0x17F2D0,8,false
18,1624384,0x18C940,2038513,0x1F1AF1,414129,.text,252,14,184669,410604,1629.381,414129,410604,3525,6.346741,6.33492,13854,2170,11684,0.156633,102316,410604,0,0,12623,194,9,571,4,575,10263,1277,371,1780,1778,34,0,4,7,KERNEL32.dll!GetModuleHandleW;KERNEL32.dll!GetProcAddress;api-ms-win-crt-convert-l1-1-0.dll!atoi;api-ms-win-crt-runtime-l1-1-0.dll!_invalid_parameter_noinfo_noreturn;api-ms-win-crt-stdio-l1-1-0.dll!_wfopen;api-ms-win-crt-stdio-l1-1-0.dll!fclose;api-ms-win-crt-stdio-l1-1-0.dll!fgets,2,1,1,10,198,133,0,0,0,4,0,29,28,35,35,0,0,false,false,,IAT_CALL;JUMP_TABLE;SWITCH_REJECTED;INDIRECT_CALL;INDIRECT_JUMP;UD2;LINEAR_BLOCKS;INCOMING_REFERENCE;UNWIND_EHANDLER;UNWIND_UHANDLER,IAT_CALL@0x18E497;JUMP_TABLE@0x191167;SWITCH_REJECTED@0x191167;INDIRECT_CALL@0x18E497;INDIRECT_JUMP@0x18F141;UD2@0x18E49D;LINEAR_BLOCKS@0x1921B0;INCOMING_REFERENCE@0x18C940;UNWIND_EHANDLER@0x18ED20;UNWIND_UHANDLER@0x18ED20,10,false
19,2053728,0x1F5660,2167715,0x2113A3,113987,.text,475,22,2117,102213,215.185,113987,102213,11774,6.445291,6.489633,2882,2699,183,0.936502,25756,102213,0,0,2409,23,2,1576,2,1578,1727,65,575,381,381,0,0,0,0,,0,0,0,0,134,0,0,0,0,3,0,2,2,0,0,0,0,false,false,,INDIRECT_CALL;INDIRECT_JUMP;LINEAR_BLOCKS;INCOMING_REFERENCE,INDIRECT_CALL@0x1F687A;INDIRECT_JUMP@0x1F6890;LINEAR_BLOCKS@0x1F91B0;INCOMING_REFERENCE@0x1F5660,4,false
20,2202480,0x219B70,2219533,0x21DE0D,17053,.text,71,23,1286,16552,233.127,17053,16552,501,6.444541,6.445768,422,422,0,1.0,4124,16552,0,0,357,5,2,250,0,250,250,14,84,55,55,0,0,0,0,,0,0,0,0,19,0,0,0,0,0,0,0,0,0,0,0,0,false,false,,INDIRECT_CALL;INDIRECT_JUMP,INDIRECT_CALL@0x219BC1;INDIRECT_JUMP@0x219E99,2,false
21,2225392,0x21F4F0,2243907,0x223D43,18515,.text,85,26,409,16263,191.329,18515,16263,2252,6.310067,6.386058,431,431,0,1.0,4145,16263,0,0,346,0,1,262,0,262,262,0,84,75,75,0,0,0,0,,0,0,0,0,10,0,0,0,0,0,0,0,0,0,0,0,0,false,false,,INDIRECT_CALL;INDIRECT_JUMP,INDIRECT_CALL@0x21F56D;INDIRECT_JUMP@0x21F5CA,2,false
22,2248432,0x224EF0,2277189,0x22BF45,28757,.text,133,39,701,27651,207.902,28757,27651,1106,6.404735,6.416514,715,715,0,1.0,7001,27651,0,0,588,5,2,419,0,419,419,13,147,102,102,0,0,0,0,,0,0,0,0,34,0,0,0,0,0,0,0,0,0,0,0,0,false,false,,INDIRECT_CALL;INDIRECT_JUMP,INDIRECT_CALL@0x224F75;INDIRECT_JUMP@0x224FE1,2,false
23,2287280,0x22E6B0,2314095,0x234F6F,26815,.text,119,22,602,25761,216.479,26815,25761,1054,6.425949,6.4334,667,667,0,1.0,6566,25761,0,0,550,2,2,410,0,410,410,6,129,92,92,0,0,0,0,,0,0,0,0,30,0,0,0,0,0,0,0,0,0,0,0,0,false,false,,INDIRECT_CALL;INDIRECT_JUMP,INDIRECT_CALL@0x22E763;INDIRECT_JUMP@0x22E9CD,2,false
24,2323280,0x237350,3373990,0x337BA6,1050710,.text,2671,18,609655,927852,347.38,1050710,927852,122858,6.255442,6.224543,25496,2991,22505,0.117313,235899,927852,0,0,20676,20,48,161,15,176,20184,185,224,2133,2133,11,0,4,5,KERNEL32.dll!GetModuleHandleW;KERNEL32.dll!GetProcAddress;api-ms-win-crt-heap-l1-1-0.dll!free;api-ms-win-crt-runtime-l1-1-0.dll!_invalid_parameter_noinfo_noreturn;citizen-resources-core.dll!?TriggerEvent@ResourceEventManagerComponent@fx@@QEAA_NAEBV?$basic_string@DU?$char_traits@D@std@@V?$allocator@D@2@@std@@00PEAVResourceEventComponent@2@@Z,0,0,0,0,2624,55,0,0,0,8,0,12,6,8,8,0,0,false,false,0x325969:time_url_xref,DOC_ANCHOR;IAT_CALL;INDIRECT_CALL;INDIRECT_JUMP;UD2;LINEAR_BLOCKS;INCOMING_REFERENCE;UNWIND_EHANDLER;UNWIND_UHANDLER,DOC_ANCHOR@0x325969;IAT_CALL@0x2CA9CA;INDIRECT_CALL@0x27086B;INDIRECT_JUMP@0x25D579;UD2@0x2D3125;LINEAR_BLOCKS@0x25D450;INCOMING_REFERENCE@0x237350;UNWIND_EHANDLER@0x25D450;UNWIND_UHANDLER@0x25D450,9,false
25,3394192,0x33CA90,3414809,0x341B19,20617,.text,58,22,59,2210,38.103,20617,2210,18407,5.07027,5.144711,152,152,0,1.0,660,2210,0,0,94,0,1,94,36,130,94,36,0,0,0,0,0,0,0,,0,0,0,0,22,0,0,0,0,0,0,9,9,0,0,0,0,false,false,,INCOMING_REFERENCE,INCOMING_REFERENCE@0x33CA90,1,false
26,3424176,0x343FB0,3460408,0x34CD38,36232,.text,184,22,529,34580,187.935,36232,34580,1652,6.407074,6.424787,925,925,0,1.0,8848,34580,0,0,741,0,1,553,0,553,553,0,188,146,146,0,0,0,0,,0,0,0,0,38,0,0,0,0,0,0,0,0,0,0,0,0,false,false,,INDIRECT_CALL;INDIRECT_JUMP,INDIRECT_CALL@0x3441DD;INDIRECT_JUMP@0x344009,2,false
27,3473856,0x3501C0,3504073,0x3577C9,30217,.text,152,40,457,28718,188.934,30217,28718,1499,6.429198,6.453849,780,780,0,1.0,7375,28718,0,0,628,0,1,467,0,467,467,0,161,123,123,0,0,0,0,,0,0,0,0,29,0,0,0,0,0,0,0,0,0,0,0,0,false,false,,INDIRECT_CALL;INDIRECT_JUMP,INDIRECT_CALL@0x350274;INDIRECT_JUMP@0x35043A,2,false
28,3515152,0x35A310,3570412,0x367AEC,55260,.text,222,26,10929,52884,238.216,55260,52884,2376,6.433753,6.446346,1233,1233,0,1.0,13110,52884,0,0,1011,0,1,771,0,771,771,0,240,187,187,0,0,0,0,,0,0,0,0,35,0,0,0,0,0,0,0,0,0,0,0,0,false,false,,INDIRECT_CALL;INDIRECT_JUMP,INDIRECT_CALL@0x35A37A;INDIRECT_JUMP@0x35A632,2,false
29,3587344,0x36BD10,4057179,0x3DE85B,469835,.text,3251,18,88572,269574,82.92,469835,269574,200261,5.946603,6.291409,9093,4321,4772,0.475201,71028,269574,0,0,6000,101,64,208,2,210,4092,823,297,635,630,2,0,1,1,api-ms-win-crt-runtime-l1-1-0.dll!_invalid_parameter_noinfo_noreturn,5,3,2,139,3191,33,0,0,14,7,0,9,4,7,7,0,0,false,false,,SYSCALL;IAT_CALL;JUMP_TABLE;SWITCH_REJECTED;INDIRECT_CALL;INDIRECT_JUMP;UD2;LINEAR_BLOCKS;INCOMING_REFERENCE;UNWIND_EHANDLER;UNWIND_UHANDLER,SYSCALL@0x3D50BA;IAT_CALL@0x3DD5DE;JUMP_TABLE@0x3D260B;SWITCH_REJECTED@0x3D260B;INDIRECT_CALL@0x36BD86;INDIRECT_JUMP@0x36BDA1;UD2@0x3B7731;LINEAR_BLOCKS@0x3ABCE0;INCOMING_REFERENCE@0x36DE40;UNWIND_EHANDLER@0x3AD680;UNWIND_UHANDLER@0x3AD680,11,false
30,4066096,0x3E0B30,4599275,0x462DEB,533179,.text,327,30,77857,531235,1624.572,533179,531235,1944,6.34334,6.338702,10834,1286,9548,0.1187,127218,531235,0,0,10013,8,2,726,0,726,8733,67,1184,558,558,0,0,0,0,,0,0,0,0,46,120,0,0,0,28,0,0,0,10,10,0,0,false,false,,INDIRECT_CALL;INDIRECT_JUMP;UD2;LINEAR_BLOCKS;UNWIND_EHANDLER;UNWIND_UHANDLER,INDIRECT_CALL@0x3E0D55;INDIRECT_JUMP@0x3E0B9B;UD2@0x3ECA0C;LINEAR_BLOCKS@0x3E0B30;UNWIND_EHANDLER@0x3E3140;UNWIND_UHANDLER@0x3E3140,6,false
31,4617200,0x4673F0,4782469,0x48F985,165269,.text,1535,18,15410,98426,64.121,165269,98426,66843,5.826431,6.187947,3898,2548,1350,0.653669,26223,98426,0,0,2585,64,12,458,2,460,1597,472,132,141,141,44,0,4,18,KERNEL32.dll!CloseHandle;KERNEL32.dll!CopyFileW;KERNEL32.dll!CreateDirectoryW;KERNEL32.dll!CreateFileMappingW;KERNEL32.dll!DeleteFileW;KERNEL32.dll!GetCommandLineW;KERNEL32.dll!GetFileAttributesExW;KERNEL32.dll!GetFileAttributesW;KERNEL32.dll!GetLastError;KERNEL32.dll!GetModuleFileNameW;KERNEL32.dll!GetModuleHandleW;KERNEL32.dll!GetProcAddress;KERNEL32.dll!MapViewOfFile;KERNEL32.dll!MoveFileW;KERNEL32.dll!UnmapViewOfFile;api-ms-win-crt-heap-l1-1-0.dll!free;api-ms-win-crt-runtime-l1-1-0.dll!_invalid_parameter_noinfo_noreturn;api-ms-win-crt-string-l1-1-0.dll!wcscpy_s,0,0,0,0,1519,33,1,0,0,6,0,45,11,13,13,0,0,false,false,,IAT_CALL;INDIRECT_CALL;INDIRECT_JUMP;UD2;INT3;LINEAR_BLOCKS;INCOMING_REFERENCE;UNWIND_EHANDLER;UNWIND_UHANDLER,IAT_CALL@0x47E82A;INDIRECT_CALL@0x47DE37;INDIRECT_JUMP@0x47DD2C;UD2@0x47E6DC;INT3@0x47F526;LINEAR_BLOCKS@0x47DC70;INCOMING_REFERENCE@0x4673F0;UNWIND_EHANDLER@0x47DC70;UNWIND_UHANDLER@0x47DC70,9,false
32,4788336,0x491070,4834886,0x49C646,46550,.text,173,22,1820,35472,205.04,46550,35472,11078,6.291392,6.426597,1045,822,223,0.786603,9000,35472,0,0,840,0,1,504,14,518,685,14,155,160,160,0,0,0,0,,0,0,0,0,31,0,0,0,0,4,0,14,14,0,0,0,0,false,false,,INDIRECT_CALL;INDIRECT_JUMP;LINEAR_BLOCKS;INCOMING_REFERENCE,INDIRECT_CALL@0x493B60;INDIRECT_JUMP@0x493D2B;LINEAR_BLOCKS@0x4993F0;INCOMING_REFERENCE@0x491070,4,false
33,4846320,0x49F2F0,4891072,0x4AA1C0,44752,.text,143,22,17412,43423,303.657,44752,43423,1329,6.398232,6.393453,1095,709,386,0.647489,10872,43423,0,0,907,0,1,422,0,422,758,1,148,164,164,0,0,0,0,,0,0,0,0,19,2,0,0,0,1,0,0,0,1,1,0,0,false,false,,INDIRECT_CALL;INDIRECT_JUMP;UD2;LINEAR_BLOCKS;UNWIND_EHANDLER;UNWIND_UHANDLER,INDIRECT_CALL@0x49F360;INDIRECT_JUMP@0x49F610;UD2@0x4A3AD1;LINEAR_BLOCKS@0x49F6A0;UNWIND_EHANDLER@0x49F6A0;UNWIND_UHANDLER@0x49F6A0,6,false
34,4901536,0x4ACAA0,4940872,0x4B6448,39336,.text,163,40,1844,35352,216.883,39336,35352,3984,6.380542,6.435203,1009,854,155,0.846383,8892,35352,0,0,823,0,2,526,0,526,650,1,171,169,169,0,0,0,0,,0,0,0,0,18,0,0,0,0,3,0,0,0,0,0,0,0,false,false,,INDIRECT_CALL;INDIRECT_JUMP;LINEAR_BLOCKS,INDIRECT_CALL@0x4ACADE;INDIRECT_JUMP@0x4ACB11;LINEAR_BLOCKS@0x4B4280,3,false
35,4951152,0x4B8C70,4985913,0x4C1439,34761,.text,173,26,461,33086,191.249,34761,33086,1675,6.448223,6.475759,929,929,0,1.0,8455,33086,0,0,766,7,3,526,0,526,526,25,197,132,132,0,0,0,0,,0,0,0,0,49,0,0,0,0,0,0,0,0,0,0,0,0,false,false,,INDIRECT_CALL;INDIRECT_JUMP,INDIRECT_CALL@0x4B8CD3;INDIRECT_JUMP@0x4B923F,2,false
36,4999232,0x4C4840,5010339,0x4C73A3,11107,.text,59,93,305,10639,180.322,11107,10639,468,6.419671,6.443345,324,324,0,1.0,2627,10639,0,0,269,3,2,192,1,193,192,9,64,52,52,0,0,0,0,,0,0,0,0,7,0,0,0,0,0,0,0,0,0,0,0,0,false,false,,INDIRECT_CALL;INDIRECT_JUMP,INDIRECT_CALL@0x4C488B;INDIRECT_JUMP@0x4C4E5C,2,false
37,5015120,0x4C8650,5031905,0x4CC7E1,16785,.text,77,44,394,16024,208.104,16785,16024,761,6.401188,6.417491,419,419,0,1.0,4120,16024,0,0,342,0,1,255,0,255,255,0,87,59,59,0,0,0,0,,0,0,0,0,18,0,0,0,0,0,0,0,0,0,0,0,0,false,false,,INDIRECT_CALL;INDIRECT_JUMP,INDIRECT_CALL@0x4C86E1;INDIRECT_JUMP@0x4C8896,2,false
38,5037584,0x4CDE10,5371477,0x51F655,333893,.text,1157,18,40402,286062,247.245,333893,286062,47831,6.350797,6.362351,11077,3461,7616,0.312449,71507,286062,0,0,9424,113,10,1143,26,1169,7273,1021,312,1209,1209,36,0,6,8,KERNEL32.dll!GetModuleHandleW;KERNEL32.dll!GetProcAddress;api-ms-win-crt-runtime-l1-1-0.dll!_invalid_parameter_noinfo_noreturn;citizen-resources-client.dll!?GetHandle@?$StreamDevice@VRcdStream@resources@@U?$HandleDataWithBulk@VRcdStream@resources@@VRcdBulkStream@2@@detail@vfs@@@vfs@@QEAAPEAU?$HandleDataWithBulk@VRcdStream@resources@@VRcdBulkStream@2@@detail@2@_K@Z;legitimacy.dll!?IDidntDoNothing@@YAXXZ;scripting-gta.dll!?RegisterNativeHandler@ScriptEngine@fx@@SAX_KV?$function@$$A6AXAEAVScriptContext@fx@@@Z@std@@@Z;vfs-core.dll!?OpenRead@vfs@@YA?AV?$fwRefContainer@VStream@vfs@@@@AEBV?$basic_string@DU?$char_traits@D@std@@V?$allocator@D@2@@std@@@Z;vfs-core.dll!?ReadToEnd@Stream@vfs@@QEAA?AV?$vector@EV?$allocator@E@std@@@std@@XZ,0,0,0,0,1117,89,0,0,60,19,0,38,22,39,39,0,0,false,false,,SYSCALL;IAT_CALL;INDIRECT_CALL;INDIRECT_JUMP;UD2;LINEAR_BLOCKS;INCOMING_REFERENCE;UNWIND_EHANDLER;UNWIND_UHANDLER,SYSCALL@0x4F2CFA;IAT_CALL@0x4D36D8;INDIRECT_CALL@0x4D36D8;INDIRECT_JUMP@0x4D5CDC;UD2@0x4D356D;LINEAR_BLOCKS@0x4D3460;INCOMING_REFERENCE@0x4CDE10;UNWIND_EHANDLER@0x4D3460;UNWIND_UHANDLER@0x4D3460,9,false
39,5384288,0x522860,5413551,0x529AAF,29263,.text,118,22,421,21008,178.034,29263,21008,8255,6.245844,6.439225,557,557,0,1.0,5325,21008,0,0,442,2,2,327,12,339,327,17,107,74,74,0,0,0,0,,0,0,0,0,32,0,0,0,0,0,0,6,6,0,0,0,0,false,false,,INDIRECT_CALL;INDIRECT_JUMP;INCOMING_REFERENCE,INDIRECT_CALL@0x52494E;INDIRECT_JUMP@0x524B9A;INCOMING_REFERENCE@0x522860,3,false
40,5420624,0x52B650,5438078,0x52FA7E,17454,.text,79,35,565,16634,210.557,17454,16634,820,6.424773,6.44838,422,398,24,0.943128,4289,16634,0,0,339,1,2,235,0,235,254,2,82,61,61,0,0,0,0,,0,0,0,0,23,0,0,0,0,1,0,0,0,0,0,0,0,false,false,,INDIRECT_CALL;INDIRECT_JUMP;LINEAR_BLOCKS,INDIRECT_CALL@0x52B706;INDIRECT_JUMP@0x52B82A;LINEAR_BLOCKS@0x52B940,3,false
41,5443296,0x530EE0,5485370,0x53B33A,42074,.text,185,36,1597,37245,201.324,42074,37245,4829,6.412494,6.486327,1113,981,132,0.881402,9334,37245,0,0,922,4,2,575,0,575,697,12,205,157,157,0,0,0,0,,0,0,0,0,42,0,0,0,0,2,0,2,2,0,0,0,0,false,false,,INDIRECT_CALL;INDIRECT_JUMP;LINEAR_BLOCKS;INCOMING_REFERENCE,INDIRECT_CALL@0x531601;INDIRECT_JUMP@0x530F21;LINEAR_BLOCKS@0x530EE0;INCOMING_REFERENCE@0x531560,4,false
42,5496352,0x53DE20,5565838,0x54ED8E,69486,.text,233,24,3457,66839,286.863,69486,66839,2647,6.462263,6.465972,1427,1427,0,1.0,16615,66839,0,0,1197,1,2,911,0,911,911,6,276,149,149,0,0,0,0,,0,0,0,0,85,0,0,0,0,0,0,0,0,0,0,0,0,false,false,,INDIRECT_CALL;INDIRECT_JUMP,INDIRECT_CALL@0x53DEAF;INDIRECT_JUMP@0x53E10E,2,false
43,5582512,0x552EB0,5691085,0x56D6CD,108573,.text,1314,18,5887,58310,44.376,108573,58310,50263,5.568492,6.169284,2236,2009,227,0.898479,16169,58310,0,0,911,3,2,523,1,524,726,11,169,146,146,0,0,0,0,,0,0,0,0,1182,2,0,0,0,2,0,18,1,1,1,0,0,false,false,,INDIRECT_CALL;INDIRECT_JUMP;UD2;LINEAR_BLOCKS;INCOMING_REFERENCE;UNWIND_EHANDLER;UNWIND_UHANDLER,INDIRECT_CALL@0x552EFC;INDIRECT_JUMP@0x552F57;UD2@0x56723C;LINEAR_BLOCKS@0x555460;INCOMING_REFERENCE@0x5577D0;UNWIND_EHANDLER@0x566D60;UNWIND_UHANDLER@0x566D60,7,false
44,5698864,0x56F530,5850959,0x59474F,152095,.text,375,18,48236,132718,353.915,152095,132718,19377,6.370301,6.425114,3678,1564,2114,0.425231,33335,132718,0,0,3052,10,5,860,3,863,2669,44,314,444,444,2,0,1,2,KERNEL32.dll!GetModuleHandleW;KERNEL32.dll!GetProcAddress,0,0,0,0,181,8,0,0,0,4,0,3,1,3,3,0,0,false,false,,IAT_CALL;INDIRECT_CALL;INDIRECT_JUMP;UD2;LINEAR_BLOCKS;INCOMING_REFERENCE;UNWIND_EHANDLER;UNWIND_UHANDLER,IAT_CALL@0x5766B0;INDIRECT_CALL@0x56F5AE;INDIRECT_JUMP@0x56F71F;UD2@0x58B261;LINEAR_BLOCKS@0x576750;INCOMING_REFERENCE@0x5763A0;UNWIND_EHANDLER@0x5792A0;UNWIND_UHANDLER@0x5792A0,8,false
45,5859920,0x596A50,7554526,0x7345DE,1694606,.text,5421,12,96272,1620297,298.893,1694606,1620297,74309,6.53383,6.532841,56657,56273,384,0.993222,415396,1620297,0,0,76861,5807,164,14383,134,14517,14733,33112,2247,167,150,372,5,6,42,KERNEL32.dll!FreeLibrary;KERNEL32.dll!GetCurrentProcess;KERNEL32.dll!GetCurrentProcessId;KERNEL32.dll!GetModuleHandleW;KERNEL32.dll!GetProcAddress;KERNEL32.dll!GetProcessWorkingSetSize;KERNEL32.dll!GetSystemInfo;KERNEL32.dll!LoadLibraryA;KERNEL32.dll!QueryPerformanceCounter;KERNEL32.dll!VirtualAlloc;KERNEL32.dll!VirtualFree;KERNEL32.dll!VirtualLock;KERNEL32.dll!VirtualUnlock;MSVCP140.dll!??0?$basic_streambuf@DU?$char_traits@D@std@@@std@@IEAA@XZ;MSVCP140.dll!??0_Locinfo@std@@QEAA@HPEBD@Z;MSVCP140.dll!??0ios_base@std@@IEAA@XZ;MSVCP140.dll!??1?$basic_streambuf@DU?$char_traits@D@std@@@std@@UEAA@XZ;MSVCP140.dll!??1_Locinfo@std@@QEAA@XZ;MSVCP140.dll!??1ios_base@std@@UEAA@XZ;MSVCP140.dll!??4?$_Yarn@D@std@@QEAAAEAV01@PEBD@Z;MSVCP140.dll!??6?$basic_ostream@DU?$char_traits@D@std@@@std@@QEAAAEAV01@H@Z;MSVCP140.dll!??6?$basic_ostream@DU?$char_traits@D@std@@@std@@QEAAAEAV01@I@Z;MSVCP140.dll!?_Ipfx@?$basic_istream@DU?$char_traits@D@std@@@std@@QEAA_N_N@Z;MSVCP140.dll!?_Makeloc@_Locimp@locale@std@@CAPEAV123@AEBV_Locinfo@3@HPEAV123@PEBV23@@Z;MSVCP140.dll!?_New_Locimp@_Locimp@locale@std@@CAPEAV123@_N@Z;MSVCP140.dll!?_Osfx@?$basic_ostream@DU?$char_traits@D@std@@@std@@QEAAXXZ;MSVCP140.dll!?clear@?$basic_ios@DU?$char_traits@D@std@@@std@@QEAAXH_N@Z;MSVCP140.dll!?imbue@?$basic_ios@DU?$char_traits@D@std@@@std@@QEAA?AVlocale@2@AEBV32@@Z;MSVCP140.dll!?init@?$basic_ios@DU?$char_traits@D@std@@@std@@IEAAXPEAV?$basic_streambuf@DU?$char_traits@D@std@@@2@_N@Z;MSVCP140.dll!?sbumpc@?$basic_streambuf@DU?$char_traits@D@std@@@std@@QEAAHXZ;MSVCP140.dll!?sgetc@?$basic_streambuf@DU?$char_traits@D@std@@@std@@QEAAHXZ;MSVCP140.dll!?snextc@?$basic_streambuf@DU?$char_traits@D@std@@@std@@QEAAHXZ,17,14,3,170,5349,1855,0,0,0,14,0,553,525,764,764,0,0,false,false,,IAT_CALL;IAT_JUMP;JUMP_TABLE;SWITCH_REJECTED;INDIRECT_CALL;INDIRECT_JUMP;UD2;LINEAR_BLOCKS;INCOMING_REFERENCE;UNWIND_EHANDLER;UNWIND_UHANDLER,IAT_CALL@0x5A1BA3;IAT_JUMP@0x5A423C;JUMP_TABLE@0x5A4669;SWITCH_REJECTED@0x5A4669;INDIRECT_CALL@0x59B8D5;INDIRECT_JUMP@0x5A0ED3;UD2@0x59CD54;LINEAR_BLOCKS@0x5B4A90;INCOMING_REFERENCE@0x596A50;UNWIND_EHANDLER@0x59D7E0;UNWIND_UHANDLER@0x59D7E0,11,false
46,7559296,0x735880,7677710,0x75270E,118414,.text,108,32,28801,117484,1087.815,118414,117484,930,6.371186,6.358133,2807,573,2234,0.204133,29206,117484,0,0,2437,4,3,344,0,344,2276,14,136,327,327,1,0,1,1,api-ms-win-crt-heap-l1-1-0.dll!malloc,0,0,0,0,22,12,0,0,0,7,0,0,0,5,5,0,0,false,false,,IAT_CALL;INDIRECT_CALL;INDIRECT_JUMP;UD2;LINEAR_BLOCKS;UNWIND_EHANDLER;UNWIND_UHANDLER,IAT_CALL@0x74910B;INDIRECT_CALL@0x735906;INDIRECT_JUMP@0x735B71;UD2@0x73A7F1;LINEAR_BLOCKS@0x736960;UNWIND_EHANDLER@0x736960;UNWIND_UHANDLER@0x736960,7,false
47,7685104,0x7543F0,7706022,0x7595A6,20918,.text,98,47,1264,19998,204.061,20918,19998,920,6.47577,6.496033,545,545,0,1.0,5063,19998,0,0,450,2,2,326,0,326,326,7,113,80,80,0,0,0,0,,0,0,0,0,19,0,0,0,0,0,0,0,0,0,0,0,0,false,false,,INDIRECT_CALL;INDIRECT_JUMP,INDIRECT_CALL@0x754457;INDIRECT_JUMP@0x754CFB,2,false
48,7714000,0x75B4D0,7844370,0x77B212,130370,.text,529,18,14324,109193,206.414,130370,109193,21177,6.269648,6.277159,2782,966,1816,0.347232,27529,109193,0,0,1915,0,1,432,0,432,1895,0,20,318,318,2,0,2,2,KERNEL32.dll!GetSystemInfo;api-ms-win-crt-heap-l1-1-0.dll!malloc,0,0,0,0,525,3,0,0,149,8,0,8,0,1,1,0,0,false,false,,SYSCALL;IAT_CALL;INDIRECT_CALL;INDIRECT_JUMP;UD2;LINEAR_BLOCKS;INCOMING_REFERENCE;UNWIND_EHANDLER;UNWIND_UHANDLER,SYSCALL@0x762320;IAT_CALL@0x76AD18;INDIRECT_CALL@0x761F7A;INDIRECT_JUMP@0x76217E;UD2@0x768A41;LINEAR_BLOCKS@0x762190;INCOMING_REFERENCE@0x75B4D0;UNWIND_EHANDLER@0x765460;UNWIND_UHANDLER@0x765460,9,false
49,7850192,0x77C8D0,7941479,0x792D67,91287,.text,183,22,27088,86860,474.645,91287,86860,4427,6.364019,6.358812,2569,1044,1525,0.406384,21010,86860,0,0,2141,9,2,618,2,620,1868,42,205,391,391,0,0,0,0,,0,0,0,0,38,0,0,0,56,5,0,2,2,0,0,0,0,false,false,,SYSCALL;INDIRECT_CALL;INDIRECT_JUMP;LINEAR_BLOCKS;INCOMING_REFERENCE,SYSCALL@0x77DF30;INDIRECT_CALL@0x77CACB;INDIRECT_JUMP@0x77CC05;LINEAR_BLOCKS@0x77DB40;INCOMING_REFERENCE@0x77C8D0,5,false
50,7952976,0x795A50,8109029,0x7BBBE5,156053,.text,960,18,36094,122935,128.057,156053,122935,33118,6.216906,6.344737,3820,1617,2203,0.423298,31991,122935,0,0,2918,48,11,228,6,234,1798,356,468,169,169,39,0,4,22,KERNEL32.dll!GetModuleHandleW;KERNEL32.dll!GetProcAddress;api-ms-win-crt-runtime-l1-1-0.dll!_invalid_parameter_noinfo_noreturn;citizen-resources-client.dll!??0RcdBaseStream@resources@@QEAA@PEAVRcdFetcher@1@AEBV?$basic_string@DU?$char_traits@D@std@@V?$allocator@D@2@@std@@@Z;citizen-resources-client.dll!??0RcdStream@resources@@QEAA@PEAVRcdFetcher@1@AEBV?$basic_string@DU?$char_traits@D@std@@V?$allocator@D@2@@std@@@Z;citizen-resources-client.dll!??0ResourceCacheDeviceV2@resources@@QEAA@AEBV?$shared_ptr@VResourceCache@@@std@@_N@Z;citizen-resources-client.dll!??1RcdBulkStream@resources@@UEAA@XZ;citizen-resources-client.dll!??1RcdStream@resources@@UEAA@XZ;citizen-resources-client.dll!??1ResourceCacheDeviceV2@resources@@UEAA@XZ;citizen-resources-client.dll!?AddEntry@ResourceCache@@QEAAXAEBV?$basic_string@DU?$char_traits@D@std@@V?$allocator@D@2@@std@@AEBV?$array@E$0BE@@3@AEBV?$map@V?$basic_string@DU?$char_traits@D@std@@V?$allocator@D@2@@std@@V12@U?$less@V?$basic_string@DU?$char_traits@D@std@@V?$allocator@D@2@@std@@@2@V?$allocator@U?$pair@$$CBV?$basic_string@DU?$char_traits@D@std@@V?$allocator@D@2@@std@@V12@@std@@@2@@3@@Z;citizen-resources-client.dll!?OpenFile@RcdBulkStream@resources@@MEAA_KAEBV?$basic_string@DU?$char_traits@D@std@@V?$allocator@D@2@@std@@@Z;citizen-resources-client.dll!?OpenFile@RcdStream@resources@@MEAA_KAEBV?$basic_string@DU?$char_traits@D@std@@V?$allocator@D@2@@std@@@Z;citizen-resources-client.dll!?Read@RcdStream@resources@@UEAA_KPEAX_K@Z;citizen-resources-client.dll!?ReadBulk@RcdBulkStream@resources@@UEAA_K_KPEAX0@Z;vfs-core.dll!??0Device@vfs@@QEAA@XZ;vfs-core.dll!??0Stream@vfs@@QEAA@V?$fwRefContainer@VDevice@vfs@@@@_K@Z;vfs-core.dll!??1Device@vfs@@UEAA@XZ;vfs-core.dll!?GetDevice@vfs@@YA?AV?$fwRefContainer@VDevice@vfs@@@@AEBV?$basic_string@DU?$char_traits@D@std@@V?$allocator@D@2@@std@@@Z;vfs-core.dll!?GetLength@Stream@vfs@@QEAA_KXZ;vfs-core.dll!?OpenRead@vfs@@YA?AV?$fwRefContainer@VStream@vfs@@@@AEBV?$basic_string@DU?$char_traits@D@std@@V?$allocator@D@2@@std@@@Z;vfs-core.dll!?Read@Stream@vfs@@QEAA_KPEAX_K@Z;vfs-core.dll!?Seek@Stream@vfs@@QEAA_K_JH@Z,0,0,0,0,910,68,0,0,0,11,0,36,20,22,22,0,0,false,false,,IAT_CALL;INDIRECT_CALL;INDIRECT_JUMP;UD2;LINEAR_BLOCKS;INCOMING_REFERENCE;UNWIND_EHANDLER;UNWIND_UHANDLER,IAT_CALL@0x7A319B;INDIRECT_CALL@0x7960EF;INDIRECT_JUMP@0x795B4B;UD2@0x7A2F39;LINEAR_BLOCKS@0x795B00;INCOMING_REFERENCE@0x795A50;UNWIND_EHANDLER@0x7A30F0;UNWIND_UHANDLER@0x7A30F0,8,false
51,8129440,0x7C0BA0,8145709,0x7C4B2D,16269,.text,81,16,358,15533,191.765,16269,15533,736,6.381746,6.398706,423,423,0,1.0,3981,15533,0,0,342,0,1,259,0,259,259,0,83,68,68,0,0,0,0,,0,0,0,0,13,0,0,0,0,0,0,0,0,0,0,0,0,false,false,,INDIRECT_CALL;INDIRECT_JUMP,INDIRECT_CALL@0x7C0D4D;INDIRECT_JUMP@0x7C0C70,2,false
52,8151840,0x7C6320,8255299,0x7DF743,103459,.text,387,11,10339,85657,221.336,103459,85657,17802,6.307318,6.376073,2553,1261,1292,0.493929,21837,85657,0,0,2014,10,3,659,6,665,1755,37,209,295,295,2,0,1,2,KERNEL32.dll!GetModuleHandleW;KERNEL32.dll!GetProcAddress,0,0,0,0,252,3,0,0,22,12,0,16,8,2,2,0,0,false,false,,SYSCALL;IAT_CALL;INDIRECT_CALL;INDIRECT_JUMP;UD2;LINEAR_BLOCKS;INCOMING_REFERENCE;UNWIND_EHANDLER;UNWIND_UHANDLER,SYSCALL@0x7CDEBD;IAT_CALL@0x7CF99B;INDIRECT_CALL@0x7C6414;INDIRECT_JUMP@0x7C6831;UD2@0x7CC297;LINEAR_BLOCKS@0x7CBCD0;INCOMING_REFERENCE@0x7C6350;UNWIND_EHANDLER@0x7CF8F0;UNWIND_UHANDLER@0x7CF8F0,9,false
53,8265264,0x7E1E30,8498599,0x81ADA7,233335,.text,291,18,177325,220544,757.883,233335,220544,12791,6.378485,6.339556,3730,3730,0,1.0,52061,220544,0,0,3628,58,6,2772,17,2789,2772,265,417,2,2,7,0,3,3,WINMM.dll!timeGetTime;api-ms-win-crt-runtime-l1-1-0.dll!_invalid_parameter_noinfo_noreturn;api-ms-win-crt-string-l1-1-0.dll!strncpy,0,0,0,0,255,19,0,0,0,0,0,15,3,2,2,0,0,false,false,,IAT_CALL;INDIRECT_CALL;INDIRECT_JUMP;UD2;INCOMING_REFERENCE;UNWIND_EHANDLER;UNWIND_UHANDLER,IAT_CALL@0x7E63FA;INDIRECT_CALL@0x7E1F34;INDIRECT_JUMP@0x7E2166;UD2@0x7E6400;INCOMING_REFERENCE@0x7E1E80;UNWIND_EHANDLER@0x7E6C50;UNWIND_UHANDLER@0x7E6C50,7,false
54,8508416,0x81D400,8508550,0x81D486,134,.text,2,22,49,71,35.5,134,71,63,4.087876,4.471458,5,5,0,1.0,23,71,0,0,3,0,1,3,1,4,3,1,0,0,0,0,0,0,0,,0,0,0,0,1,0,0,0,0,0,0,1,1,0,0,0,0,false,false,,INCOMING_REFERENCE,INCOMING_REFERENCE@0x81D400,1,false
55,8513296,0x81E710,8666311,0x843CC7,153015,.text,157,24,120505,151411,964.401,153015,151411,1604,6.28687,6.274717,2603,813,1790,0.312332,37681,151411,0,0,2311,0,1,483,0,483,1965,0,346,169,169,0,0,0,0,,0,0,0,0,57,0,0,0,0,1,0,0,0,0,0,0,0,false,false,,INDIRECT_CALL;INDIRECT_JUMP;LINEAR_BLOCKS,INDIRECT_CALL@0x81E760;INDIRECT_JUMP@0x81E901;LINEAR_BLOCKS@0x81FD20,3,false
56,8676240,0x846390,8716074,0x84FF2A,39834,.text,174,18,8474,34387,197.626,39834,34387,5447,6.430306,6.447243,1338,775,563,0.579223,8901,34387,0,0,1433,50,12,146,3,149,506,442,168,40,38,30,0,5,13,KERNEL32.dll!GetModuleHandleW;KERNEL32.dll!GetProcAddress;api-ms-win-crt-heap-l1-1-0.dll!free;api-ms-win-crt-heap-l1-1-0.dll!malloc;api-ms-win-crt-runtime-l1-1-0.dll!_invalid_parameter_noinfo_noreturn;citizen-resources-client.dll!??0CachedResourceMounter@fx@@IEAA@PEAVResourceManager@1@@Z;citizen-resources-client.dll!??0ResourceCache@@QEAA@AEBV?$basic_string@DU?$char_traits@D@std@@V?$allocator@D@2@@std@@0@Z;citizen-resources-client.dll!??1CachedResourceMounter@fx@@UEAA@XZ;citizen-resources-client.dll!?InitializeLoad@CachedResourceMounter@fx@@MEAA?AV?$fwRefContainer@VResource@fx@@@@AEBV?$basic_string@DU?$char_traits@D@std@@V?$allocator@D@2@@std@@PEAVurl@v1@skyr@@@Z;vfs-core.dll!??0RagePackfile@vfs@@QEAA@XZ;vfs-core.dll!?GetDevice@vfs@@YA?AV?$fwRefContainer@VDevice@vfs@@@@AEBV?$basic_string@DU?$char_traits@D@std@@V?$allocator@D@2@@std@@@Z;vfs-core.dll!?Mount@vfs@@YAXV?$fwRefContainer@VDevice@vfs@@@@AEBV?$basic_string@DU?$char_traits@D@std@@V?$allocator@D@2@@std@@@Z;vfs-core.dll!?OpenArchive@RagePackfile@vfs@@QEAA_NAEBV?$basic_string@DU?$char_traits@D@std@@V?$allocator@D@2@@std@@PEAV34@@Z,2,1,1,5,147,52,0,0,0,4,0,9,7,13,13,0,0,false,false,,IAT_CALL;JUMP_TABLE;SWITCH_REJECTED;INDIRECT_CALL;INDIRECT_JUMP;UD2;LINEAR_BLOCKS;INCOMING_REFERENCE;UNWIND_EHANDLER;UNWIND_UHANDLER,IAT_CALL@0x848984;JUMP_TABLE@0x84F1EF;SWITCH_REJECTED@0x84F1EF;INDIRECT_CALL@0x847D77;INDIRECT_JUMP@0x847D6C;UD2@0x848E0C;LINEAR_BLOCKS@0x847D20;INCOMING_REFERENCE@0x846390;UNWIND_EHANDLER@0x847D20;UNWIND_UHANDLER@0x847D20,10,false
57,8722000,0x851650,8736021,0x854D15,14021,.text,71,40,433,13353,188.07,14021,13353,668,6.362276,6.384766,357,357,0,1.0,3314,13353,0,0,286,0,1,219,0,219,219,0,67,64,64,0,0,0,0,,0,0,0,0,7,0,0,0,0,0,0,0,0,0,0,0,0,false,false,,INDIRECT_CALL;INDIRECT_JUMP,INDIRECT_CALL@0x851760;INDIRECT_JUMP@0x8516D3,2,false
58,8741376,0x856200,8744034,0x856C62,2658,.text,51,18,18,918,18.0,2658,918,1740,4.466338,4.332155,51,51,0,1.0,306,918,0,0,0,0,0,0,0,0,0,0,0,0,0,0,0,0,0,,0,0,0,0,51,0,0,0,0,0,0,3,0,0,0,0,0,false,false,,INCOMING_REFERENCE,INCOMING_REFERENCE@0x856200,1,false
59,8763552,0x85B8A0,9479232,0x90A440,715680,.text,571,11,203106,679273,1189.62,715680,679273,36407,6.380801,6.344702,12784,4669,8115,0.365222,157383,679273,0,0,12792,259,25,2311,16,2327,8914,1637,909,457,444,14,0,2,5,KERNEL32.dll!CloseHandle;KERNEL32.dll!GetCurrentProcessId;KERNEL32.dll!GetProcessHeap;KERNEL32.dll!UnmapViewOfFile;api-ms-win-crt-runtime-l1-1-0.dll!_invalid_parameter_noinfo_noreturn,13,0,13,0,526,66,0,0,56,17,0,14,12,21,21,0,0,false,false,,SYSCALL;IAT_CALL;SWITCH_REJECTED;INDIRECT_CALL;INDIRECT_JUMP;UD2;LINEAR_BLOCKS;INCOMING_REFERENCE;UNWIND_EHANDLER;UNWIND_UHANDLER,SYSCALL@0x86325D;IAT_CALL@0x87F309;SWITCH_REJECTED@0x8ACDB2;INDIRECT_CALL@0x85D214;INDIRECT_JUMP@0x85D174;UD2@0x8744AC;LINEAR_BLOCKS@0x85D0F0;INCOMING_REFERENCE@0x85B8A0;UNWIND_EHANDLER@0x85D0F0;UNWIND_UHANDLER@0x85D0F0,10,false
60,9548608,0x91B340,9892054,0x96F0D6,343446,.text,120,22,258453,332916,2774.3,343446,332916,10530,6.372967,6.349935,6552,456,6096,0.069597,78080,332916,0,0,5845,4,8,262,21,283,5483,75,291,508,508,2,0,1,1,KERNEL32.dll!GetProcessHeap,0,0,0,0,24,21,0,0,32,3,0,9,9,2,2,0,0,false,false,,SYSCALL;IAT_CALL;INDIRECT_CALL;INDIRECT_JUMP;UD2;LINEAR_BLOCKS;INCOMING_REFERENCE;UNWIND_EHANDLER;UNWIND_UHANDLER,SYSCALL@0x91FE26;IAT_CALL@0x955AB4;INDIRECT_CALL@0x91DF5C;INDIRECT_JUMP@0x91DFFF;UD2@0x95D8EC;LINEAR_BLOCKS@0x91E730;INCOMING_REFERENCE@0x91BF20;UNWIND_EHANDLER@0x91E730;UNWIND_UHANDLER@0x91E730,9,false
61,9896608,0x9702A0,10067780,0x999F44,171172,.text,477,29,27560,166842,349.774,171172,166842,4330,6.451685,6.449492,4503,3132,1371,0.695536,41670,166842,0,0,3935,29,2,1897,0,1897,3089,118,651,495,495,0,0,0,0,,0,0,0,0,144,2,0,0,0,14,0,0,0,2,2,0,0,false,false,,INDIRECT_CALL;INDIRECT_JUMP;UD2;LINEAR_BLOCKS;UNWIND_EHANDLER;UNWIND_UHANDLER,INDIRECT_CALL@0x9704B4;INDIRECT_JUMP@0x970341;UD2@0x97FC61;LINEAR_BLOCKS@0x9702A0;UNWIND_EHANDLER@0x97CCD0;UNWIND_UHANDLER@0x97CCD0,6,false
62,10106192,0x9A3550,10146240,0x9AD1C0,40048,.text,133,45,2044,38961,292.94,40048,38961,1087,6.401074,6.39543,1242,742,500,0.597424,9967,38961,0,0,1051,6,3,452,0,452,865,15,162,178,178,0,0,0,0,,0,0,0,0,22,0,0,0,0,8,0,0,0,0,0,0,0,false,false,,INDIRECT_CALL;INDIRECT_JUMP;LINEAR_BLOCKS,INDIRECT_CALL@0x9A3682;INDIRECT_JUMP@0x9A3601;LINEAR_BLOCKS@0x9A3550,3,false
63,10157728,0x9AFEA0,10169422,0x9B2C4E,11694,.text,59,62,452,11116,188.407,11694,11116,578,6.422936,6.453568,317,317,0,1.0,2748,11116,0,0,261,2,2,182,0,182,182,7,67,51,51,0,0,0,0,,0,0,0,0,10,0,0,0,0,0,0,0,0,0,0,0,0,false,false,,INDIRECT_CALL;INDIRECT_JUMP,INDIRECT_CALL@0x9AFF4D;INDIRECT_JUMP@0x9B058A,2,false
64,10174160,0x9B3ED0,10194849,0x9B8FA1,20689,.text,103,22,543,19702,191.282,20689,19702,987,6.404291,6.431448,551,551,0,1.0,4934,19702,0,0,451,2,2,325,0,325,325,7,115,87,87,0,0,0,0,,0,0,0,0,17,0,0,0,0,0,0,0,0,0,0,0,0,false,false,,INDIRECT_CALL;INDIRECT_JUMP,INDIRECT_CALL@0x9B3F21;INDIRECT_JUMP@0x9B4679,2,false
65,10203216,0x9BB050,10225914,0x9C08FA,22698,.text,108,35,438,21625,200.231,22698,21625,1073,6.394489,6.410674,607,607,0,1.0,5439,21625,0,0,502,2,2,367,0,367,367,8,122,95,95,0,0,0,0,,0,0,0,0,15,0,0,0,0,0,0,0,0,0,0,0,0,false,false,,INDIRECT_CALL;INDIRECT_JUMP,INDIRECT_CALL@0x9BB0D5;INDIRECT_JUMP@0x9BB6B1,2,false
66,10234816,0x9C2BC0,10254443,0x9C786B,19627,.text,99,40,464,18755,189.444,19627,18755,872,6.395582,6.417987,531,531,0,1.0,4691,18755,0,0,436,2,2,315,0,315,315,8,109,86,86,0,0,0,0,,0,0,0,0,13,0,0,0,0,0,0,0,0,0,0,0,0,false,false,,INDIRECT_CALL;INDIRECT_JUMP,INDIRECT_CALL@0x9C2C30;INDIRECT_JUMP@0x9C3214,2,false
67,10262192,0x9C96B0,10284618,0x9CEE4A,22426,.text,110,26,510,21506,195.509,22426,21506,920,6.436725,6.449889,618,618,0,1.0,5400,21506,0,0,513,4,2,369,0,369,369,12,125,90,90,0,0,0,0,,0,0,0,0,22,0,0,0,0,0,0,0,0,0,0,0,0,false,false,,INDIRECT_CALL;INDIRECT_JUMP,INDIRECT_CALL@0x9C970A;INDIRECT_JUMP@0x9C99D3,2,false
68,10293872,0x9D1270,10317740,0x9D6FAC,23868,.text,116,40,651,22809,196.629,23868,22809,1059,6.42327,6.449208,626,626,0,1.0,5697,22809,0,0,513,2,2,369,0,369,369,7,133,99,99,0,0,0,0,,0,0,0,0,18,0,0,0,0,0,0,0,0,0,0,0,0,false,false,,INDIRECT_CALL;INDIRECT_JUMP,INDIRECT_CALL@0x9D12FF;INDIRECT_JUMP@0x9D19D7,2,false
69,10327184,0x9D9490,10347902,0x9DE57E,20718,.text,106,26,487,19685,185.708,20718,19685,1033,6.432511,6.455523,589,589,0,1.0,4915,19685,0,0,486,2,2,357,0,357,357,7,118,92,92,0,0,0,0,,0,0,0,0,15,0,0,0,0,0,0,0,0,0,0,0,0,false,false,,INDIRECT_CALL;INDIRECT_JUMP,INDIRECT_CALL@0x9D9519;INDIRECT_JUMP@0x9D9BF5,2,false
70,10356608,0x9E0780,10379256,0x9E5FF8,22648,.text,110,35,419,21690,197.182,22648,21690,958,6.443045,6.466391,578,578,0,1.0,5467,21690,0,0,471,2,2,338,0,338,338,6,124,92,92,0,0,0,0,,0,0,0,0,18,0,0,0,0,0,0,0,0,0,0,0,0,false,false,,INDIRECT_CALL;INDIRECT_JUMP,INDIRECT_CALL@0x9E080A;INDIRECT_JUMP@0x9E0B22,2,false
71,10387872,0x9E81A0,10407176,0x9ECD08,19304,.text,100,39,464,18446,184.46,19304,18446,858,6.441036,6.463927,530,530,0,1.0,4550,18446,0,0,433,2,2,315,0,315,315,7,107,89,89,0,0,0,0,,0,0,0,0,12,0,0,0,0,0,0,0,0,0,0,0,0,false,false,,INDIRECT_CALL;INDIRECT_JUMP,INDIRECT_CALL@0x9E8254;INDIRECT_JUMP@0x9E87C3,2,false
72,10415248,0x9EEC90,10438155,0x9F460B,22907,.text,107,40,532,22102,206.561,22907,22102,805,6.420712,6.427599,569,569,0,1.0,5530,22102,0,0,465,2,2,333,0,333,333,8,119,92,92,0,0,0,0,,0,0,0,0,17,0,0,0,0,0,0,0,0,0,0,0,0,false,false,,INDIRECT_CALL;INDIRECT_JUMP,INDIRECT_CALL@0x9EED31;INDIRECT_JUMP@0x9EF34D,2,false
73,10446736,0x9F6790,11129355,0xA9D20B,682619,.text,1241,18,598826,622087,501.279,682619,622087,60532,6.345998,6.305666,14221,1290,12931,0.090711,150548,622087,0,0,11567,0,3,33,1,34,10953,12,600,1244,1244,2,0,1,2,KERNEL32.dll!GetModuleHandleW;KERNEL32.dll!GetProcAddress,0,0,0,0,1227,14,0,0,72,2,0,40,3,2,2,0,0,false,false,,SYSCALL;IAT_CALL;INDIRECT_CALL;INDIRECT_JUMP;UD2;LINEAR_BLOCKS;INCOMING_REFERENCE;UNWIND_EHANDLER;UNWIND_UHANDLER,SYSCALL@0xA0C272;IAT_CALL@0xA9CF8B;INDIRECT_CALL@0xA0D26D;INDIRECT_JUMP@0xA0A921;UD2@0xA9CBC1;LINEAR_BLOCKS@0xA0A870;INCOMING_REFERENCE@0x9F6790;UNWIND_EHANDLER@0xA0A870;UNWIND_UHANDLER@0xA0A870,9,false
74,11167440,0xAA66D0,11419016,0xAE3D88,251576,.text,1915,18,49233,158997,83.027,251576,158997,92579,5.976362,6.272607,5117,2405,2712,0.470002,41721,158997,0,0,3108,37,8,233,2,235,2492,193,259,251,251,8,0,2,2,api-ms-win-crt-heap-l1-1-0.dll!free;api-ms-win-crt-runtime-l1-1-0.dll!_invalid_parameter_noinfo_noreturn,0,0,0,0,1856,40,0,0,8,5,0,5,3,11,11,0,0,false,false,,SYSCALL;IAT_CALL;INDIRECT_CALL;INDIRECT_JUMP;UD2;LINEAR_BLOCKS;INCOMING_REFERENCE;UNWIND_EHANDLER;UNWIND_UHANDLER,SYSCALL@0xAA8A7C;IAT_CALL@0xAD2AF4;INDIRECT_CALL@0xAA671B;INDIRECT_JUMP@0xAA68CB;UD2@0xAD2AFA;LINEAR_BLOCKS@0xAA80F0;INCOMING_REFERENCE@0xAB4FF0;UNWIND_EHANDLER@0xAD2B00;UNWIND_UHANDLER@0xAD2B00,9,false
75,11425984,0xAE58C0,11460449,0xAEDF61,34465,.text,155,22,478,28942,186.723,34465,28942,5523,6.366592,6.453618,786,786,0,1.0,7277,28942,0,0,631,0,1,473,5,478,473,5,158,127,127,0,0,0,0,,0,0,0,0,23,0,0,0,0,0,0,1,1,0,0,0,0,false,false,,INDIRECT_CALL;INDIRECT_JUMP;INCOMING_REFERENCE,INDIRECT_CALL@0xAE69D5;INDIRECT_JUMP@0xAE6B2A;INCOMING_REFERENCE@0xAE58C0,3,false
76,11472208,0xAF0D50,11610713,0xB12A59,138505,.text,259,18,87250,127274,491.405,138505,127274,11231,6.400387,6.352689,2885,767,2118,0.265858,30865,127274,0,0,2527,39,18,209,5,214,1828,288,203,217,199,11,0,3,5,KERNEL32.dll!GetModuleHandleW;KERNEL32.dll!GetProcAddress;api-ms-win-crt-heap-l1-1-0.dll!free;api-ms-win-crt-heap-l1-1-0.dll!malloc;api-ms-win-crt-runtime-l1-1-0.dll!_invalid_parameter_noinfo_noreturn,18,0,18,0,246,29,0,0,38,5,0,15,11,8,8,0,0,false,false,,SYSCALL;IAT_CALL;SWITCH_REJECTED;INDIRECT_CALL;INDIRECT_JUMP;UD2;LINEAR_BLOCKS;INCOMING_REFERENCE;UNWIND_EHANDLER;UNWIND_UHANDLER,SYSCALL@0xAF489B;IAT_CALL@0xAF3C8B;SWITCH_REJECTED@0xB0ED7E;INDIRECT_CALL@0xAF3C8B;INDIRECT_JUMP@0xAF3DB7;UD2@0xAF3C91;LINEAR_BLOCKS@0xAF3D50;INCOMING_REFERENCE@0xAF0D50;UNWIND_EHANDLER@0xAF3D50;UNWIND_UHANDLER@0xAF3D50,10,false
77,11623280,0xB15B70,12076423,0xB84587,453143,.text,458,11,153281,437805,955.906,453143,437805,15338,6.360618,6.334818,11725,1977,9748,0.168614,105701,437805,0,0,10528,100,6,893,13,906,9188,562,342,1076,1076,11,0,2,2,KERNEL32.dll!GetProcessHeap;api-ms-win-crt-runtime-l1-1-0.dll!_invalid_parameter_noinfo_noreturn,0,0,0,0,410,71,0,0,134,9,0,19,14,16,16,0,0,false,false,,SYSCALL;IAT_CALL;INDIRECT_CALL;INDIRECT_JUMP;UD2;LINEAR_BLOCKS;INCOMING_REFERENCE;UNWIND_EHANDLER;UNWIND_UHANDLER,SYSCALL@0xB26EEA;IAT_CALL@0xB1C735;INDIRECT_CALL@0xB16707;INDIRECT_JUMP@0xB167C5;UD2@0xB172E9;LINEAR_BLOCKS@0xB16770;INCOMING_REFERENCE@0xB15B70;UNWIND_EHANDLER@0xB1C620;UNWIND_UHANDLER@0xB1C620,9,false
78,12098752,0xB89CC0,12162524,0xB995DC,63772,.text,277,22,457,49331,178.09,63772,49331,14441,6.299271,6.446411,1363,1363,0,1.0,12489,49331,0,0,1091,5,2,808,24,832,808,38,260,187,187,0,0,0,0,,0,0,0,0,70,0,0,0,0,0,0,9,9,0,0,0,0,false,false,,INDIRECT_CALL;INDIRECT_JUMP;INCOMING_REFERENCE,INDIRECT_CALL@0xB8D3C3;INDIRECT_JUMP@0xB8D5C3;INCOMING_REFERENCE@0xB89CC0,3,false
79,12180608,0xB9DC80,12248791,0xBAE6D7,68183,.text,317,22,2363,65563,206.823,68183,65563,2620,6.487262,6.499707,1884,1776,108,0.942675,16564,65563,0,0,1570,15,2,1014,0,1014,1101,50,388,250,250,8,0,2,5,CRYPT32.dll!CertFindCertificateInStore;CRYPT32.dll!CertGetNameStringW;CRYPT32.dll!CryptMsgGetParam;CRYPT32.dll!CryptQueryObject;KERNEL32.dll!LocalAlloc,0,0,0,0,95,0,0,0,0,2,0,0,0,0,0,0,0,false,false,,IAT_CALL;INDIRECT_CALL;INDIRECT_JUMP;LINEAR_BLOCKS,IAT_CALL@0xB9EDAE;INDIRECT_CALL@0xB9DD52;INDIRECT_JUMP@0xB9E2EB;LINEAR_BLOCKS@0xBA2680,4,false
80,12273024,0xBB4580,12326542,0xBC168E,53518,.text,174,46,9691,51843,297.948,53518,51843,1675,6.420802,6.419875,1463,950,513,0.649351,12942,51843,0,0,1227,7,2,557,0,557,1000,19,197,213,213,0,0,0,0,,0,0,0,0,30,0,0,0,16,2,0,0,0,0,0,0,0,false,false,,SYSCALL;INDIRECT_CALL;INDIRECT_JUMP;LINEAR_BLOCKS,SYSCALL@0xBB538A;INDIRECT_CALL@0xBB45EB;INDIRECT_JUMP@0xBB49A6;LINEAR_BLOCKS@0xBB4E90,4,false
81,12340976,0xBC4EF0,12449403,0xBDF67B,108427,.text,244,28,10898,106036,434.574,108427,106036,2391,6.394125,6.385405,3084,1377,1707,0.446498,26962,106036,0,0,2628,10,2,825,0,825,2274,36,296,403,403,0,0,0,0,,0,0,0,0,67,0,0,0,32,15,0,0,0,0,0,0,0,false,false,,SYSCALL;INDIRECT_CALL;INDIRECT_JUMP;LINEAR_BLOCKS,SYSCALL@0xBC53AB;INDIRECT_CALL@0xBC4F90;INDIRECT_JUMP@0xBC5237;LINEAR_BLOCKS@0xBC5170,4,false
82,12469696,0xBE45C0,12521508,0xBF1024,51812,.text,198,26,2380,49863,251.833,51812,49863,1949,6.41994,6.429425,1498,1063,435,0.709613,12810,49863,0,0,1251,7,2,626,0,626,986,24,225,211,211,0,0,0,0,,0,0,0,0,52,0,0,0,0,7,0,0,0,0,0,0,0,false,false,,INDIRECT_CALL;INDIRECT_JUMP;LINEAR_BLOCKS,INDIRECT_CALL@0xBE460C;INDIRECT_JUMP@0xBE467D;LINEAR_BLOCKS@0xBE68E0,3,false
83,12537680,0xBF4F50,12590542,0xC01DCE,52862,.text,266,19,694,50600,190.226,52862,50600,2262,6.401206,6.417857,1489,1489,0,1.0,12626,50600,0,0,1235,12,2,903,0,903,903,25,294,238,238,0,0,0,0,,0,0,0,0,29,0,0,0,0,0,0,0,0,0,0,0,0,false,false,,INDIRECT_CALL;INDIRECT_JUMP,INDIRECT_CALL@0xBF4FBD;INDIRECT_JUMP@0xBF500D,2,false
84,12612272,0xC072B0,12947955,0xC591F3,335683,.text,2011,18,195469,237781,118.24,335683,237781,97902,6.073915,6.230092,6845,2247,4598,0.328269,58415,237781,0,0,4407,26,9,79,1,80,3872,149,269,459,459,2,0,1,1,api-ms-win-crt-runtime-l1-1-0.dll!_invalid_parameter_noinfo_noreturn,0,0,0,0,2006,15,0,0,62,2,0,39,6,3,3,0,0,false,false,,SYSCALL;IAT_CALL;INDIRECT_CALL;INDIRECT_JUMP;UD2;LINEAR_BLOCKS;INCOMING_REFERENCE;UNWIND_EHANDLER;UNWIND_UHANDLER,SYSCALL@0xC28068;IAT_CALL@0xC57C93;INDIRECT_CALL@0xC286D1;INDIRECT_JUMP@0xC27EEF;UD2@0xC57A41;LINEAR_BLOCKS@0xC27C20;INCOMING_REFERENCE@0xC072B0;UNWIND_EHANDLER@0xC27C20;UNWIND_UHANDLER@0xC27C20,9,false
85,12964464,0xC5D270,13276805,0xCA9685,312341,.text,915,18,91039,264453,289.02,312341,264453,47888,6.425243,6.467449,9789,5808,3981,0.593319,66677,264453,0,0,11404,656,130,1133,39,1172,4422,3681,242,406,397,58,1,3,12,KERNEL32.dll!CloseHandle;KERNEL32.dll!GetCurrentProcessId;KERNEL32.dll!GetModuleHandleA;KERNEL32.dll!GetPrivateProfileStringW;KERNEL32.dll!GetProcAddress;KERNEL32.dll!UnmapViewOfFile;KERNEL32.dll!VirtualAlloc;KERNEL32.dll!VirtualFree;KERNEL32.dll!VirtualProtect;KERNEL32.dll!VirtualQuery;api-ms-win-crt-convert-l1-1-0.dll!wcstombs;api-ms-win-crt-runtime-l1-1-0.dll!_invalid_parameter_noinfo_noreturn,9,4,5,167,895,163,0,0,76,33,0,110,108,31,31,0,0,false,false,0xC85650:handle_forward_wrapper;0xC856C0:handle_dispatch_site;0xC874E3:protection_constant_setup;0xC874E9:allocation_call_site;0xC8CE70:toolhelp_stub;0xC8F650:write_wrapper;0xC8F880:read_wrapper,DOC_ANCHOR;SYSCALL;IAT_CALL;IAT_JUMP;JUMP_TABLE;SWITCH_REJECTED;INDIRECT_CALL;INDIRECT_JUMP;UD2;LINEAR_BLOCKS;INCOMING_REFERENCE;UNWIND_EHANDLER;UNWIND_UHANDLER,DOC_ANCHOR@0xC85650;SYSCALL@0xC6C637;IAT_CALL@0xC81D2C;IAT_JUMP@0xC8F4B3;JUMP_TABLE@0xC94419;SWITCH_REJECTED@0xC85709;INDIRECT_CALL@0xC6B8FD;INDIRECT_JUMP@0xC6B6B9;UD2@0xC819CF;LINEAR_BLOCKS@0xC6B610;INCOMING_REFERENCE@0xC5D270;UNWIND_EHANDLER@0xC6B610,12,true
86,13317600,0xCB35E0,13463275,0xCD6EEB,145675,.text,558,19,26850,140277,251.392,145675,140277,5398,6.433542,6.439999,3625,2963,662,0.817379,35269,140277,0,0,2997,8,3,1735,0,1735,2307,34,630,509,509,3,0,1,2,KERNEL32.dll!GetCommandLineW;KERNEL32.dll!GetCurrentProcessId,0,0,0,0,136,2,0,0,8,1,0,0,0,1,1,0,0,false,false,,SYSCALL;IAT_CALL;INDIRECT_CALL;INDIRECT_JUMP;UD2;LINEAR_BLOCKS;UNWIND_EHANDLER;UNWIND_UHANDLER,SYSCALL@0xCBD990;IAT_CALL@0xCB96B0;INDIRECT_CALL@0xCB3664;INDIRECT_JUMP@0xCB3CA0;UD2@0xCC3C31;LINEAR_BLOCKS@0xCBD320;UNWIND_EHANDLER@0xCBD320;UNWIND_UHANDLER@0xCBD320,8,false
87,13505232,0xCE12D0,13525822,0xCE633E,20590,.text,105,40,1159,19678,187.41,20590,19678,912,6.389698,6.412227,575,546,29,0.949565,5034,19678,0,0,469,4,2,324,0,324,346,8,111,90,90,0,0,0,0,,0,0,0,0,20,0,0,0,0,1,0,0,0,0,0,0,0,false,false,,INDIRECT_CALL;INDIRECT_JUMP;LINEAR_BLOCKS,INDIRECT_CALL@0xCE139C;INDIRECT_JUMP@0xCE14E9;LINEAR_BLOCKS@0xCE53E0,3,false
88,13533664,0xCE81E0,13568576,0xCF0A40,34912,.text,138,26,8609,33707,244.254,34912,33707,1205,6.344441,6.344902,898,710,188,0.790646,8555,33707,0,0,740,1,2,427,0,427,594,3,141,138,138,0,0,0,0,,0,0,0,0,22,0,0,0,0,1,0,0,0,0,0,0,0,false,false,,INDIRECT_CALL;INDIRECT_JUMP;LINEAR_BLOCKS,INDIRECT_CALL@0xCE821F;INDIRECT_JUMP@0xCE83B9;LINEAR_BLOCKS@0xCE8C20,3,false
89,13579232,0xCF33E0,13623834,0xCFE21A,44602,.text,213,22,1601,42436,199.23,44602,42436,2166,6.369187,6.387093,1226,1171,55,0.955139,10646,42436,0,0,1016,6,2,696,0,696,740,20,244,184,184,1,0,1,1,KERNEL32.dll!GetFileAttributesW,0,0,0,0,38,0,0,0,0,1,0,0,0,0,0,0,0,false,false,,IAT_CALL;INDIRECT_CALL;INDIRECT_JUMP;LINEAR_BLOCKS,IAT_CALL@0xCF48AD;INDIRECT_CALL@0xCF344E;INDIRECT_JUMP@0xCF35AB;LINEAR_BLOCKS@0xCF73F0,4,false
90,13641440,0xD026E0,14087178,0xD6F40A,445738,.text,78,31,149905,445006,5705.205,445738,445006,732,6.200007,6.195086,6529,425,6104,0.065094,106965,445006,0,0,5782,2,2,263,0,263,5580,29,146,386,386,0,0,0,0,,0,0,0,0,18,0,0,0,0,8,0,0,0,0,0,0,0,false,false,,INDIRECT_CALL;INDIRECT_JUMP;LINEAR_BLOCKS,INDIRECT_CALL@0xD02733;INDIRECT_JUMP@0xD027CD;LINEAR_BLOCKS@0xD02A50,3,false
91,14093200,0xD70B90,14119575,0xD77297,26375,.text,135,22,1423,25157,186.348,26375,25157,1218,6.407862,6.423217,721,721,0,1.0,6271,25157,0,0,590,4,2,430,0,430,430,9,146,117,117,0,0,0,0,,0,0,0,0,19,0,0,0,0,0,0,0,0,0,0,0,0,false,false,,INDIRECT_CALL;INDIRECT_JUMP,INDIRECT_CALL@0xD70BE2;INDIRECT_JUMP@0xD70C1A,2,false
92,14129984,0xD79B40,14213117,0xD8DFFD,83133,.text,285,20,11099,80867,283.744,83133,80867,2266,6.452523,6.451774,2125,1743,382,0.820235,20252,80867,0,0,1821,19,2,1017,0,1017,1340,70,366,260,260,6,0,1,3,KERNEL32.dll!GetCommandLineW;KERNEL32.dll!OpenProcess;KERNEL32.dll!QueryFullProcessImageNameW,0,0,0,0,85,0,0,0,8,3,0,0,0,0,0,0,0,false,false,0xD7B0AE:direct_syscall_site;0xD7B4B9:direct_syscall_site;0xD7B863:open_process_argument_site;0xD7C0AC:direct_syscall_site,DOC_ANCHOR;SYSCALL;IAT_CALL;INDIRECT_CALL;INDIRECT_JUMP;LINEAR_BLOCKS,DOC_ANCHOR@0xD7B0AE;SYSCALL@0xD7A5F3;IAT_CALL@0xD79F95;INDIRECT_CALL@0xD79BB9;INDIRECT_JUMP@0xD7A3F5;LINEAR_BLOCKS@0xD7A400,6,false
93,14236576,0xD93BA0,14374476,0xDB564C,137900,.text,1357,18,24311,70112,51.667,137900,70112,67788,5.673867,6.02326,2070,1496,574,0.722705,18690,70112,0,0,664,0,15,103,0,103,494,104,52,34,14,0,0,0,0,,20,0,20,0,1353,4,0,0,56,3,0,20,1,1,1,0,0,false,false,,SYSCALL;SWITCH_REJECTED;INDIRECT_CALL;INDIRECT_JUMP;UD2;LINEAR_BLOCKS;INCOMING_REFERENCE;UNWIND_EHANDLER;UNWIND_UHANDLER,SYSCALL@0xDA9C1D;SWITCH_REJECTED@0xDAB171;INDIRECT_CALL@0xDA9A1C;INDIRECT_JUMP@0xDA9A4C;UD2@0xDAF8B9;LINEAR_BLOCKS@0xDA99A0;INCOMING_REFERENCE@0xD93BA0;UNWIND_EHANDLER@0xDA99A0;UNWIND_UHANDLER@0xDA99A0,9,false
94,14380832,0xDB6F20,14381612,0xDB722C,780,.text,2,220,548,768,384.0,780,768,12,6.379143,6.36235,46,46,0,1.0,202,768,0,0,69,6,9,7,0,7,7,33,2,0,0,2,0,2,2,WINMM.dll!timeGetTime;api-ms-win-crt-runtime-l1-1-0.dll!_invalid_parameter_noinfo_noreturn,0,0,0,0,2,2,0,0,0,0,0,0,0,0,0,0,0,false,false,,IAT_CALL;INDIRECT_CALL;UD2,IAT_CALL@0xDB713C;INDIRECT_CALL@0xDB713C;UD2@0xDB713A,3,false
95,14405168,0xDBCE30,14523005,0xDD9A7D,117837,.text,223,22,27980,109197,489.673,117837,109197,8640,6.376445,6.374612,2623,1587,1036,0.605032,27089,109197,0,0,2292,10,2,1018,5,1023,1922,40,313,297,297,1,0,1,1,api-ms-win-crt-string-l1-1-0.dll!strncpy,0,0,0,0,51,0,0,0,16,3,0,1,1,0,0,0,0,false,false,,SYSCALL;IAT_CALL;INDIRECT_CALL;INDIRECT_JUMP;LINEAR_BLOCKS;INCOMING_REFERENCE,SYSCALL@0xDC8EE1;IAT_CALL@0xDBE009;INDIRECT_CALL@0xDBE009;INDIRECT_JUMP@0xDC50ED;LINEAR_BLOCKS@0xDC82F0;INCOMING_REFERENCE@0xDBDC50,6,false
96,14537568,0xDDD360,14586122,0xDE910A,48554,.text,63,67,29270,48076,763.111,48554,48076,478,6.328269,6.319288,900,695,205,0.772222,11783,48076,0,0,827,3,2,500,0,500,689,8,125,69,69,0,0,0,0,,0,0,0,0,9,0,0,0,0,1,0,0,0,0,0,0,0,false,false,,INDIRECT_CALL;INDIRECT_JUMP;LINEAR_BLOCKS,INDIRECT_CALL@0xDDD438;INDIRECT_JUMP@0xDDD631;LINEAR_BLOCKS@0xDDE9E0,3,false
97,14591408,0xDEA5B0,14642341,0xDF6CA5,50933,.text,76,49,29444,50318,662.079,50933,50318,615,6.376977,6.368996,926,723,203,0.780778,12274,50318,0,0,840,3,2,503,0,503,690,8,137,80,80,0,0,0,0,,0,0,0,0,11,0,0,0,0,1,0,0,0,0,0,0,0,false,false,,INDIRECT_CALL;INDIRECT_JUMP;LINEAR_BLOCKS,INDIRECT_CALL@0xDEA65F;INDIRECT_JUMP@0xDEA824;LINEAR_BLOCKS@0xDEC320,3,false
98,14648240,0xDF83B0,14697099,0xE0428B,48859,.text,70,80,28990,48377,691.1,48859,48377,482,6.349106,6.340296,947,726,221,0.766631,11864,48377,0,0,867,3,2,516,0,516,721,8,133,76,76,0,0,0,0,,0,0,0,0,9,0,0,0,0,1,0,0,0,0,0,0,0,false,false,,INDIRECT_CALL;INDIRECT_JUMP;LINEAR_BLOCKS,INDIRECT_CALL@0xDF8418;INDIRECT_JUMP@0xDF8AF1;LINEAR_BLOCKS@0xDF9DD0,3,false
99,14702800,0xE058D0,14750401,0xE112C1,47601,.text,59,75,35177,47157,799.271,47601,47157,444,6.31274,6.303504,916,325,591,0.354803,11499,47157,0,0,819,3,2,193,0,193,685,8,121,66,66,0,0,0,0,,0,0,0,0,8,0,0,0,0,1,0,0,0,0,0,0,0,false,false,,INDIRECT_CALL;INDIRECT_JUMP;LINEAR_BLOCKS,INDIRECT_CALL@0xE059E2;INDIRECT_JUMP@0xE05BAE;LINEAR_BLOCKS@0xE07160,3,false
100,14755120,0xE12530,14806463,0xE1EDBF,51343,.text,75,85,29989,50805,677.4,51343,50805,538,6.327866,6.318469,954,770,184,0.807128,12442,50805,0,0,875,6,2,537,0,537,708,15,143,76,76,0,0,0,0,,0,0,0,0,12,0,0,0,0,1,0,0,0,0,0,0,0,false,false,,INDIRECT_CALL;INDIRECT_JUMP;LINEAR_BLOCKS,INDIRECT_CALL@0xE125F4;INDIRECT_JUMP@0xE1274A;LINEAR_BLOCKS@0xE14550,3,false
101,14812608,0xE205C0,15372688,0xEA9190,560080,.text,467,18,91393,528676,1132.069,560080,528676,31404,6.412956,6.365989,14733,2180,12553,0.147967,128211,528676,0,0,13261,105,32,635,3,638,10925,983,457,1709,1691,9,0,4,5,KERNEL32.dll!GetModuleHandleW;KERNEL32.dll!GetProcAddress;api-ms-win-crt-runtime-l1-1-0.dll!_invalid_parameter_noinfo_noreturn;api-ms-win-crt-string-l1-1-0.dll!strncpy;api-ms-win-crt-utility-l1-1-0.dll!rand,18,0,18,0,462,37,0,0,229,17,0,13,4,17,17,0,0,false,false,,SYSCALL;IAT_CALL;SWITCH_REJECTED;INDIRECT_CALL;INDIRECT_JUMP;UD2;LINEAR_BLOCKS;INCOMING_REFERENCE;UNWIND_EHANDLER;UNWIND_UHANDLER,SYSCALL@0xE2F21D;IAT_CALL@0xE46865;SWITCH_REJECTED@0xE48F50;INDIRECT_CALL@0xE25FBE;INDIRECT_JUMP@0xE26289;UD2@0xE46611;LINEAR_BLOCKS@0xE26200;INCOMING_REFERENCE@0xE205C0;UNWIND_EHANDLER@0xE3E1E0;UNWIND_UHANDLER@0xE3E1E0,10,false
102,15414720,0xEB35C0,15462743,0xEBF157,48023,.text,133,22,7705,29535,222.068,48023,29535,18488,6.114123,6.384043,999,595,404,0.595596,7643,29535,0,0,819,4,2,361,29,390,708,38,97,125,125,0,0,0,0,,0,0,0,0,31,0,0,0,0,4,0,10,10,0,0,0,0,false,false,,INDIRECT_CALL;INDIRECT_JUMP;LINEAR_BLOCKS;INCOMING_REFERENCE,INDIRECT_CALL@0xEB82F0;INDIRECT_JUMP@0xEB84D0;LINEAR_BLOCKS@0xEB83F0;INCOMING_REFERENCE@0xEB36C0,4,false
103,15469792,0xEC0CE0,15581671,0xEDC1E7,111879,.text,193,39,20722,103992,538.819,111879,103992,7887,6.37225,6.370861,3220,1056,2164,0.32795,26348,103992,0,0,2791,6,2,639,0,639,2543,23,210,420,420,0,0,0,0,,0,0,0,0,22,0,0,0,8,9,0,0,0,0,0,0,0,false,false,,SYSCALL;INDIRECT_CALL;INDIRECT_JUMP;LINEAR_BLOCKS,SYSCALL@0xED02AA;INDIRECT_CALL@0xEC0D1E;INDIRECT_JUMP@0xEC0D64;LINEAR_BLOCKS@0xEC1AB0,4,false
104,15591312,0xEDE790,15691955,0xEF70B3,100643,.text,94,16,25818,99814,1061.851,100643,99814,829,6.317219,6.308135,2766,497,2269,0.179682,24191,99814,0,0,2413,2,2,302,0,302,2281,15,106,316,316,1,0,1,1,api-ms-win-crt-environment-l1-1-0.dll!getenv,0,0,0,0,21,2,0,0,40,6,0,1,1,2,2,0,0,false,false,,SYSCALL;IAT_CALL;INDIRECT_CALL;INDIRECT_JUMP;UD2;LINEAR_BLOCKS;INCOMING_REFERENCE;UNWIND_EHANDLER;UNWIND_UHANDLER,SYSCALL@0xEE287A;IAT_CALL@0xEE6817;INDIRECT_CALL@0xEDFB8C;INDIRECT_JUMP@0xEDE838;UD2@0xEE26A1;LINEAR_BLOCKS@0xEDE790;INCOMING_REFERENCE@0xEE2700;UNWIND_EHANDLER@0xEDE790;UNWIND_UHANDLER@0xEDE790,9,false
105,15698720,0xEF8B20,15748737,0xF04E81,50017,.text,72,16,32578,49260,684.167,50017,49260,757,6.381199,6.373391,1122,370,752,0.329768,11927,49260,0,0,1015,3,2,217,0,217,873,8,129,81,81,0,0,0,0,,0,0,0,0,21,0,0,0,0,4,0,4,4,0,0,0,0,false,false,,INDIRECT_CALL;INDIRECT_JUMP;LINEAR_BLOCKS;INCOMING_REFERENCE,INDIRECT_CALL@0xEF8BB0;INDIRECT_JUMP@0xEF8EE4;LINEAR_BLOCKS@0xEF8E90;INCOMING_REFERENCE@0xEF8B20,4,false
106,15753424,0xF060D0,15801408,0xF11C40,47984,.text,82,60,25990,47348,577.415,47984,47348,636,6.371678,6.363385,1018,825,193,0.810413,11522,47348,0,0,932,6,2,577,0,577,757,15,151,83,83,0,0,0,0,,0,0,0,0,12,0,0,0,0,1,0,0,0,0,0,0,0,false,false,,INDIRECT_CALL;INDIRECT_JUMP;LINEAR_BLOCKS,INDIRECT_CALL@0xF0612A;INDIRECT_JUMP@0xF06642;LINEAR_BLOCKS@0xF08210,3,false
107,15808384,0xF13780,15851546,0xF1E01A,43162,.text,56,64,32602,42795,764.196,43162,42795,367,6.365054,6.357168,889,292,597,0.328459,10404,42795,0,0,813,3,2,167,0,167,683,8,117,63,63,0,0,0,0,,0,0,0,0,8,0,0,0,0,1,0,0,0,0,0,0,0,false,false,,INDIRECT_CALL;INDIRECT_JUMP;LINEAR_BLOCKS,INDIRECT_CALL@0xF137F9;INDIRECT_JUMP@0xF13D58;LINEAR_BLOCKS@0xF14F90,3,false
108,15855840,0xF1F0E0,15984175,0xF3E62F,128335,.text,492,28,11665,123770,251.565,128335,123770,4565,6.485316,6.4935,3367,2936,431,0.871993,31094,123770,0,0,2844,20,2,1783,1,1784,2135,71,594,450,450,0,0,0,0,,0,0,0,0,117,0,0,0,0,7,0,1,1,0,0,0,0,false,false,,INDIRECT_CALL;INDIRECT_JUMP;LINEAR_BLOCKS;INCOMING_REFERENCE,INDIRECT_CALL@0xF1F1C0;INDIRECT_JUMP@0xF22200;LINEAR_BLOCKS@0xF22130;INCOMING_REFERENCE@0xF1F0E0,4,false
109,16024080,0xF48210,16054416,0xF4F890,30336,.text,116,52,2010,29330,252.845,30336,29330,1006,6.421988,6.42331,843,605,238,0.717675,7428,29330,0,0,695,1,2,368,0,368,564,3,126,126,126,0,0,0,0,,0,0,0,0,24,0,0,0,0,4,0,0,0,0,0,0,0,false,false,,INDIRECT_CALL;INDIRECT_JUMP;LINEAR_BLOCKS,INDIRECT_CALL@0xF482AB;INDIRECT_JUMP@0xF48543;LINEAR_BLOCKS@0xF4C060,3,false
110,16063696,0xF51CD0,16124940,0xF60C0C,61244,.text,215,18,9314,59336,275.981,61244,59336,1908,6.467562,6.469571,1763,1222,541,0.693137,14766,59336,0,0,1508,15,2,690,0,690,1160,49,267,216,216,0,0,0,0,,0,0,0,0,67,0,0,0,0,6,0,3,3,0,0,0,0,false,false,,INDIRECT_CALL;INDIRECT_JUMP;LINEAR_BLOCKS;INCOMING_REFERENCE,INDIRECT_CALL@0xF52348;INDIRECT_JUMP@0xF51D05;LINEAR_BLOCKS@0xF51CD0;INCOMING_REFERENCE@0xF522A0,4,false
111,16141712,0xF64D90,16198493,0xF72B5D,56781,.text,121,49,10960,55745,460.702,56781,55745,1036,6.374505,6.361629,1711,714,997,0.4173,14133,55745,0,0,1471,8,2,442,0,442,1292,21,146,230,230,0,0,0,0,,0,0,0,0,21,0,0,0,16,9,0,0,0,0,0,0,0,false,false,,SYSCALL;INDIRECT_CALL;INDIRECT_JUMP;LINEAR_BLOCKS,SYSCALL@0xF66319;INDIRECT_CALL@0xF651EC;INDIRECT_JUMP@0xF64E81;LINEAR_BLOCKS@0xF64D90,4,false
112,16208608,0xF752E0,17832927,0x1101BDF,1624319,.text,3890,18,606969,1468065,377.395,1624319,1468065,156254,6.324531,6.304643,33513,4482,29031,0.133739,360640,1468065,0,0,26324,31,16,287,1,288,24000,296,1829,2832,2831,9,0,2,3,KERNEL32.dll!GetModuleHandleW;KERNEL32.dll!GetProcAddress;api-ms-win-crt-runtime-l1-1-0.dll!_invalid_parameter_noinfo_noreturn,1,1,0,4,3854,59,1,0,176,15,0,69,3,12,12,0,0,false,false,,SYSCALL;IAT_CALL;JUMP_TABLE;SWITCH_REJECTED;INDIRECT_CALL;INDIRECT_JUMP;UD2;INT3;LINEAR_BLOCKS;INCOMING_REFERENCE;UNWIND_EHANDLER;UNWIND_UHANDLER,SYSCALL@0xFD1970;IAT_CALL@0xFABBFA;JUMP_TABLE@0x101BBDE;SWITCH_REJECTED@0x101BBDE;INDIRECT_CALL@0xFABBFA;INDIRECT_JUMP@0xFAC0C1;UD2@0xFABC00;INT3@0x104E966;LINEAR_BLOCKS@0xFAC020;INCOMING_REFERENCE@0xF752E0;UNWIND_EHANDLER@0xFAC020;UNWIND_UHANDLER@0xFAC020,12,false
113,17837120,0x1102C40,17850322,0x1105FD2,13202,.text,2,123,10978,11101,5550.5,13202,11101,2101,6.176939,6.081765,170,15,155,0.088235,2473,11101,0,0,151,1,15,6,0,6,102,39,1,18,0,1,0,1,1,api-ms-win-crt-runtime-l1-1-0.dll!_invalid_parameter_noinfo_noreturn,18,0,18,0,2,1,0,0,24,1,0,1,1,0,0,0,0,false,false,,SYSCALL;IAT_CALL;SWITCH_REJECTED;INDIRECT_CALL;INDIRECT_JUMP;UD2;LINEAR_BLOCKS;INCOMING_REFERENCE,SYSCALL@0x11037C8;IAT_CALL@0x1102CB3;SWITCH_REJECTED@0x110357E;INDIRECT_CALL@0x1102CB3;INDIRECT_JUMP@0x110357E;UD2@0x1102CB9;LINEAR_BLOCKS@0x11034F0;INCOMING_REFERENCE@0x1102C40,8,false
114,17862912,0x1109100,17867312,0x110A230,4400,.text,2,64,4327,4391,2195.5,4400,4391,9,5.900731,5.897849,48,48,0,1.0,1130,4391,0,0,46,0,1,40,0,40,40,0,6,0,0,1,0,1,1,WINMM.dll!timeGetTime,0,0,0,0,2,0,0,0,0,0,0,0,0,1,1,0,0,false,false,,IAT_CALL;INDIRECT_CALL;UNWIND_EHANDLER;UNWIND_UHANDLER,IAT_CALL@0x1109121;INDIRECT_CALL@0x1109121;UNWIND_EHANDLER@0x1109100;UNWIND_UHANDLER@0x1109100,4,false
115,18042624,0x1134F00,18074660,0x113CC24,32036,.text,120,22,594,19810,165.083,32036,19810,12226,6.148971,6.46916,604,604,0,1.0,5000,19810,0,0,490,4,2,356,12,368,356,25,113,82,82,0,0,0,0,,0,0,0,0,28,0,0,0,0,0,0,0,0,0,0,0,0,false,false,,INDIRECT_CALL;INDIRECT_JUMP,INDIRECT_CALL@0x1137FB4;INDIRECT_JUMP@0x113857C,2,false
116,18082736,0x113EBB0,18142320,0x114D470,59584,.text,94,11,29331,57541,612.138,59584,57541,2043,6.390915,6.386201,1209,863,346,0.713813,13998,57541,0,0,1100,6,2,596,0,596,916,16,158,104,104,0,0,0,0,,0,0,0,0,13,2,0,0,0,2,0,3,3,0,0,0,0,false,false,,INDIRECT_CALL;INDIRECT_JUMP;UD2;LINEAR_BLOCKS;INCOMING_REFERENCE,INDIRECT_CALL@0x113FD05;INDIRECT_JUMP@0x113EC12;UD2@0x113EBB9;LINEAR_BLOCKS@0x113EBD0;INCOMING_REFERENCE@0x113EBB0,5,false
117,18148496,0x114EC90,18195980,0x115A60C,47484,.text,60,102,29035,47107,785.117,47484,47107,377,6.353697,6.34571,903,692,211,0.766334,11506,47107,0,0,833,3,2,504,0,504,699,8,121,66,66,0,0,0,0,,0,0,0,0,9,0,0,0,0,1,0,0,0,0,0,0,0,false,false,,INDIRECT_CALL;INDIRECT_JUMP;LINEAR_BLOCKS,INDIRECT_CALL@0x114ED52;INDIRECT_JUMP@0x114EEEE;LINEAR_BLOCKS@0x1150450,3,false
118,18201120,0x115BA20,18239758,0x116510E,38638,.text,170,16,1880,37131,218.418,38638,37131,1507,6.484027,6.500208,1195,884,311,0.739749,9218,37131,0,0,993,6,2,511,0,511,775,20,185,174,174,0,0,0,0,,0,0,0,0,41,0,0,0,0,6,0,3,3,0,0,0,0,false,false,,INDIRECT_CALL;INDIRECT_JUMP;LINEAR_BLOCKS;INCOMING_REFERENCE,INDIRECT_CALL@0x115C0C4;INDIRECT_JUMP@0x115BB81;LINEAR_BLOCKS@0x115BB40;INCOMING_REFERENCE@0x115C040,4,false
119,18252336,0x1168230,18323984,0x1179A10,71648,.text,145,36,27790,67093,462.71,71648,67093,4555,6.357616,6.35734,1509,1139,370,0.754805,16643,67093,0,0,1331,3,2,785,0,785,1108,8,210,156,156,0,0,0,0,,0,0,0,0,26,0,0,0,0,5,0,2,2,0,0,0,0,false,false,,INDIRECT_CALL;INDIRECT_JUMP;LINEAR_BLOCKS;INCOMING_REFERENCE,INDIRECT_CALL@0x1168762;INDIRECT_JUMP@0x1168262;LINEAR_BLOCKS@0x1168230;INCOMING_REFERENCE@0x1168720,4,false
120,18331888,0x117B8F0,18383575,0x11882D7,51687,.text,75,86,29670,51190,682.533,51687,51190,497,6.342645,6.333084,994,793,201,0.797787,12442,51190,0,0,915,6,2,560,0,560,748,15,143,76,76,0,0,0,0,,0,0,0,0,12,0,0,0,0,1,0,0,0,0,0,0,0,false,false,,INDIRECT_CALL;INDIRECT_JUMP;LINEAR_BLOCKS,INDIRECT_CALL@0x117B9BC;INDIRECT_JUMP@0x117BB9D;LINEAR_BLOCKS@0x117DB10,3,false
121,18389984,0x1189BE0,18409228,0x118E70C,19244,.text,87,29,865,18592,213.701,19244,18592,652,6.425595,6.430399,480,480,0,1.0,4714,18592,0,0,397,3,2,282,0,282,282,8,102,64,64,0,0,0,0,,0,0,0,0,24,0,0,0,0,0,0,0,0,0,0,0,0,false,false,,INDIRECT_CALL;INDIRECT_JUMP,INDIRECT_CALL@0x1189C84;INDIRECT_JUMP@0x1189E8C,2,false
122,18415728,0x1190070,18491137,0x11A2701,75409,.text,218,35,12058,73237,335.95,75409,73237,2172,6.422945,6.419245,2220,1229,991,0.553604,18473,73237,0,0,1905,12,2,715,0,715,1556,50,267,277,277,0,0,0,0,,0,0,0,0,67,1,0,0,0,13,0,0,0,1,1,0,0,false,false,,INDIRECT_CALL;INDIRECT_JUMP;UD2;LINEAR_BLOCKS;UNWIND_EHANDLER;UNWIND_UHANDLER,INDIRECT_CALL@0x119012A;INDIRECT_JUMP@0x11903F0;UD2@0x1197D81;LINEAR_BLOCKS@0x1190380;UNWIND_EHANDLER@0x1194E40;UNWIND_UHANDLER@0x1194E40,6,false
123,18508816,0x11A6C10,19276462,0x12622AE,767646,.text,4434,18,256360,593638,133.883,767646,593638,174008,6.098514,6.200035,12828,4910,7918,0.382756,149185,593638,0,0,8073,57,12,104,2,106,6561,333,911,233,233,10,0,1,1,api-ms-win-crt-runtime-l1-1-0.dll!_invalid_parameter_noinfo_noreturn,0,0,0,0,4435,29,0,0,0,6,0,50,4,3,3,0,0,false,false,,IAT_CALL;INDIRECT_CALL;INDIRECT_JUMP;UD2;LINEAR_BLOCKS;INCOMING_REFERENCE;UNWIND_EHANDLER;UNWIND_UHANDLER,IAT_CALL@0x1251E1A;INDIRECT_CALL@0x11A7D09;INDIRECT_JUMP@0x11A6C6C;UD2@0x1251E20;LINEAR_BLOCKS@0x11A6C10;INCOMING_REFERENCE@0x11AF3E0;UNWIND_EHANDLER@0x1252080;UNWIND_UHANDLER@0x1252080,8,false
124,19285008,0x1264410,19378526,0x127B15E,93518,.text,392,22,2389,77227,197.008,93518,77227,16291,6.36914,6.464493,2239,1987,252,0.88745,19689,77227,0,0,1817,4,2,1206,22,1228,1412,35,384,339,339,0,0,0,0,,0,0,0,0,69,0,0,0,0,4,0,5,5,0,0,0,0,false,false,,INDIRECT_CALL;INDIRECT_JUMP;LINEAR_BLOCKS;INCOMING_REFERENCE,INDIRECT_CALL@0x126717B;INDIRECT_JUMP@0x12671C2;LINEAR_BLOCKS@0x126E8A0;INCOMING_REFERENCE@0x1264DA0,4,false
125,19403872,0x1281460,19486843,0x129587B,82971,.text,354,22,2226,75900,214.407,82971,75900,7071,6.421714,6.466648,2115,1846,269,0.872813,19238,75900,0,0,1730,4,2,1092,0,1092,1313,14,394,329,329,0,0,0,0,,0,0,0,0,65,0,0,0,0,4,0,0,0,0,0,0,0,false,false,,INDIRECT_CALL;INDIRECT_JUMP;LINEAR_BLOCKS,INDIRECT_CALL@0x128149C;INDIRECT_JUMP@0x12814FD;LINEAR_BLOCKS@0x1288B20,3,false
126,19510944,0x129B6A0,19545109,0x12A3C15,34165,.text,169,33,406,32532,192.497,34165,32532,1633,6.452241,6.473952,894,894,0,1.0,8276,32532,0,0,725,0,1,545,0,545,545,0,180,135,135,0,0,0,0,,0,0,0,0,34,0,0,0,0,0,0,0,0,0,0,0,0,false,false,,INDIRECT_CALL;INDIRECT_JUMP,INDIRECT_CALL@0x129B710;INDIRECT_JUMP@0x129B9F0,2,false
127,19558208,0x12A6F40,19693967,0x12C818F,135759,.text,459,11,53787,115442,251.508,135759,115442,20317,6.357723,6.382446,3572,1023,2549,0.286394,29292,115442,0,0,2699,5,12,407,2,409,2470,37,165,489,489,1,0,1,1,KERNEL32.dll!GetModuleHandleA,0,0,0,0,358,16,0,0,0,5,0,15,4,4,4,0,0,false,false,,IAT_CALL;INDIRECT_CALL;INDIRECT_JUMP;UD2;LINEAR_BLOCKS;INCOMING_REFERENCE;UNWIND_EHANDLER;UNWIND_UHANDLER,IAT_CALL@0x12AE1ED;INDIRECT_CALL@0x12AC2A4;INDIRECT_JUMP@0x12AC597;UD2@0x12ACEBC;LINEAR_BLOCKS@0x12AC4A0;INCOMING_REFERENCE@0x12A6F40;UNWIND_EHANDLER@0x12AC4A0;UNWIND_UHANDLER@0x12AC4A0,8,false
128,19702128,0x12CA170,19730341,0x12D0FA5,28213,.text,119,56,4808,26490,222.605,28213,26490,1723,6.442028,6.467705,725,646,79,0.891034,6505,26490,0,0,601,3,2,388,0,388,456,7,134,112,112,0,0,0,0,,0,0,0,0,13,0,0,0,0,1,0,0,0,0,0,0,0,false,false,,INDIRECT_CALL;INDIRECT_JUMP;LINEAR_BLOCKS,INDIRECT_CALL@0x12CA1D7;INDIRECT_JUMP@0x12CA1A5;LINEAR_BLOCKS@0x12CA370,3,false
129,19739280,0x12D3290,19907295,0x12FC2DF,168015,.text,627,18,32427,142776,227.713,168015,142776,25239,6.25193,6.280263,4308,836,3472,0.194058,35877,142776,0,0,3132,0,3,160,2,162,2981,14,128,539,539,4,0,3,4,KERNEL32.dll!GetModuleHandleW;KERNEL32.dll!GetProcAddress;api-ms-win-crt-runtime-l1-1-0.dll!_invalid_parameter_noinfo_noreturn;api-ms-win-crt-string-l1-1-0.dll!strncpy,0,0,0,0,591,6,0,0,72,4,0,8,2,5,5,0,0,false,false,,SYSCALL;IAT_CALL;INDIRECT_CALL;INDIRECT_JUMP;UD2;LINEAR_BLOCKS;INCOMING_REFERENCE;UNWIND_EHANDLER;UNWIND_UHANDLER,SYSCALL@0x12DDB08;IAT_CALL@0x12E5A27;INDIRECT_CALL@0x12D32D1;INDIRECT_JUMP@0x12D3368;UD2@0x12E4D6C;LINEAR_BLOCKS@0x12DD8F0;INCOMING_REFERENCE@0x12D54D0;UNWIND_EHANDLER@0x12DD8F0;UNWIND_UHANDLER@0x12DD8F0,9,false
130,19913584,0x12FDB70,19914347,0x12FDE6B,763,.text,1,763,763,763,763.0,763,763,0,5.853525,5.853525,13,13,0,1.0,176,763,0,0,12,0,1,10,0,10,10,0,2,0,0,0,0,0,0,,0,0,0,0,1,0,0,0,0,0,0,0,0,0,0,0,0,false,false,,INDIRECT_CALL,INDIRECT_CALL@0x12FDB9C,1,false
131,19926000,0x1300BF0,20067443,0x1323473,141443,.text,778,16,35421,111840,143.753,141443,111840,29603,6.181818,6.290601,2410,1668,742,0.692116,27878,111840,0,0,1649,16,4,677,3,680,1295,92,192,26,26,1,0,1,1,api-ms-win-crt-runtime-l1-1-0.dll!_invalid_parameter_noinfo_noreturn,0,0,0,0,771,11,0,0,0,4,0,11,4,3,3,0,0,false,false,,IAT_CALL;INDIRECT_CALL;INDIRECT_JUMP;UD2;LINEAR_BLOCKS;INCOMING_REFERENCE;UNWIND_EHANDLER;UNWIND_UHANDLER,IAT_CALL@0x132346B;INDIRECT_CALL@0x1301940;INDIRECT_JUMP@0x13013E9;UD2@0x1322DEC;LINEAR_BLOCKS@0x13013A0;INCOMING_REFERENCE@0x13018D0;UNWIND_EHANDLER@0x131A370;UNWIND_UHANDLER@0x131A370,8,false
132,20072544,0x1324860,20087530,0x13282EA,14986,.text,55,56,2029,14524,264.073,14986,14524,462,6.377859,6.380751,433,317,116,0.732102,3668,14524,0,0,366,3,2,189,0,189,284,8,69,61,61,0,0,0,0,,0,0,0,0,11,0,0,0,0,2,0,0,0,0,0,0,0,false,false,,INDIRECT_CALL;INDIRECT_JUMP;LINEAR_BLOCKS,INDIRECT_CALL@0x13248FA;INDIRECT_JUMP@0x1324942;LINEAR_BLOCKS@0x1326810,3,false
133,20092112,0x13294D0,20134465,0x1333A41,42353,.text,202,22,406,40314,199.574,42353,40314,2039,6.451497,6.472203,1100,1100,0,1.0,10151,40314,0,0,905,5,3,644,0,644,644,16,233,163,163,0,0,0,0,,0,0,0,0,44,0,0,0,0,0,0,0,0,0,0,0,0,false,false,,INDIRECT_CALL;INDIRECT_JUMP,INDIRECT_CALL@0x132956D;INDIRECT_JUMP@0x132977A,2,false
134,20150960,0x1337AB0,20229303,0x134ACB7,78343,.text,273,18,6864,62106,227.495,78343,62106,16237,6.251416,6.42405,1928,1337,591,0.693465,15529,62106,0,0,1644,10,5,753,3,756,1284,55,266,228,228,10,0,4,9,KERNEL32.dll!CloseHandle;KERNEL32.dll!GetCommandLineW;KERNEL32.dll!GetModuleHandleW;KERNEL32.dll!GetProcAddress;KERNEL32.dll!LocalFree;KERNEL32.dll!UnmapViewOfFile;SHELL32.dll!CommandLineToArgvW;api-ms-win-crt-convert-l1-1-0.dll!_wtoi;api-ms-win-crt-runtime-l1-1-0.dll!_invalid_parameter_noinfo_noreturn,0,0,0,0,94,1,0,0,0,5,0,7,4,2,2,0,0,false,false,,IAT_CALL;INDIRECT_CALL;INDIRECT_JUMP;UD2;LINEAR_BLOCKS;INCOMING_REFERENCE;UNWIND_EHANDLER;UNWIND_UHANDLER,IAT_CALL@0x1338832;INDIRECT_CALL@0x13384E4;INDIRECT_JUMP@0x1339F40;UD2@0x1338965;LINEAR_BLOCKS@0x1342B30;INCOMING_REFERENCE@0x1337AB0;UNWIND_EHANDLER@0x1338780;UNWIND_UHANDLER@0x1338780,8,false
135,20236576,0x134C920,20583293,0x13A137D,346717,.text,163,18,66050,339377,2082.067,346717,339377,7340,6.397494,6.373385,8246,1703,6543,0.206524,83011,339377,0,0,7544,55,24,1040,9,1049,6474,335,465,710,710,11,0,2,3,KERNEL32.dll!GetModuleHandleW;KERNEL32.dll!GetProcAddress;api-ms-win-crt-runtime-l1-1-0.dll!_invalid_parameter_noinfo_noreturn,0,0,0,0,145,28,0,0,80,9,0,19,14,14,14,0,0,false,false,,SYSCALL;IAT_CALL;INDIRECT_CALL;INDIRECT_JUMP;UD2;LINEAR_BLOCKS;INCOMING_REFERENCE;UNWIND_EHANDLER;UNWIND_UHANDLER,SYSCALL@0x1367A87;IAT_CALL@0x134E02B;INDIRECT_CALL@0x134E02B;INDIRECT_JUMP@0x13557D7;UD2@0x134E031;LINEAR_BLOCKS@0x1355760;INCOMING_REFERENCE@0x134C920;UNWIND_EHANDLER@0x1355760;UNWIND_UHANDLER@0x1355760,9,false
136,20589584,0x13A2C10,20606492,0x13A6E1C,16908,.text,7,60,11126,16846,2406.571,16908,16846,62,6.229073,6.225184,263,102,161,0.387833,3872,16846,0,0,244,0,15,79,0,79,181,46,3,18,0,2,0,2,2,WINMM.dll!timeGetTime;api-ms-win-crt-runtime-l1-1-0.dll!_invalid_parameter_noinfo_noreturn,18,0,18,0,7,1,0,0,24,1,0,0,0,1,1,0,0,false,false,,SYSCALL;IAT_CALL;SWITCH_REJECTED;INDIRECT_CALL;INDIRECT_JUMP;UD2;LINEAR_BLOCKS;UNWIND_EHANDLER;UNWIND_UHANDLER,SYSCALL@0x13A2EE8;IAT_CALL@0x13A57B7;SWITCH_REJECTED@0x13A2C9E;INDIRECT_CALL@0x13A57B7;INDIRECT_JUMP@0x13A2C9E;UD2@0x13A6CA9;LINEAR_BLOCKS@0x13A2C10;UNWIND_EHANDLER@0x13A5790;UNWIND_UHANDLER@0x13A5790,9,false
137,20650080,0x13B1860,21948103,0x14EE6C7,1298023,.text,407,22,1221060,1277608,3139.086,1298023,1277608,20415,6.409066,6.392203,34063,1618,32445,0.0475,303269,1277608,0,0,28546,4,2,989,22,1011,27722,68,766,4898,4898,0,0,0,0,,0,0,0,0,49,220,0,0,0,2,0,9,9,1,1,0,0,false,false,,INDIRECT_CALL;INDIRECT_JUMP;UD2;LINEAR_BLOCKS;INCOMING_REFERENCE;UNWIND_EHANDLER;UNWIND_UHANDLER,INDIRECT_CALL@0x13BC261;INDIRECT_JUMP@0x13B5DD4;UD2@0x14DFF51;LINEAR_BLOCKS@0x13B5D60;INCOMING_REFERENCE@0x13B1B90;UNWIND_EHANDLER@0x13B5D60;UNWIND_UHANDLER@0x13B5D60,7,false
138,21960112,0x14F15B0,22003115,0x14FBDAB,43003,.text,117,35,16820,41938,358.444,43003,41938,1065,6.441642,6.436141,1126,614,512,0.545293,10476,41938,0,0,955,2,2,366,0,366,816,6,129,144,144,0,0,0,0,,0,0,0,0,26,2,0,0,0,3,0,2,2,1,1,0,0,false,false,,INDIRECT_CALL;INDIRECT_JUMP;UD2;LINEAR_BLOCKS;INCOMING_REFERENCE;UNWIND_EHANDLER;UNWIND_UHANDLER,INDIRECT_CALL@0x14F1B8B;INDIRECT_JUMP@0x14F163B;UD2@0x14F7051;LINEAR_BLOCKS@0x14F15B0;INCOMING_REFERENCE@0x14F1B10;UNWIND_EHANDLER@0x14F2E70;UNWIND_UHANDLER@0x14F2E70,7,false
139,22011728,0x14FDF50,22030888,0x1502A28,19160,.text,88,40,1583,18356,208.591,19160,18356,804,6.453502,6.481164,456,456,0,1.0,4694,18356,0,0,368,0,1,280,0,280,280,0,88,63,63,1,0,1,1,scripting-gta.dll!?RegisterNativeHandler@ScriptEngine@fx@@SAX_KV?$function@$$A6AXAEAVScriptContext@fx@@@Z@std@@@Z,0,0,0,0,25,0,0,0,0,0,0,0,0,0,0,0,0,false,false,,IAT_CALL;INDIRECT_CALL;INDIRECT_JUMP,IAT_CALL@0x1502999;INDIRECT_CALL@0x14FE04A;INDIRECT_JUMP@0x14FE8F6,3,false
140,22036432,0x1503FD0,22056532,0x1508E54,20100,.text,57,79,9616,19641,344.579,20100,19641,459,6.393618,6.408012,590,309,281,0.523729,4852,19641,0,0,505,3,2,184,0,184,422,6,74,83,83,0,0,0,0,,0,0,0,0,5,0,0,0,0,1,0,0,0,0,0,0,0,false,false,,INDIRECT_CALL;INDIRECT_JUMP;LINEAR_BLOCKS,INDIRECT_CALL@0x150440C;INDIRECT_JUMP@0x150409C;LINEAR_BLOCKS@0x1503FD0,3,false
141,22061248,0x150A0C0,22074742,0x150D576,13494,.text,58,26,535,13000,224.138,13494,13000,494,6.447424,6.48258,325,325,0,1.0,3390,13000,0,0,267,0,1,201,0,201,201,0,66,42,42,2,0,1,1,scripting-gta.dll!?GetNativeHandlerPtr@ScriptEngine@fx@@SAPEAV?$function@$$A6AXAEAVScriptContext@fx@@@Z@std@@_K@Z,0,0,0,0,16,0,0,0,0,0,0,0,0,0,0,0,0,false,false,,IAT_CALL;INDIRECT_CALL;INDIRECT_JUMP,IAT_CALL@0x150A59B;INDIRECT_CALL@0x150A19E;INDIRECT_JUMP@0x150A433,3,false
142,22079136,0x150E6A0,22125400,0x1519B58,46264,.text,81,22,29067,45586,562.79,46264,45586,678,6.350706,6.347614,920,865,55,0.940217,11185,45586,0,0,837,3,2,632,0,632,682,7,144,73,73,0,0,0,0,,0,0,0,0,14,0,0,0,0,1,0,1,1,0,0,0,0,false,false,,INDIRECT_CALL;INDIRECT_JUMP;LINEAR_BLOCKS;INCOMING_REFERENCE,INDIRECT_CALL@0x150EBA2;INDIRECT_JUMP@0x150E6EA;LINEAR_BLOCKS@0x150E6A0;INCOMING_REFERENCE@0x150EB60,4,false
143,22131776,0x151B440,22208908,0x152E18C,77132,.text,177,56,33733,66261,374.356,77132,66261,10871,6.344768,6.428687,1482,917,565,0.618758,15956,66261,0,0,1288,3,2,551,0,551,1038,8,237,175,175,0,0,0,0,,0,0,0,0,17,0,0,0,0,1,0,0,0,0,0,0,0,false,false,,INDIRECT_CALL;INDIRECT_JUMP;LINEAR_BLOCKS,INDIRECT_CALL@0x151B496;INDIRECT_JUMP@0x151B4D5;LINEAR_BLOCKS@0x1524550,3,false
144,22213840,0x152F4D0,22259153,0x153A5D1,45313,.text,59,87,33626,44939,761.678,45313,44939,374,6.360468,6.35128,884,319,565,0.36086,10848,44939,0,0,807,3,2,187,0,187,673,8,121,66,66,0,0,0,0,,0,0,0,0,8,0,0,0,0,1,0,0,0,0,0,0,0,false,false,,INDIRECT_CALL;INDIRECT_JUMP;LINEAR_BLOCKS,INDIRECT_CALL@0x152F54C;INDIRECT_JUMP@0x152FB2C;LINEAR_BLOCKS@0x1530F30,3,false
145,22263936,0x153B880,22965870,0x15E6E6E,701934,.text,9128,18,54810,366872,40.192,701934,366872,335062,5.450774,5.966535,13596,9497,4099,0.698514,102788,366872,0,0,4157,17,9,168,0,168,3516,168,346,321,321,8,0,2,3,KERNEL32.dll!GetModuleHandleW;KERNEL32.dll!GetProcAddress;api-ms-win-crt-runtime-l1-1-0.dll!_invalid_parameter_noinfo_noreturn,0,0,0,0,9097,49,11,0,0,9,0,21,3,13,13,0,0,false,false,,IAT_CALL;INDIRECT_CALL;INDIRECT_JUMP;UD2;INT3;LINEAR_BLOCKS;INCOMING_REFERENCE;UNWIND_EHANDLER;UNWIND_UHANDLER,IAT_CALL@0x15B4C1A;INDIRECT_CALL@0x15B4C1A;INDIRECT_JUMP@0x15B4E4B;UD2@0x15B4C20;INT3@0x15E6885;LINEAR_BLOCKS@0x15B4D90;INCOMING_REFERENCE@0x153B880;UNWIND_EHANDLER@0x15B4D90;UNWIND_UHANDLER@0x15B4D90,9,false
146,22983024,0x15EB170,23002813,0x15EFEBD,19789,.text,90,22,425,15021,166.9,19789,15021,4768,6.289794,6.461268,435,435,0,1.0,3800,15021,0,0,345,0,1,267,9,276,267,9,78,65,65,0,0,0,0,,0,0,0,0,16,0,0,0,0,0,0,2,2,0,0,0,0,false,false,,INDIRECT_CALL;INDIRECT_JUMP;INCOMING_REFERENCE,INDIRECT_CALL@0x15EC3F8;INDIRECT_JUMP@0x15EC619;INCOMING_REFERENCE@0x15EBF80,3,false
147,23008736,0x15F15E0,23064750,0x15FF0AE,56014,.text,248,40,1800,53870,217.218,56014,53870,2144,6.474317,6.485333,1571,1350,221,0.859325,13558,53870,0,0,1305,9,2,781,0,781,960,26,304,227,227,0,0,0,0,,0,0,0,0,54,0,0,0,0,4,0,0,0,0,0,0,0,false,false,,INDIRECT_CALL;INDIRECT_JUMP;LINEAR_BLOCKS,INDIRECT_CALL@0x15F16D0;INDIRECT_JUMP@0x15F1668;LINEAR_BLOCKS@0x15F15E0,3,false
148,23084464,0x1603DB0,23142463,0x161203F,57999,.text,284,22,525,55188,194.324,57999,55188,2811,6.456275,6.485423,1522,1522,0,1.0,13843,55188,0,0,1252,9,3,870,0,870,870,32,327,225,225,0,0,0,0,,0,0,0,0,68,0,0,0,0,0,0,0,0,0,0,0,0,false,false,,INDIRECT_CALL;INDIRECT_JUMP,INDIRECT_CALL@0x1603E25;INDIRECT_JUMP@0x1603F73,2,false
149,23164256,0x1617560,23223785,0x1625DE9,59529,.text,257,22,1900,56864,221.261,59529,56864,2665,6.429057,6.44213,1664,1383,281,0.83113,14405,56864,0,0,1373,5,2,830,0,830,1061,15,288,255,255,0,0,0,0,,0,0,0,0,45,0,0,0,0,5,0,0,0,0,0,0,0,false,false,,INDIRECT_CALL;INDIRECT_JUMP;LINEAR_BLOCKS,INDIRECT_CALL@0x1617588;INDIRECT_JUMP@0x16176D3;LINEAR_BLOCKS@0x161C120,3,false
150,23244592,0x162AF30,23274297,0x1632339,29705,.text,112,26,2386,28876,257.821,29705,28876,829,6.385613,6.380565,844,609,235,0.721564,7209,28876,0,0,703,3,2,369,0,369,560,9,128,133,133,0,0,0,0,,0,0,0,0,14,0,0,0,0,4,0,0,0,0,0,0,0,false,false,,INDIRECT_CALL;INDIRECT_JUMP;LINEAR_BLOCKS,INDIRECT_CALL@0x162AF8F;INDIRECT_JUMP@0x162B597;LINEAR_BLOCKS@0x162D830,3,false
151,23283456,0x1634700,23322226,0x163DE72,38770,.text,140,27,10471,37345,266.75,38770,37345,1425,6.466994,6.470082,949,708,241,0.746048,9326,37345,0,0,797,1,2,418,0,418,618,3,173,122,122,0,0,0,0,,0,0,0,0,29,4,0,0,0,1,0,0,0,1,1,0,0,false,false,,INDIRECT_CALL;INDIRECT_JUMP;UD2;LINEAR_BLOCKS;UNWIND_EHANDLER;UNWIND_UHANDLER,INDIRECT_CALL@0x16347DC;INDIRECT_JUMP@0x163495B;UD2@0x1637409;LINEAR_BLOCKS@0x1634B00;UNWIND_EHANDLER@0x1634B00;UNWIND_UHANDLER@0x1634B00,6,false
152,23332256,0x16405A0,23354662,0x1645D26,22406,.text,112,53,454,21437,191.402,22406,21437,969,6.447303,6.459507,621,621,0,1.0,5449,21437,0,0,511,2,2,373,0,373,373,7,126,95,95,0,0,0,0,,0,0,0,0,20,0,0,0,0,0,0,0,0,0,0,0,0,false,false,,INDIRECT_CALL;INDIRECT_JUMP,INDIRECT_CALL@0x1640631;INDIRECT_JUMP@0x1640C37,2,false
153,23363792,0x16480D0,23428866,0x1657F02,65074,.text,263,22,4572,62677,238.316,65074,62677,2397,6.453932,6.460307,1773,1428,345,0.805415,16020,62677,0,0,1467,7,2,844,0,844,1130,23,298,251,251,0,0,0,0,,0,0,0,0,71,0,0,0,0,4,0,0,0,0,0,0,0,false,false,,INDIRECT_CALL;INDIRECT_JUMP;LINEAR_BLOCKS,INDIRECT_CALL@0x1648138;INDIRECT_JUMP@0x1648347;LINEAR_BLOCKS@0x1648290,3,false
154,23449136,0x165CE30,23488761,0x16668F9,39625,.text,169,25,2692,38135,225.651,39625,38135,1490,6.402832,6.413331,1158,884,274,0.763385,9773,38135,0,0,953,2,2,532,0,532,756,7,185,178,178,0,0,0,0,,0,0,0,0,32,0,0,0,0,4,0,0,0,0,0,0,0,false,false,,INDIRECT_CALL;INDIRECT_JUMP;LINEAR_BLOCKS,INDIRECT_CALL@0x165CEAD;INDIRECT_JUMP@0x165D048;LINEAR_BLOCKS@0x165E640,3,false
155,23501888,0x1669C40,23751486,0x16A6B3E,249598,.text,830,18,59140,206830,249.193,249598,206830,42768,6.366911,6.38667,5673,1461,4212,0.257536,51134,206830,0,0,4430,29,15,308,3,311,3688,240,330,492,474,21,0,6,9,KERNEL32.dll!GetModuleHandleW;KERNEL32.dll!GetProcAddress;WINMM.dll!timeGetTime;api-ms-win-crt-runtime-l1-1-0.dll!_invalid_parameter_noinfo_noreturn;api-ms-win-crt-string-l1-1-0.dll!_strnicmp;citizen-resources-core.dll!?GetAllEntries@ResourceMetaDataComponent@fx@@QEAA?AV?$map@V?$basic_string@DU?$char_traits@D@std@@V?$allocator@D@2@@std@@V?$vector@V?$basic_string@DU?$char_traits@D@std@@V?$allocator@D@2@@std@@V?$allocator@V?$basic_string@DU?$char_traits@D@std@@V?$allocator@D@2@@std@@@2@@2@U?$less@V?$basic_string@DU?$char_traits@D@std@@V?$allocator@D@2@@std@@@2@V?$allocator@U?$pair@$$CBV?$basic_string@DU?$char_traits@D@std@@V?$allocator@D@2@@std@@V?$vector@V?$basic_string@DU?$char_traits@D@std@@V?$allocator@D@2@@std@@V?$allo;citizen-resources-core.dll!?GlobEntriesVector@ResourceMetaDataComponent@fx@@QEAA?AV?$vector@V?$basic_string@DU?$char_traits@D@std@@V?$allocator@D@2@@std@@V?$allocator@V?$basic_string@DU?$char_traits@D@std@@V?$allocator@D@2@@std@@@2@@std@@AEBV?$basic_string@DU?$char_traits@D@std@@V?$allocator@D@2@@4@@Z;vfs-core.dll!?OpenRead@vfs@@YA?AV?$fwRefContainer@VStream@vfs@@@@AEBV?$basic_string@DU?$char_traits@D@std@@V?$allocator@D@2@@std@@@Z;vfs-core.dll!?ReadToEnd@Stream@vfs@@QEAA?AV?$vector@EV?$allocator@E@std@@@std@@XZ,18,0,18,0,802,52,0,0,48,10,0,36,6,15,15,0,0,false,false,,SYSCALL;IAT_CALL;SWITCH_REJECTED;INDIRECT_CALL;INDIRECT_JUMP;UD2;LINEAR_BLOCKS;INCOMING_REFERENCE;UNWIND_EHANDLER;UNWIND_UHANDLER,SYSCALL@0x167F571;IAT_CALL@0x1675C5A;SWITCH_REJECTED@0x16A28CE;INDIRECT_CALL@0x1675C5A;INDIRECT_JUMP@0x1675D99;UD2@0x1675C60;LINEAR_BLOCKS@0x1675D30;INCOMING_REFERENCE@0x1669C40;UNWIND_EHANDLER@0x1675D30;UNWIND_UHANDLER@0x1675D30,10,false
156,23786368,0x16AF380,23786417,0x16AF3B1,49,.text,1,49,49,49,49.0,49,49,0,4.578896,4.578896,3,3,0,1.0,15,49,0,0,2,0,1,2,1,3,2,1,0,0,0,0,0,0,0,,0,0,0,0,0,0,0,0,0,0,0,0,0,0,0,0,0,false,false,,,,0,false
157,23790576,0x16B03F0,23843553,0x16BD2E1,52977,.text,218,22,7308,44568,204.44,52977,44568,8409,6.377201,6.47266,1295,1126,169,0.869498,11173,44568,0,0,1071,5,2,669,16,685,826,30,222,164,164,0,0,0,0,,0,0,0,0,52,0,0,0,0,1,0,2,2,0,0,0,0,false,false,,INDIRECT_CALL;INDIRECT_JUMP;LINEAR_BLOCKS;INCOMING_REFERENCE,INDIRECT_CALL@0x16B2291;INDIRECT_JUMP@0x16B27E0;LINEAR_BLOCKS@0x16B2710;INCOMING_REFERENCE@0x16B1380,4,false
158,23858608,0x16C0DB0,23946017,0x16D6321,87409,.text,255,22,26124,85059,333.565,87409,85059,2350,6.454115,6.454786,2005,1738,267,0.866833,21058,85059,0,0,1743,10,3,1093,0,1093,1333,31,358,213,213,0,0,0,0,,0,0,0,0,70,0,0,0,0,2,0,0,0,0,0,0,0,false,false,,INDIRECT_CALL;INDIRECT_JUMP;LINEAR_BLOCKS,INDIRECT_CALL@0x16C0EDE;INDIRECT_JUMP@0x16C0E8B;LINEAR_BLOCKS@0x16C0DB0,3,false
159,23965168,0x16DADF0,24039088,0x16ECEB0,73920,.text,122,30,34218,70103,574.615,73920,70103,3817,6.418012,6.417284,1629,665,964,0.408226,17199,70103,0,0,1455,3,7,402,0,402,1239,17,192,145,145,0,0,0,0,,0,0,0,0,21,1,0,0,8,3,0,1,1,1,1,0,0,false,false,,SYSCALL;INDIRECT_CALL;INDIRECT_JUMP;UD2;LINEAR_BLOCKS;INCOMING_REFERENCE;UNWIND_EHANDLER;UNWIND_UHANDLER,SYSCALL@0x16DB2ED;INDIRECT_CALL@0x16DAE3E;INDIRECT_JUMP@0x16DAF9C;UD2@0x16DDB3C;LINEAR_BLOCKS@0x16DB170;INCOMING_REFERENCE@0x16E0500;UNWIND_EHANDLER@0x16DB170;UNWIND_UHANDLER@0x16DB170,8,false
160,24045872,0x16EE930,24067131,0x16F3C3B,21259,.text,84,16,1912,20443,243.369,21259,20443,816,6.397505,6.402973,614,431,183,0.701954,5193,20443,0,0,502,0,2,262,0,262,410,5,84,99,99,0,0,0,0,,0,0,0,0,16,0,0,0,0,4,0,1,1,0,0,0,0,false,false,,INDIRECT_CALL;INDIRECT_JUMP;LINEAR_BLOCKS;INCOMING_REFERENCE,INDIRECT_CALL@0x16EED17;INDIRECT_JUMP@0x16EE9CE;LINEAR_BLOCKS@0x16EE990;INCOMING_REFERENCE@0x16EEBC0,4,false
161,24073792,0x16F5640,24125639,0x17020C7,51847,.text,71,11,33989,51317,722.775,51847,51317,530,6.360174,6.354552,1190,377,813,0.316807,12464,51317,0,0,1088,3,2,222,0,222,941,9,132,86,86,0,0,0,0,,0,0,0,0,10,2,0,0,0,2,0,4,4,0,0,0,0,false,false,,INDIRECT_CALL;INDIRECT_JUMP;UD2;LINEAR_BLOCKS;INCOMING_REFERENCE,INDIRECT_CALL@0x16F5739;INDIRECT_JUMP@0x16F58CF;UD2@0x16F5879;LINEAR_BLOCKS@0x16F5890;INCOMING_REFERENCE@0x16F5640,5,false
162,24130992,0x17035B0,24178263,0x170EE57,47271,.text,70,82,27473,46752,667.886,47271,46752,519,6.358253,6.349595,1025,824,201,0.803902,11434,46752,0,0,945,3,2,614,0,614,799,8,133,76,76,0,0,0,0,,0,0,0,0,9,0,0,0,0,1,0,0,0,0,0,0,0,false,false,,INDIRECT_CALL;INDIRECT_JUMP;LINEAR_BLOCKS,INDIRECT_CALL@0x170364D;INDIRECT_JUMP@0x1703C30;LINEAR_BLOCKS@0x1705000,3,false
163,24184032,0x17104E0,24231301,0x171BD85,47269,.text,59,88,35024,46932,795.458,47269,46932,337,6.371094,6.363518,950,317,633,0.333684,11339,46932,0,0,871,3,2,185,0,185,737,8,121,66,66,0,0,0,0,,0,0,0,0,8,0,0,0,0,1,0,0,0,0,0,0,0,false,false,,INDIRECT_CALL;INDIRECT_JUMP;LINEAR_BLOCKS,INDIRECT_CALL@0x17105A0;INDIRECT_JUMP@0x1710726;LINEAR_BLOCKS@0x1711CE0,3,false
164,24235856,0x171CF50,24266618,0x172477A,30762,.text,130,34,348,24413,187.792,30762,24413,6349,6.249927,6.422776,657,657,0,1.0,6057,24413,0,0,527,0,1,391,0,391,391,0,136,115,115,0,0,0,0,,0,0,0,0,15,0,0,0,0,0,0,0,0,0,0,0,0,false,false,,INDIRECT_CALL;INDIRECT_JUMP,INDIRECT_CALL@0x171CFF7;INDIRECT_JUMP@0x171D120,2,false
165,24271808,0x1725BC0,24288091,0x1729B5B,16283,.text,78,78,456,15593,199.91,16283,15593,690,6.431611,6.446983,427,427,0,1.0,3903,15593,0,0,353,2,2,255,0,255,255,7,86,67,67,0,0,0,0,,0,0,0,0,12,0,0,0,0,0,0,0,0,0,0,0,0,false,false,,INDIRECT_CALL;INDIRECT_JUMP,INDIRECT_CALL@0x1725C93;INDIRECT_JUMP@0x1726274,2,false
166,24294240,0x172B360,24410514,0x1747992,116274,.text,1190,18,3988,75125,63.13,116274,75125,41149,5.979021,6.39119,3008,2898,110,0.963431,20500,75125,0,0,2214,74,5,861,5,866,945,530,296,188,188,11,0,2,3,KERNEL32.dll!GetModuleHandleW;KERNEL32.dll!GetProcAddress;api-ms-win-crt-runtime-l1-1-0.dll!_invalid_parameter_noinfo_noreturn,0,0,0,0,1018,31,0,0,0,2,0,36,15,17,17,0,0,false,false,,IAT_CALL;INDIRECT_CALL;INDIRECT_JUMP;UD2;LINEAR_BLOCKS;INCOMING_REFERENCE;UNWIND_EHANDLER;UNWIND_UHANDLER,IAT_CALL@0x173A8C5;INDIRECT_CALL@0x1738966;INDIRECT_JUMP@0x1738ECF;UD2@0x17389CD;LINEAR_BLOCKS@0x1738E20;INCOMING_REFERENCE@0x172B360;UNWIND_EHANDLER@0x1738890;UNWIND_UHANDLER@0x1738890,8,false
167,24427104,0x174BA60,24506021,0x175EEA5,78917,.text,153,18,29959,69441,453.863,78917,69441,9476,6.447884,6.444301,2231,981,1250,0.439713,17227,69441,0,0,2022,36,12,486,5,491,1525,185,171,265,265,6,0,3,5,KERNEL32.dll!GetModuleHandleW;KERNEL32.dll!GetProcAddress;KERNEL32.dll!VirtualProtect;WINMM.dll!timeGetTime;api-ms-win-crt-runtime-l1-1-0.dll!_invalid_parameter_noinfo_noreturn,0,0,0,0,73,3,0,0,24,4,0,5,4,5,5,0,0,false,false,0x1754520:nop_write_helper,DOC_ANCHOR;SYSCALL;IAT_CALL;INDIRECT_CALL;INDIRECT_JUMP;UD2;LINEAR_BLOCKS;INCOMING_REFERENCE;UNWIND_EHANDLER;UNWIND_UHANDLER,DOC_ANCHOR@0x1754520;SYSCALL@0x174C3D7;IAT_CALL@0x1754577;INDIRECT_CALL@0x174BFBA;INDIRECT_JUMP@0x174C1F2;UD2@0x17536BC;LINEAR_BLOCKS@0x174C190;INCOMING_REFERENCE@0x174BA60;UNWIND_EHANDLER@0x174C190;UNWIND_UHANDLER@0x174C190,10,false
168,24515344,0x1761310,24537910,0x1766B36,22566,.text,95,24,1215,21707,228.495,22566,21707,859,6.441532,6.454036,647,565,82,0.873261,5381,21707,0,0,551,5,2,338,0,338,410,16,114,77,77,0,0,0,0,,0,0,0,0,30,0,0,0,0,2,0,1,1,0,0,0,0,false,false,,INDIRECT_CALL;INDIRECT_JUMP;LINEAR_BLOCKS;INCOMING_REFERENCE,INDIRECT_CALL@0x1761832;INDIRECT_JUMP@0x1761354;LINEAR_BLOCKS@0x1761310;INCOMING_REFERENCE@0x17617E0,4,false
169,24544672,0x17685A0,24613512,0x1779288,68840,.text,494,18,8537,52793,106.868,68840,52793,16047,6.231217,6.382761,2342,2220,122,0.947908,13941,52793,0,0,2776,138,119,758,2,760,923,1218,161,67,60,23,0,3,7,KERNEL32.dll!GetModuleHandleW;KERNEL32.dll!GetProcAddress;api-ms-win-crt-convert-l1-1-0.dll!strtod;api-ms-win-crt-convert-l1-1-0.dll!strtoll;api-ms-win-crt-convert-l1-1-0.dll!strtoull;api-ms-win-crt-runtime-l1-1-0.dll!_errno;api-ms-win-crt-runtime-l1-1-0.dll!_invalid_parameter_noinfo_noreturn,7,4,3,401,435,19,0,0,0,4,0,14,8,11,11,0,0,false,false,,IAT_CALL;JUMP_TABLE;SWITCH_REJECTED;INDIRECT_CALL;INDIRECT_JUMP;UD2;LINEAR_BLOCKS;INCOMING_REFERENCE;UNWIND_EHANDLER;UNWIND_UHANDLER,IAT_CALL@0x176D6DB;JUMP_TABLE@0x176F921;SWITCH_REJECTED@0x176F921;INDIRECT_CALL@0x176C8C8;INDIRECT_JUMP@0x176C85D;UD2@0x176D02C;LINEAR_BLOCKS@0x176C800;INCOMING_REFERENCE@0x17685A0;UNWIND_EHANDLER@0x176C800;UNWIND_UHANDLER@0x176C800,10,false
170,24618928,0x177A7B0,24662399,0x178517F,43471,.text,206,26,696,41540,201.65,43471,41540,1931,6.456792,6.480696,1135,1135,0,1.0,10552,41540,0,0,936,7,2,676,0,676,676,19,229,167,167,0,0,0,0,,0,0,0,0,44,0,0,0,0,0,0,0,0,0,0,0,0,false,false,,INDIRECT_CALL;INDIRECT_JUMP,INDIRECT_CALL@0x177A825;INDIRECT_JUMP@0x177AA8A,2,false
171,24678784,0x1789180,24761249,0x179D3A1,82465,.text,15,18,62646,82306,5487.067,82465,82306,159,6.277345,6.273651,2064,241,1823,0.116764,19965,82306,0,0,1984,15,25,38,1,39,1536,184,95,189,189,2,0,1,1,api-ms-win-crt-runtime-l1-1-0.dll!_invalid_parameter_noinfo_noreturn,0,0,0,0,19,6,0,0,0,2,0,3,2,2,2,0,0,false,false,,IAT_CALL;INDIRECT_CALL;INDIRECT_JUMP;UD2;LINEAR_BLOCKS;INCOMING_REFERENCE;UNWIND_EHANDLER;UNWIND_UHANDLER,IAT_CALL@0x178920A;INDIRECT_CALL@0x178920A;INDIRECT_JUMP@0x17892BE;UD2@0x1789210;LINEAR_BLOCKS@0x1789230;INCOMING_REFERENCE@0x1789180;UNWIND_EHANDLER@0x1789230;UNWIND_UHANDLER@0x1789230,8,false
172,24767184,0x179EAD0,24800209,0x17A6BD1,33025,.text,175,22,428,30801,176.006,33025,30801,2224,6.455633,6.49117,901,901,0,1.0,7759,30801,0,0,735,6,3,521,1,522,521,19,184,146,146,0,0,0,0,,0,0,0,0,31,0,0,0,0,0,0,1,1,0,0,0,0,false,false,,INDIRECT_CALL;INDIRECT_JUMP;INCOMING_REFERENCE,INDIRECT_CALL@0x179EE6A;INDIRECT_JUMP@0x179F137;INCOMING_REFERENCE@0x179EE00,3,false
173,24813440,0x17A9F80,24910992,0x17C1C90,97552,.text,259,18,78883,86397,333.579,97552,86397,11155,6.248767,6.223867,1765,272,1493,0.154108,21161,86397,0,0,1393,0,1,11,0,11,1242,7,143,85,85,0,0,0,0,,0,0,0,0,257,2,0,0,0,2,0,2,0,1,1,0,0,false,false,,INDIRECT_CALL;INDIRECT_JUMP;UD2;LINEAR_BLOCKS;INCOMING_REFERENCE;UNWIND_EHANDLER;UNWIND_UHANDLER,INDIRECT_CALL@0x17ADD00;INDIRECT_JUMP@0x17ADE08;UD2@0x17C11AC;LINEAR_BLOCKS@0x17ADD60;INCOMING_REFERENCE@0x17A9F80;UNWIND_EHANDLER@0x17ADD60;UNWIND_UHANDLER@0x17ADD60,7,false
174,24922352,0x17C48F0,24988840,0x17D4CA8,66488,.text,259,22,3090,61130,236.023,66488,61130,5358,6.379989,6.405426,1791,1391,400,0.776661,15378,61130,0,0,1482,5,3,852,1,853,1180,17,277,281,281,0,0,0,0,,0,0,0,0,36,0,0,0,0,7,0,0,0,0,0,0,0,false,false,,INDIRECT_CALL;INDIRECT_JUMP;LINEAR_BLOCKS,INDIRECT_CALL@0x17C4A10;INDIRECT_JUMP@0x17C4A98;LINEAR_BLOCKS@0x17CCCD0,3,false
175,25006608,0x17D9210,25051908,0x17E4304,45300,.text,161,18,3265,43899,272.665,45300,43899,1401,6.418835,6.419994,1114,940,174,0.843806,11047,43899,0,0,936,6,2,574,0,574,716,19,190,150,150,0,0,0,0,,0,0,0,0,39,0,0,0,0,3,0,0,0,0,0,0,0,false,false,,INDIRECT_CALL;INDIRECT_JUMP;LINEAR_BLOCKS,INDIRECT_CALL@0x17D9563;INDIRECT_JUMP@0x17D92D8;LINEAR_BLOCKS@0x17D9210,3,false
176,25064496,0x17E7430,26677067,0x1970F4B,1612571,.text,661,18,330380,1599122,2419.247,1612571,1599122,13449,6.367699,6.359629,56527,3139,53388,0.055531,393468,1599122,0,0,49355,40,15,1925,3,1928,46920,706,1301,6763,6761,2,0,1,2,KERNEL32.dll!GetModuleHandleW;KERNEL32.dll!GetProcAddress,2,0,2,0,413,251,0,0,125,73,0,15,3,69,69,0,0,false,false,,SYSCALL;IAT_CALL;SWITCH_REJECTED;INDIRECT_CALL;INDIRECT_JUMP;UD2;LINEAR_BLOCKS;INCOMING_REFERENCE;UNWIND_EHANDLER;UNWIND_UHANDLER,SYSCALL@0x17EC6B1;IAT_CALL@0x1965B7B;SWITCH_REJECTED@0x17EC502;INDIRECT_CALL@0x17EC266;INDIRECT_JUMP@0x17EAF99;UD2@0x183F291;LINEAR_BLOCKS@0x17EAF50;INCOMING_REFERENCE@0x17E7430;UNWIND_EHANDLER@0x17EE7E0;UNWIND_UHANDLER@0x17EE7E0,10,false
177,26681264,0x1971FB0,26685639,0x19730C7,4375,.text,2,55,4315,4370,2185.0,4375,4370,5,5.863361,5.861776,44,44,0,1.0,1129,4370,0,0,42,0,1,38,0,38,38,0,4,0,0,1,0,1,1,WINMM.dll!timeGetTime,0,0,0,0,2,0,0,0,0,0,0,0,0,1,1,0,0,false,false,,IAT_CALL;INDIRECT_CALL;UNWIND_EHANDLER;UNWIND_UHANDLER,IAT_CALL@0x1971FCD;INDIRECT_CALL@0x1971FCD;UNWIND_EHANDLER@0x1971FB0;UNWIND_UHANDLER@0x1971FB0,4,false
178,26783840,0x198B060,26921865,0x19ACB89,138025,.text,190,22,27860,116098,611.042,138025,116098,21927,6.320801,6.335596,2747,1325,1422,0.482344,28907,116098,0,0,2413,15,2,871,19,890,2058,54,301,274,274,0,0,0,0,,0,0,0,0,47,0,0,0,16,11,0,3,3,0,0,0,0,false,false,,SYSCALL;INDIRECT_CALL;INDIRECT_JUMP;LINEAR_BLOCKS;INCOMING_REFERENCE,SYSCALL@0x19A166F;INDIRECT_CALL@0x198FA3B;INDIRECT_JUMP@0x1995E5E;LINEAR_BLOCKS@0x1995E20;INCOMING_REFERENCE@0x198BE20,5,false
179,26932368,0x19AF490,27058552,0x19CE178,126184,.text,178,35,23607,124726,700.708,126184,124726,1458,6.395126,6.38749,3611,971,2640,0.268901,30998,124726,0,0,3151,9,2,561,0,561,2867,39,219,423,423,0,0,0,0,,0,0,0,0,49,1,0,0,40,11,0,0,0,1,1,0,0,false,false,,SYSCALL;INDIRECT_CALL;INDIRECT_JUMP;UD2;LINEAR_BLOCKS;UNWIND_EHANDLER;UNWIND_UHANDLER,SYSCALL@0x19B08A5;INDIRECT_CALL@0x19AF6B5;INDIRECT_JUMP@0x19AF56A;UD2@0x19CA6E1;LINEAR_BLOCKS@0x19AF490;UNWIND_EHANDLER@0x19C5280;UNWIND_UHANDLER@0x19C5280,7,false
180,27072576,0x19D1840,27115804,0x19DC11C,43228,.text,96,16,11662,39723,413.781,43228,39723,3505,6.495066,6.516177,1187,555,632,0.467565,9734,39723,0,0,1017,9,2,317,0,317,845,30,122,154,154,0,0,0,0,,0,0,0,0,30,2,0,0,0,5,0,2,2,1,1,0,0,false,false,,INDIRECT_CALL;INDIRECT_JUMP;UD2;LINEAR_BLOCKS;INCOMING_REFERENCE;UNWIND_EHANDLER;UNWIND_UHANDLER,INDIRECT_CALL@0x19D332A;INDIRECT_JUMP@0x19D18B0;UD2@0x19D520E;LINEAR_BLOCKS@0x19D1860;INCOMING_REFERENCE@0x19D5710;UNWIND_EHANDLER@0x19D2460;UNWIND_UHANDLER@0x19D2460,7,false
181,27120864,0x19DD4E0,28319822,0x1B0204E,1198958,.text,12475,16,76435,721953,57.872,1198958,721953,477005,5.754872,6.155994,25390,13073,12317,0.514888,194676,721953,0,0,11111,1,15,521,2,523,10722,62,317,1708,1690,0,0,0,0,,18,0,18,0,12461,11,0,0,328,46,0,154,11,4,4,0,0,false,false,,SYSCALL;SWITCH_REJECTED;INDIRECT_CALL;INDIRECT_JUMP;UD2;LINEAR_BLOCKS;INCOMING_REFERENCE;UNWIND_EHANDLER;UNWIND_UHANDLER,SYSCALL@0x19DFC31;SWITCH_REJECTED@0x1AFF5BE;INDIRECT_CALL@0x19DD55F;INDIRECT_JUMP@0x19DD516;UD2@0x1A3BE46;LINEAR_BLOCKS@0x19DD4E0;INCOMING_REFERENCE@0x19DD4E0;UNWIND_EHANDLER@0x1A29380;UNWIND_UHANDLER@0x1A29380,9,false
182,28324720,0x1B03370,28416465,0x1B199D1,91745,.text,31,22,28490,88700,2861.29,91745,88700,3045,6.339524,6.311234,1963,538,1425,0.27407,21317,88700,0,0,1734,2,15,421,4,425,1546,69,91,196,178,6,0,2,3,KERNEL32.dll!GetModuleHandleW;KERNEL32.dll!GetProcAddress;api-ms-win-crt-runtime-l1-1-0.dll!_invalid_parameter_noinfo_noreturn,18,0,18,0,24,10,0,0,56,7,0,4,4,6,6,0,0,false,false,,SYSCALL;IAT_CALL;SWITCH_REJECTED;INDIRECT_CALL;INDIRECT_JUMP;UD2;LINEAR_BLOCKS;INCOMING_REFERENCE;UNWIND_EHANDLER;UNWIND_UHANDLER,SYSCALL@0x1B0B927;IAT_CALL@0x1B0A87B;SWITCH_REJECTED@0x1B16F4E;INDIRECT_CALL@0x1B03741;INDIRECT_JUMP@0x1B0A8DE;UD2@0x1B0A881;LINEAR_BLOCKS@0x1B0A890;INCOMING_REFERENCE@0x1B16400;UNWIND_EHANDLER@0x1B0B3A0;UNWIND_UHANDLER@0x1B0B3A0,10,false
183,28422768,0x1B1B270,28793223,0x1B75987,370455,.text,313,16,305125,354200,1131.629,370455,354200,16255,6.325159,6.292747,5888,735,5153,0.12483,87303,354200,0,0,5376,15,35,243,12,255,4487,164,591,192,192,3,0,2,2,WINMM.dll!timeGetTime;api-ms-win-crt-runtime-l1-1-0.dll!_invalid_parameter_noinfo_noreturn,0,0,0,0,299,7,0,0,20,2,0,10,4,3,3,0,0,false,false,,SYSCALL;IAT_CALL;INDIRECT_CALL;INDIRECT_JUMP;UD2;LINEAR_BLOCKS;INCOMING_REFERENCE;UNWIND_EHANDLER;UNWIND_UHANDLER,SYSCALL@0x1B28A35;IAT_CALL@0x1B1B291;INDIRECT_CALL@0x1B1B291;INDIRECT_JUMP@0x1B2183B;UD2@0x1B1BD17;LINEAR_BLOCKS@0x1B217A0;INCOMING_REFERENCE@0x1B1C780;UNWIND_EHANDLER@0x1B1B270;UNWIND_UHANDLER@0x1B1B270,9,false
184,28815344,0x1B7AFF0,29565360,0x1C321B0,750016,.text,292,22,632553,746048,2554.959,750016,746048,3968,6.345227,6.335567,12605,1664,10941,0.132011,181836,746048,0,0,11538,19,2,957,2,959,9978,64,1457,660,660,0,0,0,0,,0,0,0,0,101,0,0,0,56,13,0,0,0,0,0,0,0,false,false,,SYSCALL;INDIRECT_CALL;INDIRECT_JUMP;LINEAR_BLOCKS,SYSCALL@0x1B7E4A8;INDIRECT_CALL@0x1B7B96B;INDIRECT_JUMP@0x1B7B6B1;LINEAR_BLOCKS@0x1B7B620,4,false
185,29587984,0x1C37A10,29762838,0x1C62516,174854,.text,95,22,100036,173929,1830.832,174854,173929,925,6.334305,6.323867,3981,457,3524,0.114795,43608,173929,0,0,3447,3,2,270,0,270,3312,10,121,440,440,0,0,0,0,,0,0,0,0,14,18,0,0,0,3,0,0,0,2,2,0,0,false,false,,INDIRECT_CALL;INDIRECT_JUMP;UD2;LINEAR_BLOCKS;UNWIND_EHANDLER;UNWIND_UHANDLER,INDIRECT_CALL@0x1C37A74;INDIRECT_JUMP@0x1C37B90;UD2@0x1C50411;LINEAR_BLOCKS@0x1C37D20;UNWIND_EHANDLER@0x1C37D20;UNWIND_UHANDLER@0x1C37D20,6,false
186,29768736,0x1C63C20,29956515,0x1C919A3,187779,.text,1676,18,30506,105000,62.649,187779,105000,82779,5.818124,6.216567,3783,2395,1388,0.633095,28447,105000,0,0,2128,49,11,335,7,342,1504,274,141,238,238,10,0,2,3,KERNEL32.dll!GetModuleHandleW;KERNEL32.dll!GetProcAddress;api-ms-win-crt-runtime-l1-1-0.dll!_invalid_parameter_noinfo_noreturn,0,0,0,0,1593,23,0,0,0,4,0,27,9,8,8,0,0,false,false,,IAT_CALL;INDIRECT_CALL;INDIRECT_JUMP;UD2;LINEAR_BLOCKS;INCOMING_REFERENCE;UNWIND_EHANDLER;UNWIND_UHANDLER,IAT_CALL@0x1C7E069;INDIRECT_CALL@0x1C7E069;INDIRECT_JUMP@0x1C7E193;UD2@0x1C7E067;LINEAR_BLOCKS@0x1C7E220;INCOMING_REFERENCE@0x1C63C20;UNWIND_EHANDLER@0x1C7E090;UNWIND_UHANDLER@0x1C7E090,8,false
187,29962800,0x1C93230,30237014,0x1CD6156,274214,.text,296,18,252950,262560,887.027,274214,262560,11654,6.307511,6.260356,7476,538,6938,0.071964,64039,262560,0,0,6423,26,5,75,1,76,5971,189,108,850,850,9,0,1,1,api-ms-win-crt-runtime-l1-1-0.dll!_invalid_parameter_noinfo_noreturn,0,0,0,0,276,42,0,0,136,1,0,6,2,3,3,0,0,false,false,,SYSCALL;IAT_CALL;INDIRECT_CALL;INDIRECT_JUMP;UD2;LINEAR_BLOCKS;INCOMING_REFERENCE;UNWIND_EHANDLER;UNWIND_UHANDLER,SYSCALL@0x1C96EE5;IAT_CALL@0x1CA0666;INDIRECT_CALL@0x1C97362;INDIRECT_JUMP@0x1C96DB1;UD2@0x1CA066C;LINEAR_BLOCKS@0x1C96D10;INCOMING_REFERENCE@0x1C93230;UNWIND_EHANDLER@0x1C96D10;UNWIND_UHANDLER@0x1C96D10,9,false
188,30243840,0x1CD7C00,30525683,0x1D1C8F3,281843,.text,1303,18,168113,221767,170.197,281843,221767,60076,6.265477,6.333351,6158,1602,4556,0.260149,55540,221767,0,0,4366,21,6,146,0,146,3937,143,166,540,540,4,0,1,1,api-ms-win-crt-runtime-l1-1-0.dll!_invalid_parameter_noinfo_noreturn,0,0,0,0,1262,55,0,0,34,5,0,3,2,7,7,0,0,false,false,,SYSCALL;IAT_CALL;INDIRECT_CALL;INDIRECT_JUMP;UD2;LINEAR_BLOCKS;INCOMING_REFERENCE;UNWIND_EHANDLER;UNWIND_UHANDLER,SYSCALL@0x1CEBCE8;IAT_CALL@0x1D19193;INDIRECT_CALL@0x1CECC1B;INDIRECT_JUMP@0x1CEBB15;UD2@0x1CED751;LINEAR_BLOCKS@0x1CEBAC0;INCOMING_REFERENCE@0x1CD7C00;UNWIND_EHANDLER@0x1CEBAC0;UNWIND_UHANDLER@0x1CEBAC0,9,false
189,30537408,0x1D1F6C0,30601000,0x1D2EF28,63592,.text,103,22,42880,62245,604.32,63592,62245,1347,6.414063,6.399466,1525,474,1051,0.31082,15449,62245,0,0,1297,0,1,279,3,282,1182,3,115,187,187,0,0,0,0,,0,0,0,0,19,8,0,0,0,2,0,0,0,2,2,0,0,false,false,,INDIRECT_CALL;INDIRECT_JUMP;UD2;LINEAR_BLOCKS;UNWIND_EHANDLER;UNWIND_UHANDLER,INDIRECT_CALL@0x1D1FB34;INDIRECT_JUMP@0x1D1F9CB;UD2@0x1D2A611;LINEAR_BLOCKS@0x1D1FE70;UNWIND_EHANDLER@0x1D1FE70;UNWIND_UHANDLER@0x1D1FE70,6,false
190,30607216,0x1D30770,31039088,0x1D99E70,431872,.text,2575,18,170435,319954,124.254,431872,319954,111918,6.061547,6.197398,11038,3400,7638,0.308027,78907,319954,0,0,7797,135,8,133,8,141,6307,672,281,1122,1122,1,0,1,1,api-ms-win-crt-runtime-l1-1-0.dll!_invalid_parameter_noinfo_noreturn,0,0,0,0,2535,38,0,0,208,6,0,12,1,7,7,0,0,false,false,,SYSCALL;IAT_CALL;INDIRECT_CALL;INDIRECT_JUMP;UD2;LINEAR_BLOCKS;INCOMING_REFERENCE;UNWIND_EHANDLER;UNWIND_UHANDLER,SYSCALL@0x1D30A39;IAT_CALL@0x1D99E68;INDIRECT_CALL@0x1D31570;INDIRECT_JUMP@0x1D307C3;UD2@0x1D33F2C;LINEAR_BLOCKS@0x1D30770;INCOMING_REFERENCE@0x1D3F390;UNWIND_EHANDLER@0x1D30770;UNWIND_UHANDLER@0x1D30770,9,false
191,31043328,0x1D9AF00,31190907,0x1DBEF7B,147579,.text,129,18,38824,144632,1121.178,147579,144632,2947,6.280693,6.254179,4798,872,3926,0.181742,34211,144632,0,0,4430,95,6,141,8,149,3290,551,146,608,608,24,0,3,5,CFGMGR32.dll!CM_Get_Device_Interface_ListW;CFGMGR32.dll!CM_Get_Device_Interface_List_SizeW;api-ms-win-crt-heap-l1-1-0.dll!free;api-ms-win-crt-heap-l1-1-0.dll!malloc;api-ms-win-crt-runtime-l1-1-0.dll!_invalid_parameter_noinfo_noreturn,0,0,0,0,110,60,0,0,80,7,0,11,9,15,15,0,0,false,false,,SYSCALL;IAT_CALL;INDIRECT_CALL;INDIRECT_JUMP;UD2;LINEAR_BLOCKS;INCOMING_REFERENCE;UNWIND_EHANDLER;UNWIND_UHANDLER,SYSCALL@0x1D9D882;IAT_CALL@0x1D9E189;INDIRECT_CALL@0x1D9BDC5;INDIRECT_JUMP@0x1D9BD4B;UD2@0x1D9D32C;LINEAR_BLOCKS@0x1D9BCB0;INCOMING_REFERENCE@0x1D9AFC0;UNWIND_EHANDLER@0x1D9BCB0;UNWIND_UHANDLER@0x1D9BCB0,9,false
192,31197968,0x1DC0B10,31279802,0x1DD4ABA,81834,.text,265,22,16733,77595,292.811,81834,77595,4239,6.410271,6.414221,2217,1379,838,0.622012,19433,77595,0,0,1848,4,2,819,2,821,1520,18,302,324,324,2,0,1,2,api-ms-win-crt-heap-l1-1-0.dll!free;api-ms-win-crt-heap-l1-1-0.dll!malloc,0,0,0,0,48,2,0,0,0,9,0,0,0,1,1,0,0,false,false,,IAT_CALL;INDIRECT_CALL;INDIRECT_JUMP;UD2;LINEAR_BLOCKS;UNWIND_EHANDLER;UNWIND_UHANDLER,IAT_CALL@0x1DC11CC;INDIRECT_CALL@0x1DC11CC;INDIRECT_JUMP@0x1DC1664;UD2@0x1DC6561;LINEAR_BLOCKS@0x1DC15A0;UNWIND_EHANDLER@0x1DC23E0;UNWIND_UHANDLER@0x1DC23E0,7,false
193,31300576,0x1DD9BE0,31527696,0x1E11310,227120,.text,1124,16,101653,184937,164.535,227120,184937,42183,6.172123,6.226083,5956,1451,4505,0.24362,46828,184937,0,0,4400,34,6,103,0,103,3819,193,223,558,558,3,0,2,2,api-ms-win-crt-heap-l1-1-0.dll!free;api-ms-win-crt-runtime-l1-1-0.dll!_invalid_parameter_noinfo_noreturn,0,0,0,0,1097,39,0,0,72,12,0,19,2,12,12,0,0,false,false,,SYSCALL;IAT_CALL;INDIRECT_CALL;INDIRECT_JUMP;UD2;LINEAR_BLOCKS;INCOMING_REFERENCE;UNWIND_EHANDLER;UNWIND_UHANDLER,SYSCALL@0x1DD9DB4;IAT_CALL@0x1DEC029;INDIRECT_CALL@0x1DDA7E9;INDIRECT_JUMP@0x1DD9C29;UD2@0x1DEE25C;LINEAR_BLOCKS@0x1DD9BE0;INCOMING_REFERENCE@0x1DDBC00;UNWIND_EHANDLER@0x1DEAA50;UNWIND_UHANDLER@0x1DEAA50,9,false
194,31538960,0x1E13F10,31644944,0x1E2DD10,105984,.text,353,22,18620,102118,289.286,105984,102118,3866,6.46987,6.471882,2658,2063,595,0.776147,25383,102118,0,0,2260,23,3,1219,3,1222,1720,68,436,338,338,0,0,0,0,,0,0,0,0,88,2,0,0,0,5,0,0,0,1,1,0,0,false,false,,INDIRECT_CALL;INDIRECT_JUMP;UD2;LINEAR_BLOCKS;UNWIND_EHANDLER;UNWIND_UHANDLER,INDIRECT_CALL@0x1E14493;INDIRECT_JUMP@0x1E143E4;UD2@0x1E19A81;LINEAR_BLOCKS@0x1E14310;UNWIND_EHANDLER@0x1E151A0;UNWIND_UHANDLER@0x1E151A0,6,false
195,31673552,0x1E34CD0,31725575,0x1E41807,52023,.text,123,16,17604,50985,414.512,52023,50985,1038,6.39939,6.389832,1504,682,822,0.453457,12908,50985,0,0,1287,8,2,389,0,389,1085,32,150,197,197,0,0,0,0,,0,0,0,0,35,2,0,0,0,7,0,2,2,1,1,0,0,false,false,,INDIRECT_CALL;INDIRECT_JUMP;UD2;LINEAR_BLOCKS;INCOMING_REFERENCE;UNWIND_EHANDLER;UNWIND_UHANDLER,INDIRECT_CALL@0x1E3570F;INDIRECT_JUMP@0x1E34D27;UD2@0x1E3B121;LINEAR_BLOCKS@0x1E34DD0;INCOMING_REFERENCE@0x1E34D90;UNWIND_EHANDLER@0x1E36C30;UNWIND_UHANDLER@0x1E36C30,7,false
196,31735216,0x1E43DB0,31791623,0x1E51A07,56407,.text,275,40,2984,53938,196.138,56407,53938,2469,6.443106,6.460439,1498,1498,0,1.0,13281,53938,0,0,1233,10,2,896,0,896,896,22,303,246,246,0,0,0,0,,0,0,0,0,31,0,0,0,0,0,0,0,0,0,0,0,0,false,false,,INDIRECT_CALL;INDIRECT_JUMP,INDIRECT_CALL@0x1E43DF9;INDIRECT_JUMP@0x1E44020,2,false
197,31814096,0x1E571D0,31872959,0x1E657BF,58863,.text,161,21,16967,57349,356.205,58863,57349,1514,6.422176,6.418195,1602,902,700,0.563046,14429,57349,0,0,1365,6,2,535,0,535,1131,19,203,210,210,0,0,0,0,,0,0,0,0,34,2,0,0,0,5,0,0,0,1,1,0,0,false,false,,INDIRECT_CALL;INDIRECT_JUMP;UD2;LINEAR_BLOCKS;UNWIND_EHANDLER;UNWIND_UHANDLER,INDIRECT_CALL@0x1E572B3;INDIRECT_JUMP@0x1E57698;UD2@0x1E5C941;LINEAR_BLOCKS@0x1E575D0;UNWIND_EHANDLER@0x1E586D0;UNWIND_UHANDLER@0x1E586D0,6,false
198,31886080,0x1E68B00,31916702,0x1E7029E,30622,.text,116,32,2866,29729,256.284,30622,29729,893,6.415291,6.416554,838,645,193,0.76969,7420,29729,0,0,705,7,2,372,0,372,528,23,139,122,122,0,0,0,0,,0,0,0,0,26,0,0,0,0,3,0,0,0,0,0,0,0,false,false,,INDIRECT_CALL;INDIRECT_JUMP;LINEAR_BLOCKS,INDIRECT_CALL@0x1E68D49;INDIRECT_JUMP@0x1E68B54;LINEAR_BLOCKS@0x1E68B60,3,false
199,31925792,0x1E72620,31968872,0x1E7CE68,43080,.text,203,26,1833,41428,204.079,43080,41428,1652,6.463026,6.47365,1124,1124,0,1.0,10263,41428,0,0,932,7,2,668,0,668,668,21,229,169,169,0,0,0,0,,0,0,0,0,37,0,0,0,0,0,0,0,0,0,0,0,0,false,false,,INDIRECT_CALL;INDIRECT_JUMP,INDIRECT_CALL@0x1E726DA;INDIRECT_JUMP@0x1E72FE8,2,false
200,31985200,0x1E80E30,32371506,0x1EDF332,386306,.text,1664,18,173137,306502,184.196,386306,306502,79804,6.234462,6.284692,9755,2130,7625,0.21835,75957,306502,0,0,7147,57,8,120,0,120,6326,309,243,1123,1123,4,0,1,1,api-ms-win-crt-runtime-l1-1-0.dll!_invalid_parameter_noinfo_noreturn,0,0,0,0,1596,78,0,0,96,2,0,33,1,7,7,0,0,false,false,,SYSCALL;IAT_CALL;INDIRECT_CALL;INDIRECT_JUMP;UD2;LINEAR_BLOCKS;INCOMING_REFERENCE;UNWIND_EHANDLER;UNWIND_UHANDLER,SYSCALL@0x1EB4B4A;IAT_CALL@0x1EB41FD;INDIRECT_CALL@0x1E96031;INDIRECT_JUMP@0x1E93EE6;UD2@0x1EAAE81;LINEAR_BLOCKS@0x1E93E60;INCOMING_REFERENCE@0x1E80E30;UNWIND_EHANDLER@0x1E93E60;UNWIND_UHANDLER@0x1E93E60,9,false
201,32376624,0x1EE0730,32521509,0x1F03D25,144885,.text,1195,18,22784,100982,84.504,144885,100982,43903,5.956454,6.191406,3563,1431,2132,0.401628,26699,100982,0,0,2263,37,5,52,2,54,1780,167,180,229,229,1,0,1,1,api-ms-win-crt-runtime-l1-1-0.dll!_invalid_parameter_noinfo_noreturn,0,0,0,0,1169,32,0,0,24,6,0,1,0,5,5,0,0,false,false,,SYSCALL;IAT_CALL;INDIRECT_CALL;INDIRECT_JUMP;UD2;LINEAR_BLOCKS;INCOMING_REFERENCE;UNWIND_EHANDLER;UNWIND_UHANDLER,SYSCALL@0x1EF3118;IAT_CALL@0x1F035F6;INDIRECT_CALL@0x1EF03EF;INDIRECT_JUMP@0x1EF0341;UD2@0x1EF2B9C;LINEAR_BLOCKS@0x1EF0270;INCOMING_REFERENCE@0x1EE0B60;UNWIND_EHANDLER@0x1EF0270;UNWIND_UHANDLER@0x1EF0270,9,false
202,32529728,0x1F05D40,32567486,0x1F0F0BE,37758,.text,158,22,1653,32207,203.842,37758,32207,5551,6.35299,6.419221,914,813,101,0.889497,8155,32207,0,0,743,1,2,484,5,489,565,14,163,144,144,0,0,0,0,,0,0,0,0,28,0,0,0,0,2,0,2,2,0,0,0,0,false,false,,INDIRECT_CALL;INDIRECT_JUMP;LINEAR_BLOCKS;INCOMING_REFERENCE,INDIRECT_CALL@0x1F06FEA;INDIRECT_JUMP@0x1F07055;LINEAR_BLOCKS@0x1F09200;INCOMING_REFERENCE@0x1F05D40,4,false
203,32579008,0x1F11DC0,32627447,0x1F1DAF7,48439,.text,87,40,12523,47282,543.471,48439,47282,1157,6.325084,6.315417,1266,519,747,0.409953,11906,47282,0,0,1083,3,2,329,0,329,967,9,101,163,163,0,0,0,0,,0,0,0,0,17,0,0,0,16,4,0,0,0,0,0,0,0,false,false,,SYSCALL;INDIRECT_CALL;INDIRECT_JUMP;LINEAR_BLOCKS,SYSCALL@0x1F14DAD;INDIRECT_CALL@0x1F11DF9;INDIRECT_JUMP@0x1F120D4;LINEAR_BLOCKS@0x1F14870,4,false
204,32634880,0x1F1F800,32720789,0x1F34795,85909,.text,390,22,1972,82600,211.795,85909,82600,3309,6.444509,6.457992,2383,2154,229,0.903903,20767,82600,0,0,1974,10,2,1290,0,1290,1476,34,442,355,355,0,0,0,0,,0,0,0,0,76,0,0,0,0,4,0,0,0,0,0,0,0,false,false,,INDIRECT_CALL;INDIRECT_JUMP;LINEAR_BLOCKS,INDIRECT_CALL@0x1F1F872;INDIRECT_JUMP@0x1F1FC14;LINEAR_BLOCKS@0x1F20F90,3,false
205,32752640,0x1F3C400,32792499,0x1F45FB3,39859,.text,174,26,2096,38492,221.218,39859,38492,1367,6.4249,6.432202,1168,996,172,0.85274,9686,38492,0,0,983,10,2,579,0,579,721,34,207,170,170,0,0,0,0,,0,0,0,0,36,0,0,0,0,3,0,0,0,0,0,0,0,false,false,,INDIRECT_CALL;INDIRECT_JUMP;LINEAR_BLOCKS,INDIRECT_CALL@0x1F3C437;INDIRECT_JUMP@0x1F3C91F;LINEAR_BLOCKS@0x1F41B80,3,false
206,32806560,0x1F496A0,33009671,0x1F7B007,203111,.text,572,18,163814,175637,307.058,203111,175637,27474,6.231461,6.195256,4919,662,4257,0.13458,43350,175637,0,0,3852,14,5,16,0,16,3640,71,84,505,505,0,0,0,0,,0,0,0,0,554,20,0,0,88,1,0,19,0,1,1,0,0,false,false,,SYSCALL;INDIRECT_CALL;INDIRECT_JUMP;UD2;LINEAR_BLOCKS;INCOMING_REFERENCE;UNWIND_EHANDLER;UNWIND_UHANDLER,SYSCALL@0x1F52C30;INDIRECT_CALL@0x1F56618;INDIRECT_JUMP@0x1F52800;UD2@0x1F7A72C;LINEAR_BLOCKS@0x1F52720;INCOMING_REFERENCE@0x1F496A0;UNWIND_EHANDLER@0x1F52720;UNWIND_UHANDLER@0x1F52720,8,false
207,33015712,0x1F7C7A0,33162593,0x1FA0561,146881,.text,1271,17,10386,104422,82.157,146881,104422,42459,6.167682,6.347891,5236,4934,302,0.942322,29031,104422,0,0,5378,218,8,1096,26,1122,1315,1908,626,31,30,189,3,5,36,IPHLPAPI.DLL!GetAdaptersInfo;KERNEL32.dll!CloseHandle;KERNEL32.dll!CreateEventW;KERNEL32.dll!CreateIoCompletionPort;KERNEL32.dll!DeleteCriticalSection;KERNEL32.dll!EnterCriticalSection;KERNEL32.dll!FormatMessageA;KERNEL32.dll!FormatMessageW;KERNEL32.dll!GetLastError;KERNEL32.dll!GetQueuedCompletionStatus;KERNEL32.dll!InitializeCriticalSectionAndSpinCount;KERNEL32.dll!LeaveCriticalSection;KERNEL32.dll!LocalFree;KERNEL32.dll!MultiByteToWideChar;KERNEL32.dll!PostQueuedCompletionStatus;KERNEL32.dll!QueueUserAPC;KERNEL32.dll!SetEvent;KERNEL32.dll!SetLastError;KERNEL32.dll!SetWaitableTimer;KERNEL32.dll!SleepEx;KERNEL32.dll!TerminateThread;KERNEL32.dll!WaitForMultipleObjects;KERNEL32.dll!WaitForSingleObject;KERNEL32.dll!WideCharToMultiByte;WS2_32.dll!WSACleanup;WS2_32.dll!WSAGetLastError;WS2_32.dll!WSASetLastError;WS2_32.dll!WSAStartup;WS2_32.dll!WSAStringToAddressW;api-ms-win-crt-heap-l1-1-0.dll!_aligned_free;api-ms-win-crt-heap-l1-1-0.dll!_aligned_malloc;api-ms-win-crt-heap-l1-1-0.dll!free,1,1,0,4,1144,217,0,0,0,5,0,102,101,154,154,0,0,false,false,,IAT_CALL;IAT_JUMP;JUMP_TABLE;SWITCH_REJECTED;INDIRECT_CALL;INDIRECT_JUMP;UD2;LINEAR_BLOCKS;INCOMING_REFERENCE;UNWIND_EHANDLER;UNWIND_UHANDLER,IAT_CALL@0x1F884DC;IAT_JUMP@0x1F8FCD6;JUMP_TABLE@0x1F8B1A3;SWITCH_REJECTED@0x1F8B1A3;INDIRECT_CALL@0x1F884DC;INDIRECT_JUMP@0x1F887EB;UD2@0x1F885BB;LINEAR_BLOCKS@0x1F886E0;INCOMING_REFERENCE@0x1F7C7A0;UNWIND_EHANDLER@0x1F884A0;UNWIND_UHANDLER@0x1F884A0,11,false
208,33170192,0x1FA2310,33207381,0x1FAB455,37189,.text,147,21,6088,32317,219.844,37189,32317,4872,6.364948,6.447643,970,756,214,0.779381,8203,32317,0,0,789,2,2,459,2,461,634,7,147,148,148,0,0,0,0,,0,0,0,0,31,0,0,0,8,1,0,5,5,0,0,0,0,false,false,,SYSCALL;INDIRECT_CALL;INDIRECT_JUMP;LINEAR_BLOCKS;INCOMING_REFERENCE,SYSCALL@0x1FA3140;INDIRECT_CALL@0x1FA29CB;INDIRECT_JUMP@0x1FA2C3E;LINEAR_BLOCKS@0x1FA2C00;INCOMING_REFERENCE@0x1FA25A0,5,false
209,33215104,0x1FAD280,33314895,0x1FC584F,99791,.text,489,22,1251,95581,195.462,99791,95581,4210,6.454704,6.473282,2769,2735,34,0.987721,23969,95581,0,0,2300,21,2,1595,0,1595,1621,62,579,406,406,0,0,0,0,,0,0,0,0,101,0,0,0,0,1,0,0,0,0,0,0,0,false,false,,INDIRECT_CALL;INDIRECT_JUMP;LINEAR_BLOCKS,INDIRECT_CALL@0x1FAD328;INDIRECT_JUMP@0x1FAD533;LINEAR_BLOCKS@0x1FB8AE0,3,false
210,33355376,0x1FCF670,33484920,0x1FEF078,129544,.text,113,18,41924,126059,1115.566,129544,126059,3485,6.304275,6.270083,3860,286,3574,0.074093,30019,126059,0,0,3226,13,5,69,0,69,3003,83,70,557,557,5,0,2,3,api-ms-win-crt-heap-l1-1-0.dll!free;api-ms-win-crt-heap-l1-1-0.dll!malloc;api-ms-win-crt-runtime-l1-1-0.dll!_invalid_parameter_noinfo_noreturn,0,0,0,0,108,16,0,0,96,9,0,5,0,4,4,0,0,false,false,,SYSCALL;IAT_CALL;INDIRECT_CALL;INDIRECT_JUMP;UD2;LINEAR_BLOCKS;INCOMING_REFERENCE;UNWIND_EHANDLER;UNWIND_UHANDLER,SYSCALL@0x1FD0C95;IAT_CALL@0x1FD84BB;INDIRECT_CALL@0x1FD12C3;INDIRECT_JUMP@0x1FD09E8;UD2@0x1FD83CC;LINEAR_BLOCKS@0x1FD0940;INCOMING_REFERENCE@0x1FCF670;UNWIND_EHANDLER@0x1FD0940;UNWIND_UHANDLER@0x1FD0940,9,false
211,33491648,0x1FF0AC0,33623186,0x2010C92,131538,.text,210,21,34534,129655,617.405,131538,129655,1883,6.376914,6.362836,3400,1146,2254,0.337059,32458,129655,0,0,2913,4,2,701,1,702,2614,25,262,442,442,3,0,1,2,api-ms-win-crt-heap-l1-1-0.dll!free;api-ms-win-crt-heap-l1-1-0.dll!malloc,0,0,0,0,37,7,0,0,8,16,0,0,0,3,3,0,0,false,false,,SYSCALL;IAT_CALL;INDIRECT_CALL;INDIRECT_JUMP;UD2;LINEAR_BLOCKS;UNWIND_EHANDLER;UNWIND_UHANDLER,SYSCALL@0x2009201;IAT_CALL@0x2003382;INDIRECT_CALL@0x1FF0C33;INDIRECT_JUMP@0x1FF0FBF;UD2@0x1FF97F1;LINEAR_BLOCKS@0x1FF10E0;UNWIND_EHANDLER@0x1FF10E0;UNWIND_UHANDLER@0x1FF10E0,8,false
212,33640704,0x2015100,33905276,0x2055A7C,264572,.text,1911,16,83191,180525,94.466,264572,180525,84047,5.97291,6.193281,5959,2256,3703,0.378587,46623,180525,0,0,3713,36,9,107,0,107,3202,217,123,465,465,13,0,3,5,KERNEL32.dll!CreateFileW;api-ms-win-crt-heap-l1-1-0.dll!calloc;api-ms-win-crt-heap-l1-1-0.dll!free;api-ms-win-crt-heap-l1-1-0.dll!malloc;api-ms-win-crt-runtime-l1-1-0.dll!_invalid_parameter_noinfo_noreturn,0,0,0,0,1888,35,0,0,88,11,0,38,6,6,6,0,0,false,false,,SYSCALL;IAT_CALL;INDIRECT_CALL;INDIRECT_JUMP;UD2;LINEAR_BLOCKS;INCOMING_REFERENCE;UNWIND_EHANDLER;UNWIND_UHANDLER,SYSCALL@0x2015D37;IAT_CALL@0x2016524;INDIRECT_CALL@0x2015506;INDIRECT_JUMP@0x2015207;UD2@0x2047BAC;LINEAR_BLOCKS@0x20155E0;INCOMING_REFERENCE@0x2015490;UNWIND_EHANDLER@0x2033690;UNWIND_UHANDLER@0x2033690,9,false
213,33910656,0x2056F80,34818456,0x2134998,907800,.text,2825,16,278683,879011,311.154,907800,879011,28789,6.390543,6.380165,34992,21626,13366,0.618027,222352,879011,0,0,41097,1300,95,5437,69,5506,14265,13807,2608,1378,1002,463,6,6,61,KERNEL32.dll!CancelIoEx;KERNEL32.dll!CloseHandle;KERNEL32.dll!CreateIoCompletionPort;KERNEL32.dll!CreateWaitableTimerW;KERNEL32.dll!DeleteCriticalSection;KERNEL32.dll!EnterCriticalSection;KERNEL32.dll!GetLastError;KERNEL32.dll!LeaveCriticalSection;KERNEL32.dll!PostQueuedCompletionStatus;KERNEL32.dll!QueueUserAPC;KERNEL32.dll!SetWaitableTimer;KERNEL32.dll!Sleep;KERNEL32.dll!TerminateThread;KERNEL32.dll!WaitForMultipleObjects;KERNEL32.dll!WaitForSingleObject;KERNEL32.dll!WideCharToMultiByte;MSVCP140.dll!??0?$basic_streambuf@DU?$char_traits@D@std@@@std@@IEAA@XZ;MSVCP140.dll!??0ios_base@std@@IEAA@XZ;MSVCP140.dll!??1?$basic_streambuf@DU?$char_traits@D@std@@@std@@UEAA@XZ;MSVCP140.dll!??1ios_base@std@@UEAA@XZ;MSVCP140.dll!??6?$basic_ostream@DU?$char_traits@D@std@@@std@@QEAAAEAV01@G@Z;MSVCP140.dll!??6?$basic_ostream@DU?$char_traits@D@std@@@std@@QEAAAEAV01@K@Z;MSVCP140.dll!??6?$basic_ostream@DU?$char_traits@D@std@@@std@@QEAAAEAV01@_J@Z;MSVCP140.dll!?clear@?$basic_ios@DU?$char_traits@D@std@@@std@@QEAAXH_N@Z;MSVCP140.dll!?good@ios_base@std@@QEBA_NXZ;MSVCP140.dll!?imbue@?$basic_ios@DU?$char_traits@D@std@@@std@@QEAA?AVlocale@2@AEBV32@@Z;MSVCP140.dll!?init@?$basic_ios@DU?$char_traits@D@std@@@std@@IEAAXPEAV?$basic_streambuf@DU?$char_traits@D@std@@@2@_N@Z;MSVCP140.dll!?sbumpc@?$basic_streambuf@DU?$char_traits@D@std@@@std@@QEAAHXZ;MSVCP140.dll!?sgetc@?$basic_streambuf@DU?$char_traits@D@std@@@std@@QEAAHXZ;WS2_32.dll!WSAAddressToStringW;WS2_32.dll!WSAGetLastError;WS2_32.dll!WSAIoctl,376,20,356,330,1708,1441,1,0,0,83,0,340,319,388,388,0,0,false,false,,IAT_CALL;IAT_JUMP;JUMP_TABLE;SWITCH_REJECTED;INDIRECT_CALL;INDIRECT_JUMP;UD2;INT3;LINEAR_BLOCKS;INCOMING_REFERENCE;UNWIND_EHANDLER;UNWIND_UHANDLER,IAT_CALL@0x2057DD6;IAT_JUMP@0x2060C8E;JUMP_TABLE@0x206AB22;SWITCH_REJECTED@0x2069FEE;INDIRECT_CALL@0x2057285;INDIRECT_JUMP@0x2057045;UD2@0x2057C1A;INT3@0x20EF24F;LINEAR_BLOCKS@0x2069FC0;INCOMING_REFERENCE@0x20571C0;UNWIND_EHANDLER@0x2057B20;UNWIND_UHANDLER@0x2057B20,12,false
214,34823408,0x2135CF0,34823465,0x2135D29,57,.text,1,57,57,57,57.0,57,57,0,4.727284,4.727284,3,3,0,1.0,19,57,0,0,2,0,1,2,1,3,2,1,0,0,0,0,0,0,0,,0,0,0,0,0,0,0,0,0,0,0,0,0,0,0,0,0,false,false,,,,0,false
215,34828336,0x2137030,35411337,0x21C5589,583001,.text,1428,18,439537,477964,334.709,583001,477964,105037,6.19843,6.172683,13804,1532,12272,0.110982,122934,477964,0,0,11115,0,1,104,35,139,11115,35,0,1252,1252,0,0,0,0,,0,0,0,0,1393,0,0,0,0,3,0,28,26,0,0,0,0,false,false,,INDIRECT_JUMP;LINEAR_BLOCKS;INCOMING_REFERENCE,INDIRECT_JUMP@0x2151F85;LINEAR_BLOCKS@0x2151E30;INCOMING_REFERENCE@0x2137030,3,false
216,35416240,0x21C68B0,36544806,0x22DA126,1128566,.text,4120,18,189669,799397,194.028,1128566,799397,329169,6.075337,6.14407,24989,4554,20435,0.18224,210876,799397,0,0,18767,6,4,400,119,519,18656,150,55,2112,2112,0,0,0,0,,0,0,0,0,4001,3,2,0,0,17,0,47,32,1,1,0,0,false,false,,INDIRECT_CALL;INDIRECT_JUMP;UD2;INT3;LINEAR_BLOCKS;INCOMING_REFERENCE;UNWIND_EHANDLER;UNWIND_UHANDLER,INDIRECT_CALL@0x21EA48A;INDIRECT_JUMP@0x21E9A2C;UD2@0x22965EC;INT3@0x22BF497;LINEAR_BLOCKS@0x21E9920;INCOMING_REFERENCE@0x21C68B0;UNWIND_EHANDLER@0x228F690;UNWIND_UHANDLER@0x228F690,8,false
217,36548928,0x22DB140,37014854,0x234CD46,465926,.text,1038,18,120274,367835,354.369,465926,367835,98091,6.130875,6.128225,10742,1215,9527,0.113107,93032,367835,0,0,8840,0,3,168,46,214,8733,52,95,866,866,0,0,0,0,,0,0,0,0,959,33,0,0,0,5,0,3,0,8,8,0,0,false,false,,INDIRECT_CALL;INDIRECT_JUMP;UD2;LINEAR_BLOCKS;INCOMING_REFERENCE;UNWIND_EHANDLER;UNWIND_UHANDLER,INDIRECT_CALL@0x22EDAF3;INDIRECT_JUMP@0x22ECD02;UD2@0x22F359C;LINEAR_BLOCKS@0x22ECBE0;INCOMING_REFERENCE@0x22DB140;UNWIND_EHANDLER@0x22ECBE0;UNWIND_UHANDLER@0x22ECBE0,7,false
218,37023968,0x234F0E0,37197981,0x237989D,174013,.text,1472,18,4572,59066,40.126,174013,59066,114947,5.460216,6.062985,2406,2156,250,0.896093,16766,59066,0,0,916,5,3,534,53,587,736,71,150,115,115,1,0,1,1,KERNEL32.dll!GetCommandLineW,0,0,0,0,1330,3,0,0,0,3,0,11,6,3,3,0,0,false,false,,IAT_CALL;INDIRECT_CALL;INDIRECT_JUMP;UD2;LINEAR_BLOCKS;INCOMING_REFERENCE;UNWIND_EHANDLER;UNWIND_UHANDLER,IAT_CALL@0x237040A;INDIRECT_CALL@0x236F8C8;INDIRECT_JUMP@0x236F88A;UD2@0x23703C9;LINEAR_BLOCKS@0x236F810;INCOMING_REFERENCE@0x2356FB0;UNWIND_EHANDLER@0x236F810;UNWIND_UHANDLER@0x236F810,8,false
219,37206976,0x237BBC0,37236865,0x2383081,29889,.text,117,22,2294,28773,245.923,29889,28773,1116,6.424462,6.430033,700,700,0,1.0,7080,28773,0,0,592,8,2,422,0,422,422,21,137,96,96,1,0,1,1,KERNEL32.dll!GetPrivateProfileStringW,0,0,0,0,24,0,0,0,0,0,0,0,0,0,0,0,0,false,false,,IAT_CALL;INDIRECT_CALL;INDIRECT_JUMP,IAT_CALL@0x237E7B5;INDIRECT_CALL@0x237BC3C;INDIRECT_JUMP@0x237BC94,3,false
220,37246064,0x2385470,37282594,0x238E322,36530,.text,162,38,1669,34942,215.691,36530,34942,1588,6.420589,6.448052,945,945,0,1.0,8902,34942,0,0,791,6,2,564,0,564,564,20,194,122,122,4,0,2,4,api-ms-win-crt-convert-l1-1-0.dll!atoi;api-ms-win-crt-stdio-l1-1-0.dll!_wfopen;api-ms-win-crt-stdio-l1-1-0.dll!fclose;api-ms-win-crt-stdio-l1-1-0.dll!fgets,0,0,0,0,45,0,0,0,0,0,0,0,0,0,0,0,0,false,false,,IAT_CALL;INDIRECT_CALL;INDIRECT_JUMP,IAT_CALL@0x2386930;INDIRECT_CALL@0x23854C8;INDIRECT_JUMP@0x238575E,3,false
221,37295696,0x2391650,39697289,0x25DBB89,2401593,.text,205,18,1279205,2384205,11630.268,2401593,2384205,17388,6.2197,6.20872,63953,3475,60478,0.054337,595247,2384205,0,0,58626,476,28,1788,24,1812,55593,1677,585,6010,5974,4,0,2,3,KERNEL32.dll!GetModuleHandleW;KERNEL32.dll!GetProcAddress;api-ms-win-crt-runtime-l1-1-0.dll!_invalid_parameter_noinfo_noreturn,36,36,0,216,98,105,5,0,0,6,0,5,2,5,5,0,0,false,false,,IAT_CALL;JUMP_TABLE;SWITCH_REJECTED;INDIRECT_CALL;INDIRECT_JUMP;UD2;INT3;LINEAR_BLOCKS;INCOMING_REFERENCE;UNWIND_EHANDLER;UNWIND_UHANDLER,IAT_CALL@0x258E896;JUMP_TABLE@0x23A3BC1;SWITCH_REJECTED@0x23A3BC1;INDIRECT_CALL@0x23927B0;INDIRECT_JUMP@0x23A3BC1;UD2@0x23A3625;INT3@0x239C4E6;LINEAR_BLOCKS@0x239C4B0;INCOMING_REFERENCE@0x2391650;UNWIND_EHANDLER@0x23A8AE0;UNWIND_UHANDLER@0x23A8AE0,11,false
222,39701952,0x25DCDC0,39707321,0x25DE2B9,5369,.text,17,22,57,674,39.647,5369,674,4695,4.582738,5.162295,44,44,0,1.0,212,674,0,0,27,0,1,27,10,37,27,10,0,0,0,0,0,0,0,,0,0,0,0,7,0,0,0,0,0,0,2,2,0,0,0,0,false,false,,INCOMING_REFERENCE,INCOMING_REFERENCE@0x25DE1D0,1,false
223,39724944,0x25E2790,39746502,0x25E7BC6,21558,.text,50,22,59,1875,37.5,21558,1875,19683,4.967391,5.218535,129,129,0,1.0,581,1875,0,0,79,0,1,79,29,108,79,29,0,0,0,0,0,0,0,,0,0,0,0,21,0,0,0,0,0,0,0,0,0,0,0,0,false,false,,,,0,false
224,39759920,0x25EB030,41372729,0x2774C39,1612809,.text,10755,18,143033,895062,83.223,1612809,895062,717747,5.841182,6.145451,29961,13366,16595,0.446113,236024,895062,0,0,18021,409,53,1680,65,1745,16605,1009,44,1653,1644,0,0,0,0,,9,9,0,54,10691,0,0,0,0,6,0,11,1,0,0,0,0,false,false,,JUMP_TABLE;SWITCH_REJECTED;INDIRECT_CALL;INDIRECT_JUMP;LINEAR_BLOCKS;INCOMING_REFERENCE,JUMP_TABLE@0x26BC1AA;SWITCH_REJECTED@0x26BC1AA;INDIRECT_CALL@0x269F1DB;INDIRECT_JUMP@0x2696005;LINEAR_BLOCKS@0x2695F30;INCOMING_REFERENCE@0x25EB030,6,false
225,41376864,0x2775C60,43193189,0x2931365,1816325,.text,5687,16,159339,1388771,244.201,1816325,1388771,427554,6.180297,6.236836,40575,8531,32044,0.210253,356171,1388771,0,0,32182,249,28,1818,111,1929,30358,1027,354,3352,3338,16,0,2,4,KERNEL32.dll!VirtualProtect;api-ms-win-crt-runtime-l1-1-0.dll!_errno;api-ms-win-crt-runtime-l1-1-0.dll!_invalid_parameter_noinfo;api-ms-win-crt-runtime-l1-1-0.dll!_invalid_parameter_noinfo_noreturn,14,0,14,0,5408,32,0,0,104,32,0,39,13,10,10,0,0,false,false,,SYSCALL;IAT_CALL;SWITCH_REJECTED;INDIRECT_CALL;INDIRECT_JUMP;UD2;LINEAR_BLOCKS;INCOMING_REFERENCE;UNWIND_EHANDLER;UNWIND_UHANDLER,SYSCALL@0x29133E6;IAT_CALL@0x291BBBA;SWITCH_REJECTED@0x29131B1;INDIRECT_CALL@0x2784E68;INDIRECT_JUMP@0x27813BC;UD2@0x28BFD3C;LINEAR_BLOCKS@0x2781240;INCOMING_REFERENCE@0x2775C60;UNWIND_EHANDLER@0x28B2760;UNWIND_UHANDLER@0x28B2760,10,false
226,43204560,0x2933FD0,43417215,0x2967E7F,212655,.text,265,16,49354,198957,750.781,212655,198957,13698,6.390566,6.373177,4103,981,3122,0.239093,47460,198957,0,0,3642,24,15,471,4,475,2790,601,133,288,258,16,0,3,5,USER32.dll!RegisterSuspendResumeNotification;api-ms-win-crt-heap-l1-1-0.dll!free;api-ms-win-crt-heap-l1-1-0.dll!malloc;api-ms-win-crt-heap-l1-1-0.dll!realloc;api-ms-win-crt-runtime-l1-1-0.dll!_invalid_parameter_noinfo_noreturn,30,0,30,0,188,12,0,0,232,28,0,12,2,6,6,0,0,false,false,,SYSCALL;IAT_CALL;SWITCH_REJECTED;INDIRECT_CALL;INDIRECT_JUMP;UD2;LINEAR_BLOCKS;INCOMING_REFERENCE;UNWIND_EHANDLER;UNWIND_UHANDLER,SYSCALL@0x2938065;IAT_CALL@0x2935993;SWITCH_REJECTED@0x2939217;INDIRECT_CALL@0x2935993;INDIRECT_JUMP@0x2935E25;UD2@0x2935BEE;LINEAR_BLOCKS@0x2935DE0;INCOMING_REFERENCE@0x2933FD0;UNWIND_EHANDLER@0x29358E0;UNWIND_UHANDLER@0x29358E0,10,false
227,43423808,0x2969840,43684997,0x29A9485,261189,.text,646,16,132272,221877,343.463,261189,221877,39312,6.301893,6.357218,6665,2134,4531,0.32018,54257,221877,0,0,5621,10,4,1166,6,1172,5082,105,363,627,627,4,0,1,2,KERNEL32.dll!GetModuleHandleW;KERNEL32.dll!GetProcAddress,0,0,0,0,429,35,0,0,8,7,0,19,13,6,6,0,0,false,false,,SYSCALL;IAT_CALL;INDIRECT_CALL;INDIRECT_JUMP;UD2;LINEAR_BLOCKS;INCOMING_REFERENCE;UNWIND_EHANDLER;UNWIND_UHANDLER,SYSCALL@0x2989F25;IAT_CALL@0x296ED2B;INDIRECT_CALL@0x296E9F8;INDIRECT_JUMP@0x296E371;UD2@0x297F85C;LINEAR_BLOCKS@0x296E310;INCOMING_REFERENCE@0x2969840;UNWIND_EHANDLER@0x296EC80;UNWIND_UHANDLER@0x296EC80,9,false
228,43695568,0x29ABDD0,44011018,0x29F8E0A,315450,.text,281,22,84365,295189,1050.495,315450,295189,20261,6.329319,6.320584,8461,1021,7440,0.120671,69405,295189,0,0,7621,0,1,592,19,611,7020,104,462,647,647,2,0,1,2,KERNEL32.dll!GetModuleHandleA;KERNEL32.dll!GetProcAddress,0,0,0,0,67,90,0,0,24,4,0,7,7,3,3,0,0,false,false,,SYSCALL;IAT_CALL;INDIRECT_CALL;INDIRECT_JUMP;UD2;LINEAR_BLOCKS;INCOMING_REFERENCE;UNWIND_EHANDLER;UNWIND_UHANDLER,SYSCALL@0x29B4DBC;IAT_CALL@0x29F39DC;INDIRECT_CALL@0x29AFDBA;INDIRECT_JUMP@0x29AFE1C;UD2@0x29C8261;LINEAR_BLOCKS@0x29B2D70;INCOMING_REFERENCE@0x29AC350;UNWIND_EHANDLER@0x29B38D0;UNWIND_UHANDLER@0x29B38D0,9,false
229,44017648,0x29FA7F0,44039293,0x29FFC7D,21645,.text,92,27,1451,18198,197.804,21645,18198,3447,6.309649,6.439883,567,567,0,1.0,4423,18198,0,0,482,4,2,361,1,362,361,16,97,82,82,0,0,0,0,,0,0,0,0,11,0,0,0,0,0,0,1,1,0,0,0,0,false,false,,INDIRECT_CALL;INDIRECT_JUMP;INCOMING_REFERENCE,INDIRECT_CALL@0x29FA813;INDIRECT_JUMP@0x29FA85F;INCOMING_REFERENCE@0x29FC6C0,3,false
230,44044256,0x2A00FE0,44636897,0x2A91AE1,592641,.text,1916,18,13329,491245,256.391,592641,491245,101396,6.579573,6.591756,26926,24745,2181,0.919,123796,491245,0,0,40447,2622,285,3183,30,3213,3490,20463,2546,124,34,364,1,3,63,CRYPT32.dll!CertCloseStore;CRYPT32.dll!CertEnumCertificatesInStore;CRYPT32.dll!CertFreeCertificateContext;CRYPT32.dll!CertGetEnhancedKeyUsage;CRYPT32.dll!CertGetIntendedKeyUsage;CRYPT32.dll!CertOpenSystemStoreA;CRYPT32.dll!CertOpenSystemStoreW;KERNEL32.dll!CloseHandle;KERNEL32.dll!CompareFileTime;KERNEL32.dll!DeleteCriticalSection;KERNEL32.dll!EnterCriticalSection;KERNEL32.dll!FormatMessageW;KERNEL32.dll!GetEnvironmentVariableA;KERNEL32.dll!GetLastError;KERNEL32.dll!GetModuleHandleA;KERNEL32.dll!GetModuleHandleW;KERNEL32.dll!GetProcAddress;KERNEL32.dll!GetSystemDirectoryW;KERNEL32.dll!GetSystemTimeAsFileTime;KERNEL32.dll!GetTickCount;KERNEL32.dll!InitializeCriticalSectionEx;KERNEL32.dll!LeaveCriticalSection;KERNEL32.dll!LoadLibraryW;KERNEL32.dll!MoveFileExW;KERNEL32.dll!MultiByteToWideChar;KERNEL32.dll!QueryPerformanceCounter;KERNEL32.dll!QueryPerformanceFrequency;KERNEL32.dll!SetLastError;KERNEL32.dll!Sleep;KERNEL32.dll!SleepEx;KERNEL32.dll!VerSetConditionMask;KERNEL32.dll!VerifyVersionInfoW,90,46,44,1927,2002,0,0,0,0,72,0,288,279,55,1,0,0,false,false,,IAT_CALL;IAT_JUMP;JUMP_TABLE;SWITCH_REJECTED;INDIRECT_CALL;INDIRECT_JUMP;LINEAR_BLOCKS;INCOMING_REFERENCE;UNWIND_EHANDLER;UNWIND_UHANDLER,IAT_CALL@0x2A15FAB;IAT_JUMP@0x2A2493D;JUMP_TABLE@0x2A16F3D;SWITCH_REJECTED@0x2A16F3D;INDIRECT_CALL@0x2A15FAB;INDIRECT_JUMP@0x2A16F3D;LINEAR_BLOCKS@0x2A16F10;INCOMING_REFERENCE@0x2A00FE0;UNWIND_EHANDLER@0x2A15F00;UNWIND_UHANDLER@0x2A15F00,10,false
231,44641101,0x2A92B4D,44657914,0x2A96CFA,16813,.text,8,592,3045,13150,1643.75,16813,13150,3663,6.497159,6.504003,158,124,34,0.78481,2768,13150,0,0,177,21,10,2,6,8,2,112,0,0,0,0,0,0,0,,0,0,0,0,0,0,0,0,0,8,0,0,0,8,0,0,0,false,false,,LINEAR_BLOCKS;UNWIND_EHANDLER,LINEAR_BLOCKS@0x2A92B4D;UNWIND_EHANDLER@0x2A92B4D,2,false
232,44662352,0x2A97E50,46060397,0x2BED36D,1398045,.text,5614,1,18019,1314462,234.14,1398045,1314462,83583,6.439569,6.434241,80383,73934,6449,0.919772,342969,1313366,1096,247,100600,4293,127,24603,3599,28202,25839,42369,2413,245,245,914,15,16,197,ADVAPI32.dll!DeregisterEventSource;ADVAPI32.dll!RegisterEventSourceW;ADVAPI32.dll!ReportEventW;KERNEL32.dll!AcquireSRWLockExclusive;KERNEL32.dll!AreFileApisANSI;KERNEL32.dll!CloseHandle;KERNEL32.dll!ConvertFiberToThread;KERNEL32.dll!ConvertThreadToFiber;KERNEL32.dll!CreateDirectoryW;KERNEL32.dll!CreateFiber;KERNEL32.dll!CreateSemaphoreExW;KERNEL32.dll!DeleteCriticalSection;KERNEL32.dll!DeleteFiber;KERNEL32.dll!DisableThreadLibraryCalls;KERNEL32.dll!EnterCriticalSection;KERNEL32.dll!ExitProcess;KERNEL32.dll!FindClose;KERNEL32.dll!FindFirstFileW;KERNEL32.dll!FindNextFileW;KERNEL32.dll!FormatMessageA;KERNEL32.dll!FormatMessageW;KERNEL32.dll!FreeLibrary;KERNEL32.dll!GetCommandLineW;KERNEL32.dll!GetConsoleMode;KERNEL32.dll!GetCurrentProcess;KERNEL32.dll!GetCurrentProcessId;KERNEL32.dll!GetCurrentThread;KERNEL32.dll!GetCurrentThreadId;KERNEL32.dll!GetEnvironmentVariableW;KERNEL32.dll!GetFileAttributesW;KERNEL32.dll!GetFileType;KERNEL32.dll!GetFullPathNameW,0,0,0,0,6494,0,367,23,0,312,105,3496,2939,431,473,2163,0,true,false,,ENTRY_POINT;IAT_CALL;IAT_JUMP;INDIRECT_CALL;INDIRECT_JUMP;INT3;TRAP;UNDECODED;LINEAR_BLOCKS;INCOMING_REFERENCE;UNWIND_EHANDLER;UNWIND_UHANDLER;UNWIND_CHAININFO,ENTRY_POINT@0x2AB2770;IAT_CALL@0x2A97E59;IAT_JUMP@0x2A97E8C;INDIRECT_CALL@0x2A97E59;INDIRECT_JUMP@0x2A97E8C;INT3@0x2A98721;TRAP@0x2AB3695;UNDECODED@0x2A9BCC0;LINEAR_BLOCKS@0x2A98486;INCOMING_REFERENCE@0x2A981D0;UNWIND_EHANDLER@0x2A98730;UNWIND_UHANDLER@0x2A97EA0,12,true
233,46064738,0x2BEE462,46064821,0x2BEE4B5,83,.text,1,83,83,83,83.0,83,83,0,4.733297,4.733297,2,2,0,1.0,22,83,0,0,1,0,1,1,0,1,1,0,0,1,1,0,0,0,0,,0,0,0,0,0,0,0,0,0,0,0,0,0,0,0,0,0,false,false,,INDIRECT_JUMP,INDIRECT_JUMP@0x2BEE4B3,1,false
