hit_index,section_name,section_characteristics_hex,raw_offset,raw_offset_hex,rva,rva_hex,va,va_hex,bytes_hex,bytes_ok,in_code,in_data,in_pdata,pdata_function_index,pdata_function_start_rva_hex,pdata_function_end_rva_hex,pdata_function_size,pdata_function_offset,pdata_function_offset_hex,pdata_word_boundary_ok,capstone_checked,capstone_instruction,capstone_instruction_size,capstone_covering_rva_hex,capstone_covering_instruction,capstone_linear_stop_rva_hex,capstone_linear_stop_reason,capstone_candidate_disposition,capstone_boundary_ok,false_positive,false_positive_ok,valid_candidate
0,.text,0x60000020,252756,0x3DB54,255828,0x3E754,6442706772,0x18003E754,0F05,true,true,false,true,781,0x3C8C0,0x3EDD5,9493,7828,0x1E94,true,true,,0,0x3E751,"movzx edx, byte ptr [rdi + rcx + 5]",0x3EDD5,function_end,covered_by_instruction,false,true,false,false
1,.text,0x60000020,374117,0x5B565,377189,0x5C165,6442828133,0x18005C165,0F05,true,true,false,false,,,,,,,false,false,,0,,,,no_pdata_function,no_pdata_function,false,true,false,false
2,.text,0x60000020,696117,0xA9F35,699189,0xAAB35,6443150133,0x1800AAB35,0F05,true,true,false,false,,,,,,,false,false,,0,,,,no_pdata_function,no_pdata_function,false,true,false,false
3,.text,0x60000020,840029,0xCD15D,843101,0xCDD5D,6443294045,0x1800CDD5D,0F05,true,true,false,true,2997,0xCDD50,0xCDDF6,166,13,0xD,false,true,,0,0xCDD5C,call 0xce270,0xCDDF6,function_end,covered_by_instruction,false,true,false,false
4,.text,0x60000020,932165,0xE3945,935237,0xE4545,6443386181,0x1800E4545,0F05,true,true,false,false,,,,,,,false,false,,0,,,,no_pdata_function,no_pdata_function,false,true,false,false
5,.text,0x60000020,1065749,0x104315,1068821,0x104F15,6443519765,0x180104F15,0F05,true,true,false,true,3773,0x104760,0x105192,2610,1973,0x7B5,false,true,,0,0x104F12,"mov rcx, qword ptr [rip + 0x2b6050f]",0x105192,function_end,covered_by_instruction,false,true,false,false
6,.text,0x60000020,1474605,0x16802D,1477677,0x168C2D,6443928621,0x180168C2D,0F05,true,true,false,true,5167,0x168C20,0x168F04,740,13,0xD,false,true,,0,0x168C2A,"mov rax, qword ptr [rip + 0x2f5050f]",0x168F04,function_end,covered_by_instruction,false,true,false,false
7,.text,0x60000020,1610053,0x189145,1613125,0x189D45,6444064069,0x180189D45,0F05,true,true,false,false,,,,,,,false,false,,0,,,,no_pdata_function,no_pdata_function,false,true,false,false
8,.text,0x60000020,1633727,0x18EDBF,1636799,0x18F9BF,6444087743,0x18018F9BF,0F05,true,true,false,true,5738,0x18F2F0,0x18FA81,1937,1743,0x6CF,false,true,,0,0x18F9BD,"mov byte ptr [rdi + rcx + 5], al",0x18FA81,function_end,covered_by_instruction,false,true,false,false
9,.text,0x60000020,1633883,0x18EE5B,1636955,0x18FA5B,6444087899,0x18018FA5B,0F05,true,true,false,true,5738,0x18F2F0,0x18FA81,1937,1899,0x76B,false,true,,0,0x18FA58,"movzx eax, byte ptr [rdi + rcx + 5]",0x18FA81,function_end,covered_by_instruction,false,true,false,false
10,.text,0x60000020,1665228,0x1968CC,1668300,0x1974CC,6444119244,0x1801974CC,0F05,true,true,false,true,5798,0x193770,0x199138,22984,15708,0x3D5C,true,true,,0,0x1974C4,"movabs rdx, 0x50f13b1b29147a6",0x199138,function_end,covered_by_instruction,false,true,false,false
11,.text,0x60000020,1706130,0x1A0892,1709202,0x1A1492,6444160146,0x1801A1492,0F05,true,true,false,true,5849,0x19A3E0,0x1C753D,184669,28850,0x70B2,false,true,,0,0x1A1490,call 0x1f2400,0x1C753D,function_end,covered_by_instruction,false,true,false,false
12,.text,0x60000020,2107191,0x202737,2110263,0x203337,6444561207,0x180203337,0F05,true,true,false,true,6140,0x203310,0x2033C2,178,39,0x27,false,true,,0,0x203332,"movabs r15, 0x44806b050f2cbfa1",0x2033C2,function_end,covered_by_instruction,false,true,false,false
13,.text,0x60000020,2467349,0x25A615,2470421,0x25B215,6444921365,0x18025B215,0F05,true,true,false,true,9269,0x25B210,0x25B222,18,5,0x5,false,true,,0,0x25B211,"lea rax, [rip + 0x50fc1]",0x25B222,function_end,covered_by_instruction,false,true,false,false
14,.text,0x60000020,3106069,0x2F6515,3109141,0x2F7115,6445560085,0x1802F7115,0F05,true,true,false,true,9426,0x2F2970,0x32C665,236789,18341,0x47A5,false,true,,0,0x2F7112,"mov rcx, qword ptr [rip + 0x299050f]",0x32C665,function_end,covered_by_instruction,false,true,false,false
15,.text,0x60000020,3463717,0x34DA25,3466789,0x34E625,6445917733,0x18034E625,0F05,true,true,false,false,,,,,,,false,false,,0,,,,no_pdata_function,no_pdata_function,false,true,false,false
16,.text,0x60000020,3519181,0x35B2CD,3522253,0x35BECD,6445973197,0x18035BECD,0F05,true,true,false,true,9927,0x35BE20,0x35BF07,231,173,0xAD,false,true,,0,0x35BEC5,"movabs rax, 0x50fd3457f2fb2e1",0x35BF07,function_end,covered_by_instruction,false,true,false,false
17,.text,0x60000020,3751154,0x393CF2,3754226,0x3948F2,6446205170,0x1803948F2,0F05,true,true,false,false,,,,,,,false,false,,0,,,,no_pdata_function,no_pdata_function,false,true,false,false
18,.text,0x60000020,3834821,0x3A83C5,3837893,0x3A8FC5,6446288837,0x1803A8FC5,0F05,true,true,false,true,13166,0x3A8FC0,0x3A8FD2,18,5,0x5,false,true,,0,0x3A8FC1,"lea rax, [rip + 0x50f1c]",0x3A8FD2,function_end,covered_by_instruction,false,true,false,false
19,.text,0x60000020,4015290,0x3D44BA,4018362,0x3D50BA,6446469306,0x1803D50BA,0F05,true,true,false,true,13349,0x3D3D70,0x3DD3BA,38474,4938,0x134A,false,true,syscall,2,,,0x3DD3BA,function_end,instruction_start,true,false,true,true
20,.text,0x60000020,4026219,0x3D6F6B,4029291,0x3D7B6B,6446480235,0x1803D7B6B,0F05,true,true,false,true,13349,0x3D3D70,0x3DD3BA,38474,15867,0x3DFB,false,true,syscall,2,,,0x3DD3BA,function_end,instruction_start,true,false,true,true
21,.text,0x60000020,4028268,0x3D776C,4031340,0x3D836C,6446482284,0x1803D836C,0F05,true,true,false,true,13349,0x3D3D70,0x3DD3BA,38474,17916,0x45FC,true,true,syscall,2,,,0x3DD3BA,function_end,instruction_start,true,false,true,true
22,.text,0x60000020,4031308,0x3D834C,4034380,0x3D8F4C,6446485324,0x1803D8F4C,0F05,true,true,false,true,13349,0x3D3D70,0x3DD3BA,38474,20956,0x51DC,true,true,syscall,2,,,0x3DD3BA,function_end,instruction_start,true,false,true,true
23,.text,0x60000020,4040196,0x3DA604,4043268,0x3DB204,6446494212,0x1803DB204,0F05,true,true,false,true,13349,0x3D3D70,0x3DD3BA,38474,29844,0x7494,true,true,syscall,2,,,0x3DD3BA,function_end,instruction_start,true,false,true,true
24,.text,0x60000020,4041962,0x3DACEA,4045034,0x3DB8EA,6446495978,0x1803DB8EA,0F05,true,true,false,true,13349,0x3D3D70,0x3DD3BA,38474,31610,0x7B7A,false,true,syscall,2,,,0x3DD3BA,function_end,instruction_start,true,false,true,true
25,.text,0x60000020,4044222,0x3DB5BE,4047294,0x3DC1BE,6446498238,0x1803DC1BE,0F05,true,true,false,true,13349,0x3D3D70,0x3DD3BA,38474,33870,0x844E,false,true,syscall,2,,,0x3DD3BA,function_end,instruction_start,true,false,true,true
26,.text,0x60000020,4047859,0x3DC3F3,4050931,0x3DCFF3,6446501875,0x1803DCFF3,0F05,true,true,false,true,13349,0x3D3D70,0x3DD3BA,38474,37507,0x9283,false,true,syscall,2,,,0x3DD3BA,function_end,instruction_start,true,false,true,true
27,.text,0x60000020,4051204,0x3DD104,4054276,0x3DDD04,6446505220,0x1803DDD04,0F05,true,true,false,true,13362,0x3DDB80,0x3DDD2C,428,388,0x184,true,true,syscall,2,,,0x3DDD2C,function_end,instruction_start,true,false,true,true
28,.text,0x60000020,4051704,0x3DD2F8,4054776,0x3DDEF8,6446505720,0x1803DDEF8,0F05,true,true,false,true,13363,0x3DDD30,0x3DDF20,496,456,0x1C8,true,true,syscall,2,,,0x3DDF20,function_end,instruction_start,true,false,true,true
29,.text,0x60000020,4052176,0x3DD4D0,4055248,0x3DE0D0,6446506192,0x1803DE0D0,0F05,true,true,false,true,13364,0x3DDF20,0x3DE0F9,473,432,0x1B0,true,true,syscall,2,,,0x3DE0F9,function_end,instruction_start,true,false,true,true
30,.text,0x60000020,4052674,0x3DD6C2,4055746,0x3DE2C2,6446506690,0x1803DE2C2,0F05,true,true,false,true,13365,0x3DE100,0x3DE2E8,488,450,0x1C2,false,true,syscall,2,,,0x3DE2E8,function_end,instruction_start,true,false,true,true
31,.text,0x60000020,4053152,0x3DD8A0,4056224,0x3DE4A0,6446507168,0x1803DE4A0,0F05,true,true,false,true,13366,0x3DE2F0,0x3DE4C8,472,432,0x1B0,true,true,syscall,2,,,0x3DE4C8,function_end,instruction_start,true,false,true,true
32,.text,0x60000020,4053592,0x3DDA58,4056664,0x3DE658,6446507608,0x1803DE658,0F05,true,true,false,true,13367,0x3DE4D0,0x3DE681,433,392,0x188,true,true,syscall,2,,,0x3DE681,function_end,instruction_start,true,false,true,true
33,.text,0x60000020,5033557,0x4CCE55,5036629,0x4CDA55,6447487573,0x1804CDA55,0F05,true,true,false,false,,,,,,,false,false,,0,,,,no_pdata_function,no_pdata_function,false,true,false,false
34,.text,0x60000020,5051031,0x4D1297,5054103,0x4D1E97,6447505047,0x1804D1E97,0F05,true,true,false,false,,,,,,,false,false,,0,,,,no_pdata_function,no_pdata_function,false,true,false,false
35,.text,0x60000020,5185786,0x4F20FA,5188858,0x4F2CFA,6447639802,0x1804F2CFA,0F05,true,true,false,true,17093,0x4F2B50,0x4FA094,30020,426,0x1AA,false,true,syscall,2,,,0x4FA094,function_end,instruction_start,true,false,true,true
36,.text,0x60000020,5187914,0x4F294A,5190986,0x4F354A,6447641930,0x1804F354A,0F05,true,true,false,true,17093,0x4F2B50,0x4FA094,30020,2554,0x9FA,false,true,syscall,2,,,0x4FA094,function_end,instruction_start,true,false,true,true
37,.text,0x60000020,5188223,0x4F2A7F,5191295,0x4F367F,6447642239,0x1804F367F,0F05,true,true,false,true,17093,0x4F2B50,0x4FA094,30020,2863,0xB2F,false,true,syscall,2,,,0x4FA094,function_end,instruction_start,true,false,true,true
38,.text,0x60000020,5188640,0x4F2C20,5191712,0x4F3820,6447642656,0x1804F3820,0F05,true,true,false,true,17093,0x4F2B50,0x4FA094,30020,3280,0xCD0,true,true,syscall,2,,,0x4FA094,function_end,instruction_start,true,false,true,true
39,.text,0x60000020,5191272,0x4F3668,5194344,0x4F4268,6447645288,0x1804F4268,0F05,true,true,false,true,17093,0x4F2B50,0x4FA094,30020,5912,0x1718,true,true,syscall,2,,,0x4FA094,function_end,instruction_start,true,false,true,true
40,.text,0x60000020,5191710,0x4F381E,5194782,0x4F441E,6447645726,0x1804F441E,0F05,true,true,false,true,17093,0x4F2B50,0x4FA094,30020,6350,0x18CE,false,true,syscall,2,,,0x4FA094,function_end,instruction_start,true,false,true,true
41,.text,0x60000020,5192192,0x4F3A00,5195264,0x4F4600,6447646208,0x1804F4600,0F05,true,true,false,true,17093,0x4F2B50,0x4FA094,30020,6832,0x1AB0,true,true,syscall,2,,,0x4FA094,function_end,instruction_start,true,false,true,true
42,.text,0x60000020,5193580,0x4F3F6C,5196652,0x4F4B6C,6447647596,0x1804F4B6C,0F05,true,true,false,true,17093,0x4F2B50,0x4FA094,30020,8220,0x201C,true,true,syscall,2,,,0x4FA094,function_end,instruction_start,true,false,true,true
43,.text,0x60000020,5194245,0x4F4205,5197317,0x4F4E05,6447648261,0x1804F4E05,0F05,true,true,false,true,17093,0x4F2B50,0x4FA094,30020,8885,0x22B5,false,true,syscall,2,,,0x4FA094,function_end,instruction_start,true,false,true,true
44,.text,0x60000020,5195321,0x4F4639,5198393,0x4F5239,6447649337,0x1804F5239,0F05,true,true,false,true,17093,0x4F2B50,0x4FA094,30020,9961,0x26E9,false,true,syscall,2,,,0x4FA094,function_end,instruction_start,true,false,true,true
45,.text,0x60000020,5196598,0x4F4B36,5199670,0x4F5736,6447650614,0x1804F5736,0F05,true,true,false,true,17093,0x4F2B50,0x4FA094,30020,11238,0x2BE6,false,true,syscall,2,,,0x4FA094,function_end,instruction_start,true,false,true,true
46,.text,0x60000020,5199090,0x4F54F2,5202162,0x4F60F2,6447653106,0x1804F60F2,0F05,true,true,false,true,17093,0x4F2B50,0x4FA094,30020,13730,0x35A2,false,true,syscall,2,,,0x4FA094,function_end,instruction_start,true,false,true,true
47,.text,0x60000020,5199383,0x4F5617,5202455,0x4F6217,6447653399,0x1804F6217,0F05,true,true,false,true,17093,0x4F2B50,0x4FA094,30020,14023,0x36C7,false,true,syscall,2,,,0x4FA094,function_end,instruction_start,true,false,true,true
48,.text,0x60000020,5200810,0x4F5BAA,5203882,0x4F67AA,6447654826,0x1804F67AA,0F05,true,true,false,true,17093,0x4F2B50,0x4FA094,30020,15450,0x3C5A,false,true,syscall,2,,,0x4FA094,function_end,instruction_start,true,false,true,true
49,.text,0x60000020,5202032,0x4F6070,5205104,0x4F6C70,6447656048,0x1804F6C70,0F05,true,true,false,true,17093,0x4F2B50,0x4FA094,30020,16672,0x4120,true,true,syscall,2,,,0x4FA094,function_end,instruction_start,true,false,true,true
50,.text,0x60000020,5203324,0x4F657C,5206396,0x4F717C,6447657340,0x1804F717C,0F05,true,true,false,true,17093,0x4F2B50,0x4FA094,30020,17964,0x462C,true,true,syscall,2,,,0x4FA094,function_end,instruction_start,true,false,true,true
51,.text,0x60000020,5204326,0x4F6966,5207398,0x4F7566,6447658342,0x1804F7566,0F05,true,true,false,true,17093,0x4F2B50,0x4FA094,30020,18966,0x4A16,false,true,syscall,2,,,0x4FA094,function_end,instruction_start,true,false,true,true
52,.text,0x60000020,5204719,0x4F6AEF,5207791,0x4F76EF,6447658735,0x1804F76EF,0F05,true,true,false,true,17093,0x4F2B50,0x4FA094,30020,19359,0x4B9F,false,true,syscall,2,,,0x4FA094,function_end,instruction_start,true,false,true,true
53,.text,0x60000020,5209475,0x4F7D83,5212547,0x4F8983,6447663491,0x1804F8983,0F05,true,true,false,true,17093,0x4F2B50,0x4FA094,30020,24115,0x5E33,false,true,syscall,2,,,0x4FA094,function_end,instruction_start,true,false,true,true
54,.text,0x60000020,5211319,0x4F84B7,5214391,0x4F90B7,6447665335,0x1804F90B7,0F05,true,true,false,true,17093,0x4F2B50,0x4FA094,30020,25959,0x6567,false,true,syscall,2,,,0x4FA094,function_end,instruction_start,true,false,true,true
55,.text,0x60000020,5211915,0x4F870B,5214987,0x4F930B,6447665931,0x1804F930B,0F05,true,true,false,true,17093,0x4F2B50,0x4FA094,30020,26555,0x67BB,false,true,syscall,2,,,0x4FA094,function_end,instruction_start,true,false,true,true
56,.text,0x60000020,5212533,0x4F8975,5215605,0x4F9575,6447666549,0x1804F9575,0F05,true,true,false,true,17093,0x4F2B50,0x4FA094,30020,27173,0x6A25,false,true,syscall,2,,,0x4FA094,function_end,instruction_start,true,false,true,true
57,.text,0x60000020,5213421,0x4F8CED,5216493,0x4F98ED,6447667437,0x1804F98ED,0F05,true,true,false,true,17093,0x4F2B50,0x4FA094,30020,28061,0x6D9D,false,true,syscall,2,,,0x4FA094,function_end,instruction_start,true,false,true,true
58,.text,0x60000020,5214941,0x4F92DD,5218013,0x4F9EDD,6447668957,0x1804F9EDD,0F05,true,true,false,true,17093,0x4F2B50,0x4FA094,30020,29581,0x738D,false,true,syscall,2,,,0x4FA094,function_end,instruction_start,true,false,true,true
59,.text,0x60000020,5216364,0x4F986C,5219436,0x4FA46C,6447670380,0x1804FA46C,0F05,true,true,false,true,17095,0x4FA0C0,0x5016B6,30198,940,0x3AC,true,true,syscall,2,,,0x5016B6,function_end,instruction_start,true,false,true,true
60,.text,0x60000020,5216749,0x4F99ED,5219821,0x4FA5ED,6447670765,0x1804FA5ED,0F05,true,true,false,true,17095,0x4FA0C0,0x5016B6,30198,1325,0x52D,false,true,syscall,2,,,0x5016B6,function_end,instruction_start,true,false,true,true
61,.text,0x60000020,5217191,0x4F9BA7,5220263,0x4FA7A7,6447671207,0x1804FA7A7,0F05,true,true,false,true,17095,0x4FA0C0,0x5016B6,30198,1767,0x6E7,false,true,syscall,2,,,0x5016B6,function_end,instruction_start,true,false,true,true
62,.text,0x60000020,5217745,0x4F9DD1,5220817,0x4FA9D1,6447671761,0x1804FA9D1,0F05,true,true,false,true,17095,0x4FA0C0,0x5016B6,30198,2321,0x911,false,true,syscall,2,,,0x5016B6,function_end,instruction_start,true,false,true,true
63,.text,0x60000020,5220895,0x4FAA1F,5223967,0x4FB61F,6447674911,0x1804FB61F,0F05,true,true,false,true,17095,0x4FA0C0,0x5016B6,30198,5471,0x155F,false,true,syscall,2,,,0x5016B6,function_end,instruction_start,true,false,true,true
64,.text,0x60000020,5221934,0x4FAE2E,5225006,0x4FBA2E,6447675950,0x1804FBA2E,0F05,true,true,false,true,17095,0x4FA0C0,0x5016B6,30198,6510,0x196E,false,true,syscall,2,,,0x5016B6,function_end,instruction_start,true,false,true,true
65,.text,0x60000020,5222518,0x4FB076,5225590,0x4FBC76,6447676534,0x1804FBC76,0F05,true,true,false,true,17095,0x4FA0C0,0x5016B6,30198,7094,0x1BB6,false,true,syscall,2,,,0x5016B6,function_end,instruction_start,true,false,true,true
66,.text,0x60000020,5223772,0x4FB55C,5226844,0x4FC15C,6447677788,0x1804FC15C,0F05,true,true,false,true,17095,0x4FA0C0,0x5016B6,30198,8348,0x209C,true,true,syscall,2,,,0x5016B6,function_end,instruction_start,true,false,true,true
67,.text,0x60000020,5224468,0x4FB814,5227540,0x4FC414,6447678484,0x1804FC414,0F05,true,true,false,true,17095,0x4FA0C0,0x5016B6,30198,9044,0x2354,true,true,syscall,2,,,0x5016B6,function_end,instruction_start,true,false,true,true
68,.text,0x60000020,5225448,0x4FBBE8,5228520,0x4FC7E8,6447679464,0x1804FC7E8,0F05,true,true,false,true,17095,0x4FA0C0,0x5016B6,30198,10024,0x2728,true,true,syscall,2,,,0x5016B6,function_end,instruction_start,true,false,true,true
69,.text,0x60000020,5226750,0x4FC0FE,5229822,0x4FCCFE,6447680766,0x1804FCCFE,0F05,true,true,false,true,17095,0x4FA0C0,0x5016B6,30198,11326,0x2C3E,false,true,syscall,2,,,0x5016B6,function_end,instruction_start,true,false,true,true
70,.text,0x60000020,5228898,0x4FC962,5231970,0x4FD562,6447682914,0x1804FD562,0F05,true,true,false,true,17095,0x4FA0C0,0x5016B6,30198,13474,0x34A2,false,true,syscall,2,,,0x5016B6,function_end,instruction_start,true,false,true,true
71,.text,0x60000020,5229768,0x4FCCC8,5232840,0x4FD8C8,6447683784,0x1804FD8C8,0F05,true,true,false,true,17095,0x4FA0C0,0x5016B6,30198,14344,0x3808,true,true,syscall,2,,,0x5016B6,function_end,instruction_start,true,false,true,true
72,.text,0x60000020,5230085,0x4FCE05,5233157,0x4FDA05,6447684101,0x1804FDA05,0F05,true,true,false,true,17095,0x4FA0C0,0x5016B6,30198,14661,0x3945,false,true,syscall,2,,,0x5016B6,function_end,instruction_start,true,false,true,true
73,.text,0x60000020,5230666,0x4FD04A,5233738,0x4FDC4A,6447684682,0x1804FDC4A,0F05,true,true,false,true,17095,0x4FA0C0,0x5016B6,30198,15242,0x3B8A,false,true,syscall,2,,,0x5016B6,function_end,instruction_start,true,false,true,true
74,.text,0x60000020,5233542,0x4FDB86,5236614,0x4FE786,6447687558,0x1804FE786,0F05,true,true,false,true,17095,0x4FA0C0,0x5016B6,30198,18118,0x46C6,false,true,syscall,2,,,0x5016B6,function_end,instruction_start,true,false,true,true
75,.text,0x60000020,5233998,0x4FDD4E,5237070,0x4FE94E,6447688014,0x1804FE94E,0F05,true,true,false,true,17095,0x4FA0C0,0x5016B6,30198,18574,0x488E,false,true,syscall,2,,,0x5016B6,function_end,instruction_start,true,false,true,true
76,.text,0x60000020,5238190,0x4FEDAE,5241262,0x4FF9AE,6447692206,0x1804FF9AE,0F05,true,true,false,true,17095,0x4FA0C0,0x5016B6,30198,22766,0x58EE,false,true,syscall,2,,,0x5016B6,function_end,instruction_start,true,false,true,true
77,.text,0x60000020,5238995,0x4FF0D3,5242067,0x4FFCD3,6447693011,0x1804FFCD3,0F05,true,true,false,true,17095,0x4FA0C0,0x5016B6,30198,23571,0x5C13,false,true,syscall,2,,,0x5016B6,function_end,instruction_start,true,false,true,true
78,.text,0x60000020,5239529,0x4FF2E9,5242601,0x4FFEE9,6447693545,0x1804FFEE9,0F05,true,true,false,true,17095,0x4FA0C0,0x5016B6,30198,24105,0x5E29,false,true,syscall,2,,,0x5016B6,function_end,instruction_start,true,false,true,true
79,.text,0x60000020,5240753,0x4FF7B1,5243825,0x5003B1,6447694769,0x1805003B1,0F05,true,true,false,true,17095,0x4FA0C0,0x5016B6,30198,25329,0x62F1,false,true,syscall,2,,,0x5016B6,function_end,instruction_start,true,false,true,true
80,.text,0x60000020,5241613,0x4FFB0D,5244685,0x50070D,6447695629,0x18050070D,0F05,true,true,false,true,17095,0x4FA0C0,0x5016B6,30198,26189,0x664D,false,true,syscall,2,,,0x5016B6,function_end,instruction_start,true,false,true,true
81,.text,0x60000020,5242053,0x4FFCC5,5245125,0x5008C5,6447696069,0x1805008C5,0F05,true,true,false,true,17095,0x4FA0C0,0x5016B6,30198,26629,0x6805,false,true,syscall,2,,,0x5016B6,function_end,instruction_start,true,false,true,true
82,.text,0x60000020,5244539,0x50067B,5247611,0x50127B,6447698555,0x18050127B,0F05,true,true,false,true,17095,0x4FA0C0,0x5016B6,30198,29115,0x71BB,false,true,syscall,2,,,0x5016B6,function_end,instruction_start,true,false,true,true
83,.text,0x60000020,5314438,0x511786,5317510,0x512386,6447768454,0x180512386,0F05,true,true,false,true,17121,0x511E80,0x518CF5,28277,1286,0x506,false,true,,0,0x512384,call 0x5632b0,0x518CF5,function_end,covered_by_instruction,false,true,false,false
84,.text,0x60000020,5314446,0x51178E,5317518,0x51238E,6447768462,0x18051238E,0F05,true,true,false,true,17121,0x511E80,0x518CF5,28277,1294,0x50E,false,true,,0,0x51238C,call 0x5632d0,0x518CF5,function_end,covered_by_instruction,false,true,false,false
85,.text,0x60000020,5314491,0x5117BB,5317563,0x5123BB,6447768507,0x1805123BB,0F05,true,true,false,true,17121,0x511E80,0x518CF5,28277,1339,0x53B,false,true,,0,0x5123B9,call 0x5632e0,0x518CF5,function_end,covered_by_instruction,false,true,false,false
86,.text,0x60000020,5314499,0x5117C3,5317571,0x5123C3,6447768515,0x1805123C3,0F05,true,true,false,true,17121,0x511E80,0x518CF5,28277,1347,0x543,false,true,,0,0x5123C1,call 0x563300,0x518CF5,function_end,covered_by_instruction,false,true,false,false
87,.text,0x60000020,5314804,0x5118F4,5317876,0x5124F4,6447768820,0x1805124F4,0F05,true,true,false,true,17121,0x511E80,0x518CF5,28277,1652,0x674,true,true,,0,0x5124F2,call 0x563480,0x518CF5,function_end,covered_by_instruction,false,true,false,false
88,.text,0x60000020,5314812,0x5118FC,5317884,0x5124FC,6447768828,0x1805124FC,0F05,true,true,false,true,17121,0x511E80,0x518CF5,28277,1660,0x67C,true,true,,0,0x5124FA,call 0x5634a0,0x518CF5,function_end,covered_by_instruction,false,true,false,false
89,.text,0x60000020,5314848,0x511920,5317920,0x512520,6447768864,0x180512520,0F05,true,true,false,true,17121,0x511E80,0x518CF5,28277,1696,0x6A0,true,true,,0,0x51251E,call 0x5634b0,0x518CF5,function_end,covered_by_instruction,false,true,false,false
90,.text,0x60000020,5314856,0x511928,5317928,0x512528,6447768872,0x180512528,0F05,true,true,false,true,17121,0x511E80,0x518CF5,28277,1704,0x6A8,true,true,,0,0x512526,call 0x5634d0,0x518CF5,function_end,covered_by_instruction,false,true,false,false
91,.text,0x60000020,5314878,0x51193E,5317950,0x51253E,6447768894,0x18051253E,0F05,true,true,false,true,17121,0x511E80,0x518CF5,28277,1726,0x6BE,false,true,,0,0x51253C,call 0x5634e0,0x518CF5,function_end,covered_by_instruction,false,true,false,false
92,.text,0x60000020,5360716,0x51CC4C,5363788,0x51D84C,6447814732,0x18051D84C,0F05,true,true,false,true,17162,0x51D680,0x51D875,501,460,0x1CC,true,true,syscall,2,,,0x51D875,function_end,instruction_start,true,false,true,true
93,.text,0x60000020,5361275,0x51CE7B,5364347,0x51DA7B,6447815291,0x18051DA7B,0F05,true,true,false,true,17163,0x51D880,0x51DAA3,547,507,0x1FB,false,true,syscall,2,,,0x51DAA3,function_end,instruction_start,true,false,true,true
94,.text,0x60000020,5361706,0x51D02A,5364778,0x51DC2A,6447815722,0x18051DC2A,0F05,true,true,false,true,17164,0x51DAB0,0x51DC52,418,378,0x17A,false,true,syscall,2,,,0x51DC52,function_end,instruction_start,true,false,true,true
95,.text,0x60000020,5362094,0x51D1AE,5365166,0x51DDAE,6447816110,0x18051DDAE,0F05,true,true,false,true,17165,0x51DC60,0x51DDD6,374,334,0x14E,false,true,syscall,2,,,0x51DDD6,function_end,instruction_start,true,false,true,true
96,.text,0x60000020,5362629,0x51D3C5,5365701,0x51DFC5,6447816645,0x18051DFC5,0F05,true,true,false,true,17166,0x51DDE0,0x51DFEE,526,485,0x1E5,false,true,syscall,2,,,0x51DFEE,function_end,instruction_start,true,false,true,true
97,.text,0x60000020,5363072,0x51D580,5366144,0x51E180,6447817088,0x18051E180,0F05,true,true,false,true,17167,0x51DFF0,0x51E1A6,438,400,0x190,true,true,syscall,2,,,0x51E1A6,function_end,instruction_start,true,false,true,true
98,.text,0x60000020,5363525,0x51D745,5366597,0x51E345,6447817541,0x18051E345,0F05,true,true,false,true,17168,0x51E1B0,0x51E36D,445,405,0x195,false,true,syscall,2,,,0x51E36D,function_end,instruction_start,true,false,true,true
99,.text,0x60000020,5363966,0x51D8FE,5367038,0x51E4FE,6447817982,0x18051E4FE,0F05,true,true,false,true,17169,0x51E370,0x51E524,436,398,0x18E,false,true,syscall,2,,,0x51E524,function_end,instruction_start,true,false,true,true
100,.text,0x60000020,5364425,0x51DAC9,5367497,0x51E6C9,6447818441,0x18051E6C9,0F05,true,true,false,true,17170,0x51E530,0x51E6EF,447,409,0x199,false,true,syscall,2,,,0x51E6EF,function_end,instruction_start,true,false,true,true
101,.text,0x60000020,5364789,0x51DC35,5367861,0x51E835,6447818805,0x18051E835,0F05,true,true,false,true,17171,0x51E6F0,0x51E85D,365,325,0x145,false,true,syscall,2,,,0x51E85D,function_end,instruction_start,true,false,true,true
102,.text,0x60000020,5365172,0x51DDB4,5368244,0x51E9B4,6447819188,0x18051E9B4,0F05,true,true,false,true,17172,0x51E860,0x51E9DC,380,340,0x154,true,true,syscall,2,,,0x51E9DC,function_end,instruction_start,true,false,true,true
103,.text,0x60000020,5365689,0x51DFB9,5368761,0x51EBB9,6447819705,0x18051EBB9,0F05,true,true,false,true,17173,0x51E9E0,0x51EBDF,511,473,0x1D9,false,true,syscall,2,,,0x51EBDF,function_end,instruction_start,true,false,true,true
104,.text,0x60000020,5578485,0x551EF5,5581557,0x552AF5,6448032501,0x180552AF5,0F05,true,true,false,false,,,,,,,false,false,,0,,,,no_pdata_function,no_pdata_function,false,true,false,false
105,.text,0x60000020,5640773,0x561245,5643845,0x561E45,6448094789,0x180561E45,0F05,true,true,false,true,18628,0x561E40,0x561E52,18,5,0x5,false,true,,0,0x561E41,"lea rax, [rip + 0x50f2c]",0x561E52,function_end,covered_by_instruction,false,true,false,false
106,.text,0x60000020,5650855,0x5639A7,5653927,0x5645A7,6448104871,0x1805645A7,0F05,true,true,false,false,,,,,,,false,false,,0,,,,no_pdata_function,no_pdata_function,false,true,false,false
107,.text,0x60000020,5877879,0x59B077,5880951,0x59BC77,6448331895,0x18059BC77,0F05,true,true,false,true,19762,0x59BB30,0x59BE03,723,327,0x147,false,true,,0,0x59BC73,"movzx r9d, byte ptr [rdi + rcx + 5]",0x59BE03,function_end,covered_by_instruction,false,true,false,false
108,.text,0x60000020,5896005,0x59F745,5899077,0x5A0345,6448350021,0x1805A0345,0F05,true,true,false,true,19783,0x59FBB0,0x5A03BF,2063,1941,0x795,false,true,,0,0x5A0342,"movzx eax, byte ptr [rdi + rcx + 5]",0x5A03BF,function_end,covered_by_instruction,false,true,false,false
109,.text,0x60000020,5896668,0x59F9DC,5899740,0x5A05DC,6448350684,0x1805A05DC,0F05,true,true,false,true,19785,0x5A0440,0x5A0A66,1574,412,0x19C,true,true,,0,0x5A05D8,"movzx eax, byte ptr [r15 + rcx + 5]",0x5A0A66,function_end,covered_by_instruction,false,true,false,false
110,.text,0x60000020,5896672,0x59F9E0,5899744,0x5A05E0,6448350688,0x1805A05E0,0F05,true,true,false,true,19785,0x5A0440,0x5A0A66,1574,416,0x1A0,true,true,,0,0x5A05DE,"mov byte ptr [rdi + rcx + 5], al",0x5A0A66,function_end,covered_by_instruction,false,true,false,false
111,.text,0x60000020,5902870,0x5A1216,5905942,0x5A1E16,6448356886,0x1805A1E16,0F05,true,true,false,true,19802,0x5A13A0,0x5A2356,4022,2678,0xA76,false,true,,0,0x5A1E15,jmp 0x5a2329,0x5A2356,function_end,covered_by_instruction,false,true,false,false
112,.text,0x60000020,6263980,0x5F94AC,6267052,0x5FA0AC,6448717996,0x1805FA0AC,0F05,true,true,false,true,20819,0x5F9B70,0x5FA1EF,1663,1340,0x53C,true,true,,0,0x5FA0A8,"movzx eax, byte ptr [r15 + rcx + 5]",0x5FA1EF,function_end,covered_by_instruction,false,true,false,false
113,.text,0x60000020,6266650,0x5F9F1A,6269722,0x5FAB1A,6448720666,0x1805FAB1A,0F05,true,true,false,true,20831,0x5FA6F0,0x5FAF71,2177,1066,0x42A,false,true,,0,0x5FAB16,"movzx eax, byte ptr [r15 + rcx + 5]",0x5FAF71,function_end,covered_by_instruction,false,true,false,false
114,.text,0x60000020,6300179,0x602213,6303251,0x602E13,6448754195,0x180602E13,0F05,true,true,false,true,20939,0x602990,0x602F6F,1503,1155,0x483,false,true,,0,0x602E0F,"movzx edx, byte ptr [r15 + rcx + 5]",0x602F6F,function_end,covered_by_instruction,false,true,false,false
115,.text,0x60000020,6702315,0x6644EB,6705387,0x6650EB,6449156331,0x1806650EB,0F05,true,true,false,true,22324,0x664EF0,0x6651C4,724,507,0x1FB,false,true,,0,0x6650E7,"movzx edx, byte ptr [r15 + rcx + 5]",0x6651C4,function_end,covered_by_instruction,false,true,false,false
116,.text,0x60000020,6711290,0x6667FA,6714362,0x6673FA,6449165306,0x1806673FA,0F05,true,true,false,true,22355,0x666EE0,0x667B58,3192,1306,0x51A,false,true,,0,0x6673F8,jne 0x66790d,0x667B58,function_end,covered_by_instruction,false,true,false,false
117,.text,0x60000020,6720275,0x668B13,6723347,0x669713,6449174291,0x180669713,0F05,true,true,false,true,22395,0x669430,0x669B65,1845,739,0x2E3,false,true,,0,0x669711,"mov dword ptr [rax + 0xf], 0x1c040005",0x669B65,function_end,covered_by_instruction,false,true,false,false
118,.text,0x60000020,6720559,0x668C2F,6723631,0x66982F,6449174575,0x18066982F,0F05,true,true,false,true,22395,0x669430,0x669B65,1845,1023,0x3FF,false,true,,0,0x66982D,"mov dword ptr [rax + 0xf], 0x20040005",0x669B65,function_end,covered_by_instruction,false,true,false,false
119,.text,0x60000020,6720656,0x668C90,6723728,0x669890,6449174672,0x180669890,0F05,true,true,false,true,22395,0x669430,0x669B65,1845,1120,0x460,true,true,,0,0x66988E,"mov dword ptr [rax + 0xf], 0x30040005",0x669B65,function_end,covered_by_instruction,false,true,false,false
120,.text,0x60000020,6720781,0x668D0D,6723853,0x66990D,6449174797,0x18066990D,0F05,true,true,false,true,22395,0x669430,0x669B65,1845,1245,0x4DD,false,true,,0,0x66990B,"mov dword ptr [rax + 0xf], 0x40040005",0x669B65,function_end,covered_by_instruction,false,true,false,false
121,.text,0x60000020,6721308,0x668F1C,6724380,0x669B1C,6449175324,0x180669B1C,0F05,true,true,false,true,22395,0x669430,0x669B65,1845,1772,0x6EC,true,true,,0,0x669B1A,"mov dword ptr [rax + 0xf], 0x18040005",0x669B65,function_end,covered_by_instruction,false,true,false,false
122,.text,0x60000020,6848332,0x687F4C,6851404,0x688B4C,6449302348,0x180688B4C,0F05,true,true,false,true,22979,0x688AC0,0x689358,2200,140,0x8C,true,true,,0,0x688B49,"lea eax, [r15 + r9]",0x689358,function_end,covered_by_instruction,false,true,false,false
123,.text,0x60000020,7002200,0x6AD858,7005272,0x6AE458,6449456216,0x1806AE458,0F05,true,true,false,true,23060,0x6ACE30,0x6B0346,13590,5672,0x1628,true,true,,0,0x6AE456,call 0x6ff3f0,0x6B0346,function_end,covered_by_instruction,false,true,false,false
124,.text,0x60000020,7070941,0x6BE4DD,7074013,0x6BF0DD,6449524957,0x1806BF0DD,0F05,true,true,false,true,23276,0x6BECA0,0x6BF1B7,1303,1085,0x43D,false,true,,0,0x6BF0DB,"mov byte ptr [rdi + rcx + 5], dl",0x6BF1B7,function_end,covered_by_instruction,false,true,false,false
125,.text,0x60000020,7348950,0x7022D6,7352022,0x702ED6,6449802966,0x180702ED6,0F05,true,true,false,true,23908,0x7027B0,0x7032A3,2803,1830,0x726,false,true,,0,0x702ED4,"xor byte ptr [rdi + rcx + 5], dl",0x7032A3,function_end,covered_by_instruction,false,true,false,false
126,.text,0x60000020,7351461,0x702CA5,7354533,0x7038A5,6449805477,0x1807038A5,0F05,true,true,false,true,23912,0x7034D0,0x703FC5,2805,981,0x3D5,false,true,,0,0x7038A3,"xor byte ptr [rdi + rcx + 5], dl",0x703FC5,function_end,covered_by_instruction,false,true,false,false
127,.text,0x60000020,7351955,0x702E93,7355027,0x703A93,6449805971,0x180703A93,0F05,true,true,false,true,23912,0x7034D0,0x703FC5,2805,1475,0x5C3,false,true,,0,0x703A91,"xor byte ptr [rdi + rcx + 5], dl",0x703FC5,function_end,covered_by_instruction,false,true,false,false
128,.text,0x60000020,7354668,0x70392C,7357740,0x70452C,6449808684,0x18070452C,0F05,true,true,false,true,23924,0x704400,0x70476F,879,300,0x12C,true,true,,0,0x70452A,"xor byte ptr [rdi + rcx + 5], al",0x70476F,function_end,covered_by_instruction,false,true,false,false
129,.text,0x60000020,7355087,0x703ACF,7358159,0x7046CF,6449809103,0x1807046CF,0F05,true,true,false,true,23924,0x704400,0x70476F,879,719,0x2CF,false,true,,0,0x7046CD,"xor byte ptr [rdi + rcx + 5], al",0x70476F,function_end,covered_by_instruction,false,true,false,false
130,.text,0x60000020,7355548,0x703C9C,7358620,0x70489C,6449809564,0x18070489C,0F05,true,true,false,true,23925,0x704770,0x704ADF,879,300,0x12C,true,true,,0,0x70489A,"xor byte ptr [rdi + rcx + 5], al",0x704ADF,function_end,covered_by_instruction,false,true,false,false
131,.text,0x60000020,7355967,0x703E3F,7359039,0x704A3F,6449809983,0x180704A3F,0F05,true,true,false,true,23925,0x704770,0x704ADF,879,719,0x2CF,false,true,,0,0x704A3D,"xor byte ptr [rdi + rcx + 5], al",0x704ADF,function_end,covered_by_instruction,false,true,false,false
132,.text,0x60000020,7458741,0x71CFB5,7461813,0x71DBB5,6449912757,0x18071DBB5,0F05,true,true,false,true,24455,0x71DB50,0x71DDCA,634,101,0x65,false,true,,0,0x71DBB2,"lea r10, [rip + 0x270050f]",0x71DDCA,function_end,covered_by_instruction,false,true,false,false
133,.text,0x60000020,7739168,0x761720,7742240,0x762320,6450193184,0x180762320,0F05,true,true,false,true,25522,0x762190,0x7652AF,12575,400,0x190,true,true,syscall,2,,,0x7652AF,function_end,instruction_start,true,false,true,true
134,.text,0x60000020,7739842,0x7619C2,7742914,0x7625C2,6450193858,0x1807625C2,0F05,true,true,false,true,25522,0x762190,0x7652AF,12575,1074,0x432,false,true,syscall,2,,,0x7652AF,function_end,instruction_start,true,false,true,true
135,.text,0x60000020,7740403,0x761BF3,7743475,0x7627F3,6450194419,0x1807627F3,0F05,true,true,false,true,25522,0x762190,0x7652AF,12575,1635,0x663,false,true,syscall,2,,,0x7652AF,function_end,instruction_start,true,false,true,true
136,.text,0x60000020,7741245,0x761F3D,7744317,0x762B3D,6450195261,0x180762B3D,0F05,true,true,false,true,25522,0x762190,0x7652AF,12575,2477,0x9AD,false,true,syscall,2,,,0x7652AF,function_end,instruction_start,true,false,true,true
137,.text,0x60000020,7741557,0x762075,7744629,0x762C75,6450195573,0x180762C75,0F05,true,true,false,true,25522,0x762190,0x7652AF,12575,2789,0xAE5,false,true,syscall,2,,,0x7652AF,function_end,instruction_start,true,false,true,true
138,.text,0x60000020,7743875,0x762983,7746947,0x763583,6450197891,0x180763583,0F05,true,true,false,true,25522,0x762190,0x7652AF,12575,5107,0x13F3,false,true,syscall,2,,,0x7652AF,function_end,instruction_start,true,false,true,true
139,.text,0x60000020,7744228,0x762AE4,7747300,0x7636E4,6450198244,0x1807636E4,0F05,true,true,false,true,25522,0x762190,0x7652AF,12575,5460,0x1554,true,true,syscall,2,,,0x7652AF,function_end,instruction_start,true,false,true,true
140,.text,0x60000020,7744759,0x762CF7,7747831,0x7638F7,6450198775,0x1807638F7,0F05,true,true,false,true,25522,0x762190,0x7652AF,12575,5991,0x1767,false,true,syscall,2,,,0x7652AF,function_end,instruction_start,true,false,true,true
141,.text,0x60000020,7745181,0x762E9D,7748253,0x763A9D,6450199197,0x180763A9D,0F05,true,true,false,true,25522,0x762190,0x7652AF,12575,6413,0x190D,false,true,syscall,2,,,0x7652AF,function_end,instruction_start,true,false,true,true
142,.text,0x60000020,7746808,0x7634F8,7749880,0x7640F8,6450200824,0x1807640F8,0F05,true,true,false,true,25522,0x762190,0x7652AF,12575,8040,0x1F68,true,true,syscall,2,,,0x7652AF,function_end,instruction_start,true,false,true,true
143,.text,0x60000020,7747252,0x7636B4,7750324,0x7642B4,6450201268,0x1807642B4,0F05,true,true,false,true,25522,0x762190,0x7652AF,12575,8484,0x2124,true,true,syscall,2,,,0x7652AF,function_end,instruction_start,true,false,true,true
144,.text,0x60000020,7747833,0x7638F9,7750905,0x7644F9,6450201849,0x1807644F9,0F05,true,true,false,true,25522,0x762190,0x7652AF,12575,9065,0x2369,false,true,syscall,2,,,0x7652AF,function_end,instruction_start,true,false,true,true
145,.text,0x60000020,7748187,0x763A5B,7751259,0x76465B,6450202203,0x18076465B,0F05,true,true,false,true,25522,0x762190,0x7652AF,12575,9419,0x24CB,false,true,syscall,2,,,0x7652AF,function_end,instruction_start,true,false,true,true
146,.text,0x60000020,7748546,0x763BC2,7751618,0x7647C2,6450202562,0x1807647C2,0F05,true,true,false,true,25522,0x762190,0x7652AF,12575,9778,0x2632,false,true,syscall,2,,,0x7652AF,function_end,instruction_start,true,false,true,true
147,.text,0x60000020,7749179,0x763E3B,7752251,0x764A3B,6450203195,0x180764A3B,0F05,true,true,false,true,25522,0x762190,0x7652AF,12575,10411,0x28AB,false,true,syscall,2,,,0x7652AF,function_end,instruction_start,true,false,true,true
148,.text,0x60000020,7750957,0x76452D,7754029,0x76512D,6450204973,0x18076512D,0F05,true,true,false,true,25522,0x762190,0x7652AF,12575,12189,0x2F9D,false,true,syscall,2,,,0x7652AF,function_end,instruction_start,true,false,true,true
149,.text,0x60000020,7766244,0x7680E4,7769316,0x768CE4,6450220260,0x180768CE4,0F05,true,true,false,true,25528,0x768AA0,0x76A13A,5786,580,0x244,true,true,syscall,2,,,0x76A13A,function_end,instruction_start,true,false,true,true
150,.text,0x60000020,7766850,0x768342,7769922,0x768F42,6450220866,0x180768F42,0F05,true,true,false,true,25528,0x768AA0,0x76A13A,5786,1186,0x4A2,false,true,syscall,2,,,0x76A13A,function_end,instruction_start,true,false,true,true
151,.text,0x60000020,7767166,0x76847E,7770238,0x76907E,6450221182,0x18076907E,0F05,true,true,false,true,25528,0x768AA0,0x76A13A,5786,1502,0x5DE,false,true,syscall,2,,,0x76A13A,function_end,instruction_start,true,false,true,true
152,.text,0x60000020,7767797,0x7686F5,7770869,0x7692F5,6450221813,0x1807692F5,0F05,true,true,false,true,25528,0x768AA0,0x76A13A,5786,2133,0x855,false,true,syscall,2,,,0x76A13A,function_end,instruction_start,true,false,true,true
153,.text,0x60000020,7769044,0x768BD4,7772116,0x7697D4,6450223060,0x1807697D4,0F05,true,true,false,true,25528,0x768AA0,0x76A13A,5786,3380,0xD34,true,true,syscall,2,,,0x76A13A,function_end,instruction_start,true,false,true,true
154,.text,0x60000020,7769932,0x768F4C,7773004,0x769B4C,6450223948,0x180769B4C,0F05,true,true,false,true,25528,0x768AA0,0x76A13A,5786,4268,0x10AC,true,true,syscall,2,,,0x76A13A,function_end,instruction_start,true,false,true,true
155,.text,0x60000020,7770736,0x769270,7773808,0x769E70,6450224752,0x180769E70,0F05,true,true,false,true,25528,0x768AA0,0x76A13A,5786,5072,0x13D0,true,true,syscall,2,,,0x76A13A,function_end,instruction_start,true,false,true,true
156,.text,0x60000020,7771393,0x769501,7774465,0x76A101,6450225409,0x18076A101,0F05,true,true,false,true,25528,0x768AA0,0x76A13A,5786,5729,0x1661,false,true,syscall,2,,,0x76A13A,function_end,instruction_start,true,false,true,true
157,.text,0x60000020,7772404,0x7698F4,7775476,0x76A4F4,6450226420,0x18076A4F4,0F05,true,true,false,true,25529,0x76A140,0x76D934,14324,948,0x3B4,true,true,syscall,2,,,0x76D934,function_end,instruction_start,true,false,true,true
158,.text,0x60000020,7773944,0x769EF8,7777016,0x76AAF8,6450227960,0x18076AAF8,0F05,true,true,false,true,25529,0x76A140,0x76D934,14324,2488,0x9B8,true,true,syscall,2,,,0x76D934,function_end,instruction_start,true,false,true,true
159,.text,0x60000020,7775232,0x76A400,7778304,0x76B000,6450229248,0x18076B000,0F05,true,true,false,true,25529,0x76A140,0x76D934,14324,3776,0xEC0,true,true,syscall,2,,,0x76D934,function_end,instruction_start,true,false,true,true
160,.text,0x60000020,7776532,0x76A914,7779604,0x76B514,6450230548,0x18076B514,0F05,true,true,false,true,25529,0x76A140,0x76D934,14324,5076,0x13D4,true,true,syscall,2,,,0x76D934,function_end,instruction_start,true,false,true,true
161,.text,0x60000020,7777951,0x76AE9F,7781023,0x76BA9F,6450231967,0x18076BA9F,0F05,true,true,false,true,25529,0x76A140,0x76D934,14324,6495,0x195F,false,true,syscall,2,,,0x76D934,function_end,instruction_start,true,false,true,true
162,.text,0x60000020,7778456,0x76B098,7781528,0x76BC98,6450232472,0x18076BC98,0F05,true,true,false,true,25529,0x76A140,0x76D934,14324,7000,0x1B58,true,true,syscall,2,,,0x76D934,function_end,instruction_start,true,false,true,true
163,.text,0x60000020,7779043,0x76B2E3,7782115,0x76BEE3,6450233059,0x18076BEE3,0F05,true,true,false,true,25529,0x76A140,0x76D934,14324,7587,0x1DA3,false,true,syscall,2,,,0x76D934,function_end,instruction_start,true,false,true,true
164,.text,0x60000020,7779729,0x76B591,7782801,0x76C191,6450233745,0x18076C191,0F05,true,true,false,true,25529,0x76A140,0x76D934,14324,8273,0x2051,false,true,syscall,2,,,0x76D934,function_end,instruction_start,true,false,true,true
165,.text,0x60000020,7780498,0x76B892,7783570,0x76C492,6450234514,0x18076C492,0F05,true,true,false,true,25529,0x76A140,0x76D934,14324,9042,0x2352,false,true,syscall,2,,,0x76D934,function_end,instruction_start,true,false,true,true
166,.text,0x60000020,7781288,0x76BBA8,7784360,0x76C7A8,6450235304,0x18076C7A8,0F05,true,true,false,true,25529,0x76A140,0x76D934,14324,9832,0x2668,true,true,syscall,2,,,0x76D934,function_end,instruction_start,true,false,true,true
167,.text,0x60000020,7781826,0x76BDC2,7784898,0x76C9C2,6450235842,0x18076C9C2,0F05,true,true,false,true,25529,0x76A140,0x76D934,14324,10370,0x2882,false,true,syscall,2,,,0x76D934,function_end,instruction_start,true,false,true,true
168,.text,0x60000020,7782652,0x76C0FC,7785724,0x76CCFC,6450236668,0x18076CCFC,0F05,true,true,false,true,25529,0x76A140,0x76D934,14324,11196,0x2BBC,true,true,syscall,2,,,0x76D934,function_end,instruction_start,true,false,true,true
169,.text,0x60000020,7783490,0x76C442,7786562,0x76D042,6450237506,0x18076D042,0F05,true,true,false,true,25529,0x76A140,0x76D934,14324,12034,0x2F02,false,true,syscall,2,,,0x76D934,function_end,instruction_start,true,false,true,true
170,.text,0x60000020,7784003,0x76C643,7787075,0x76D243,6450238019,0x18076D243,0F05,true,true,false,true,25529,0x76A140,0x76D934,14324,12547,0x3103,false,true,syscall,2,,,0x76D934,function_end,instruction_start,true,false,true,true
171,.text,0x60000020,7785119,0x76CA9F,7788191,0x76D69F,6450239135,0x18076D69F,0F05,true,true,false,true,25529,0x76A140,0x76D934,14324,13663,0x355F,false,true,syscall,2,,,0x76D934,function_end,instruction_start,true,false,true,true
172,.text,0x60000020,7785684,0x76CCD4,7788756,0x76D8D4,6450239700,0x18076D8D4,0F05,true,true,false,true,25529,0x76A140,0x76D934,14324,14228,0x3794,true,true,syscall,2,,,0x76D934,function_end,instruction_start,true,false,true,true
173,.text,0x60000020,7786596,0x76D064,7789668,0x76DC64,6450240612,0x18076DC64,0F05,true,true,false,true,25530,0x76D940,0x76F078,5944,804,0x324,true,true,syscall,2,,,0x76F078,function_end,instruction_start,true,false,true,true
174,.text,0x60000020,7786881,0x76D181,7789953,0x76DD81,6450240897,0x18076DD81,0F05,true,true,false,true,25530,0x76D940,0x76F078,5944,1089,0x441,false,true,syscall,2,,,0x76F078,function_end,instruction_start,true,false,true,true
175,.text,0x60000020,7788205,0x76D6AD,7791277,0x76E2AD,6450242221,0x18076E2AD,0F05,true,true,false,true,25530,0x76D940,0x76F078,5944,2413,0x96D,false,true,syscall,2,,,0x76F078,function_end,instruction_start,true,false,true,true
176,.text,0x60000020,7788849,0x76D931,7791921,0x76E531,6450242865,0x18076E531,0F05,true,true,false,true,25530,0x76D940,0x76F078,5944,3057,0xBF1,false,true,syscall,2,,,0x76F078,function_end,instruction_start,true,false,true,true
177,.text,0x60000020,7789365,0x76DB35,7792437,0x76E735,6450243381,0x18076E735,0F05,true,true,false,true,25530,0x76D940,0x76F078,5944,3573,0xDF5,false,true,syscall,2,,,0x76F078,function_end,instruction_start,true,false,true,true
178,.text,0x60000020,7789764,0x76DCC4,7792836,0x76E8C4,6450243780,0x18076E8C4,0F05,true,true,false,true,25530,0x76D940,0x76F078,5944,3972,0xF84,true,true,syscall,2,,,0x76F078,function_end,instruction_start,true,false,true,true
179,.text,0x60000020,7790829,0x76E0ED,7793901,0x76ECED,6450244845,0x18076ECED,0F05,true,true,false,true,25530,0x76D940,0x76F078,5944,5037,0x13AD,false,true,syscall,2,,,0x76F078,function_end,instruction_start,true,false,true,true
180,.text,0x60000020,7791423,0x76E33F,7794495,0x76EF3F,6450245439,0x18076EF3F,0F05,true,true,false,true,25530,0x76D940,0x76F078,5944,5631,0x15FF,false,true,syscall,2,,,0x76F078,function_end,instruction_start,true,false,true,true
181,.text,0x60000020,7796685,0x76F7CD,7799757,0x7703CD,6450250701,0x1807703CD,0F05,true,true,false,true,25534,0x770190,0x7703F6,614,573,0x23D,false,true,syscall,2,,,0x7703F6,function_end,instruction_start,true,false,true,true
182,.text,0x60000020,7797114,0x76F97A,7800186,0x77057A,6450251130,0x18077057A,0F05,true,true,false,true,25535,0x770400,0x7705A3,419,378,0x17A,false,true,syscall,2,,,0x7705A3,function_end,instruction_start,true,false,true,true
183,.text,0x60000020,7797696,0x76FBC0,7800768,0x7707C0,6450251712,0x1807707C0,0F05,true,true,false,true,25536,0x7705B0,0x7707D2,546,528,0x210,true,true,syscall,2,,,0x7707D2,function_end,instruction_start,true,false,true,true
184,.text,0x60000020,7798191,0x76FDAF,7801263,0x7709AF,6450252207,0x1807709AF,0F05,true,true,false,true,25537,0x7707E0,0x7709D8,504,463,0x1CF,false,true,syscall,2,,,0x7709D8,function_end,instruction_start,true,false,true,true
185,.text,0x60000020,7798783,0x76FFFF,7801855,0x770BFF,6450252799,0x180770BFF,0F05,true,true,false,true,25538,0x7709E0,0x770C28,584,543,0x21F,false,true,syscall,2,,,0x770C28,function_end,instruction_start,true,false,true,true
186,.text,0x60000020,7799320,0x770218,7802392,0x770E18,6450253336,0x180770E18,0F05,true,true,false,true,25539,0x770C30,0x770E41,529,488,0x1E8,true,true,syscall,2,,,0x770E41,function_end,instruction_start,true,false,true,true
187,.text,0x60000020,7799803,0x7703FB,7802875,0x770FFB,6450253819,0x180770FFB,0F05,true,true,false,true,25540,0x770E50,0x77101E,462,427,0x1AB,false,true,syscall,2,,,0x77101E,function_end,instruction_start,true,false,true,true
188,.text,0x60000020,7800196,0x770584,7803268,0x771184,6450254212,0x180771184,0F05,true,true,false,true,25541,0x771020,0x7711A7,391,356,0x164,true,true,syscall,2,,,0x7711A7,function_end,instruction_start,true,false,true,true
189,.text,0x60000020,7800487,0x7706A7,7803559,0x7712A7,6450254503,0x1807712A7,0F05,true,true,false,true,25542,0x7711B0,0x7712C9,281,247,0xF7,false,true,syscall,2,,,0x7712C9,function_end,instruction_start,true,false,true,true
190,.text,0x60000020,7800977,0x770891,7804049,0x771491,6450254993,0x180771491,0F05,true,true,false,true,25543,0x7712D0,0x7714B4,484,449,0x1C1,false,true,syscall,2,,,0x7714B4,function_end,instruction_start,true,false,true,true
191,.text,0x60000020,7801445,0x770A65,7804517,0x771665,6450255461,0x180771665,0F05,true,true,false,true,25544,0x7714C0,0x771689,457,421,0x1A5,false,true,syscall,2,,,0x771689,function_end,instruction_start,true,false,true,true
192,.text,0x60000020,7801867,0x770C0B,7804939,0x77180B,6450255883,0x18077180B,0F05,true,true,false,true,25545,0x771690,0x77182E,414,379,0x17B,false,true,syscall,2,,,0x77182E,function_end,instruction_start,true,false,true,true
193,.text,0x60000020,7802315,0x770DCB,7805387,0x7719CB,6450256331,0x1807719CB,0F05,true,true,false,true,25546,0x771830,0x7719F4,452,411,0x19B,false,true,syscall,2,,,0x7719F4,function_end,instruction_start,true,false,true,true
194,.text,0x60000020,7802686,0x770F3E,7805758,0x771B3E,6450256702,0x180771B3E,0F05,true,true,false,true,25547,0x771A00,0x771B62,354,318,0x13E,false,true,syscall,2,,,0x771B62,function_end,instruction_start,true,false,true,true
195,.text,0x60000020,7803090,0x7710D2,7806162,0x771CD2,6450257106,0x180771CD2,0F05,true,true,false,true,25548,0x771B70,0x771CE4,372,354,0x162,false,true,syscall,2,,,0x771CE4,function_end,instruction_start,true,false,true,true
196,.text,0x60000020,7803410,0x771212,7806482,0x771E12,6450257426,0x180771E12,0F05,true,true,false,true,25549,0x771CF0,0x771E36,326,290,0x122,false,true,syscall,2,,,0x771E36,function_end,instruction_start,true,false,true,true
197,.text,0x60000020,7803807,0x77139F,7806879,0x771F9F,6450257823,0x180771F9F,0F05,true,true,false,true,25550,0x771E40,0x771FA7,359,351,0x15F,false,true,syscall,2,,,0x771FA7,function_end,instruction_start,true,false,true,true
198,.text,0x60000020,7804152,0x7714F8,7807224,0x7720F8,6450258168,0x1807720F8,0F05,true,true,false,true,25551,0x771FB0,0x77211E,366,328,0x148,true,true,syscall,2,,,0x77211E,function_end,instruction_start,true,false,true,true
199,.text,0x60000020,7804620,0x7716CC,7807692,0x7722CC,6450258636,0x1807722CC,0F05,true,true,false,true,25552,0x772120,0x7722F5,469,428,0x1AC,true,true,syscall,2,,,0x7722F5,function_end,instruction_start,true,false,true,true
200,.text,0x60000020,7805092,0x7718A4,7808164,0x7724A4,6450259108,0x1807724A4,0F05,true,true,false,true,25553,0x772300,0x7724CD,461,420,0x1A4,true,true,syscall,2,,,0x7724CD,function_end,instruction_start,true,false,true,true
201,.text,0x60000020,7805560,0x771A78,7808632,0x772678,6450259576,0x180772678,0F05,true,true,false,true,25554,0x7724D0,0x7726A1,465,424,0x1A8,true,true,syscall,2,,,0x7726A1,function_end,instruction_start,true,false,true,true
202,.text,0x60000020,7806119,0x771CA7,7809191,0x7728A7,6450260135,0x1807728A7,0F05,true,true,false,true,25555,0x7726B0,0x7728D0,544,503,0x1F7,false,true,syscall,2,,,0x7728D0,function_end,instruction_start,true,false,true,true
203,.text,0x60000020,7806640,0x771EB0,7809712,0x772AB0,6450260656,0x180772AB0,0F05,true,true,false,true,25556,0x7728D0,0x772AD9,521,480,0x1E0,true,true,syscall,2,,,0x772AD9,function_end,instruction_start,true,false,true,true
204,.text,0x60000020,7807120,0x772090,7810192,0x772C90,6450261136,0x180772C90,0F05,true,true,false,true,25557,0x772AE0,0x772CB9,473,432,0x1B0,true,true,syscall,2,,,0x772CB9,function_end,instruction_start,true,false,true,true
205,.text,0x60000020,7807455,0x7721DF,7810527,0x772DDF,6450261471,0x180772DDF,0F05,true,true,false,true,25558,0x772CC0,0x772E01,321,287,0x11F,false,true,syscall,2,,,0x772E01,function_end,instruction_start,true,false,true,true
206,.text,0x60000020,7807916,0x7723AC,7810988,0x772FAC,6450261932,0x180772FAC,0F05,true,true,false,true,25559,0x772E10,0x772FD0,448,412,0x19C,true,true,syscall,2,,,0x772FD0,function_end,instruction_start,true,false,true,true
207,.text,0x60000020,7808427,0x7725AB,7811499,0x7731AB,6450262443,0x1807731AB,0F05,true,true,false,true,25560,0x772FD0,0x7731CD,509,475,0x1DB,false,true,syscall,2,,,0x7731CD,function_end,instruction_start,true,false,true,true
208,.text,0x60000020,7808783,0x77270F,7811855,0x77330F,6450262799,0x18077330F,0F05,true,true,false,true,25561,0x7731D0,0x773335,357,319,0x13F,false,true,syscall,2,,,0x773335,function_end,instruction_start,true,false,true,true
209,.text,0x60000020,7809135,0x77286F,7812207,0x77346F,6450263151,0x18077346F,0F05,true,true,false,true,25562,0x773340,0x773491,337,303,0x12F,false,true,syscall,2,,,0x773491,function_end,instruction_start,true,false,true,true
210,.text,0x60000020,7809586,0x772A32,7812658,0x773632,6450263602,0x180773632,0F05,true,true,false,true,25563,0x7734A0,0x773654,436,402,0x192,false,true,syscall,2,,,0x773654,function_end,instruction_start,true,false,true,true
211,.text,0x60000020,7810015,0x772BDF,7813087,0x7737DF,6450264031,0x1807737DF,0F05,true,true,false,true,25564,0x773660,0x773801,417,383,0x17F,false,true,syscall,2,,,0x773801,function_end,instruction_start,true,false,true,true
212,.text,0x60000020,7810579,0x772E13,7813651,0x773A13,6450264595,0x180773A13,0F05,true,true,false,true,25565,0x773810,0x773A35,549,515,0x203,false,true,syscall,2,,,0x773A35,function_end,instruction_start,true,false,true,true
213,.text,0x60000020,7810947,0x772F83,7814019,0x773B83,6450264963,0x180773B83,0F05,true,true,false,true,25566,0x773A40,0x773BA7,359,323,0x143,false,true,syscall,2,,,0x773BA7,function_end,instruction_start,true,false,true,true
214,.text,0x60000020,7811312,0x7730F0,7814384,0x773CF0,6450265328,0x180773CF0,0F05,true,true,false,true,25567,0x773BB0,0x773D12,354,320,0x140,true,true,syscall,2,,,0x773D12,function_end,instruction_start,true,false,true,true
215,.text,0x60000020,7811757,0x7732AD,7814829,0x773EAD,6450265773,0x180773EAD,0F05,true,true,false,true,25568,0x773D20,0x773ECF,431,397,0x18D,false,true,syscall,2,,,0x773ECF,function_end,instruction_start,true,false,true,true
216,.text,0x60000020,7812425,0x773549,7815497,0x774149,6450266441,0x180774149,0F05,true,true,false,true,25569,0x773ED0,0x774171,673,633,0x279,false,true,syscall,2,,,0x774171,function_end,instruction_start,true,false,true,true
217,.text,0x60000020,7812989,0x77377D,7816061,0x77437D,6450267005,0x18077437D,0F05,true,true,false,true,25570,0x774180,0x774387,519,509,0x1FD,false,true,syscall,2,,,0x774387,function_end,instruction_start,true,false,true,true
218,.text,0x60000020,7813339,0x7738DB,7816411,0x7744DB,6450267355,0x1807744DB,0F05,true,true,false,true,25571,0x774390,0x7744FB,363,331,0x14B,false,true,syscall,2,,,0x7744FB,function_end,instruction_start,true,false,true,true
219,.text,0x60000020,7813852,0x773ADC,7816924,0x7746DC,6450267868,0x1807746DC,0F05,true,true,false,true,25572,0x774500,0x7746FC,508,476,0x1DC,true,true,syscall,2,,,0x7746FC,function_end,instruction_start,true,false,true,true
220,.text,0x60000020,7814286,0x773C8E,7817358,0x77488E,6450268302,0x18077488E,0F05,true,true,false,true,25573,0x774700,0x7748AD,429,398,0x18E,false,true,syscall,2,,,0x7748AD,function_end,instruction_start,true,false,true,true
221,.text,0x60000020,7814870,0x773ED6,7817942,0x774AD6,6450268886,0x180774AD6,0F05,true,true,false,true,25574,0x7748B0,0x774AF6,582,550,0x226,false,true,syscall,2,,,0x774AF6,function_end,instruction_start,true,false,true,true
222,.text,0x60000020,7815266,0x774062,7818338,0x774C62,6450269282,0x180774C62,0F05,true,true,false,true,25575,0x774B00,0x774C84,388,354,0x162,false,true,syscall,2,,,0x774C84,function_end,instruction_start,true,false,true,true
223,.text,0x60000020,7815726,0x77422E,7818798,0x774E2E,6450269742,0x180774E2E,0F05,true,true,false,true,25576,0x774C90,0x774E52,450,414,0x19E,false,true,syscall,2,,,0x774E52,function_end,instruction_start,true,false,true,true
224,.text,0x60000020,7816158,0x7743DE,7819230,0x774FDE,6450270174,0x180774FDE,0F05,true,true,false,true,25577,0x774E60,0x775002,418,382,0x17E,false,true,syscall,2,,,0x775002,function_end,instruction_start,true,false,true,true
225,.text,0x60000020,7816552,0x774568,7819624,0x775168,6450270568,0x180775168,0F05,true,true,false,true,25578,0x775010,0x775187,375,344,0x158,true,true,syscall,2,,,0x775187,function_end,instruction_start,true,false,true,true
226,.text,0x60000020,7817208,0x7747F8,7820280,0x7753F8,6450271224,0x1807753F8,0F05,true,true,false,true,25579,0x775190,0x775418,648,616,0x268,true,true,syscall,2,,,0x775418,function_end,instruction_start,true,false,true,true
227,.text,0x60000020,7817727,0x7749FF,7820799,0x7755FF,6450271743,0x1807755FF,0F05,true,true,false,true,25580,0x775420,0x77561F,511,479,0x1DF,false,true,syscall,2,,,0x77561F,function_end,instruction_start,true,false,true,true
228,.text,0x60000020,7818184,0x774BC8,7821256,0x7757C8,6450272200,0x1807757C8,0F05,true,true,false,true,25581,0x775620,0x7757E7,455,424,0x1A8,true,true,syscall,2,,,0x7757E7,function_end,instruction_start,true,false,true,true
229,.text,0x60000020,7818614,0x774D76,7821686,0x775976,6450272630,0x180775976,0F05,true,true,false,true,25582,0x7757F0,0x77599A,426,390,0x186,false,true,syscall,2,,,0x77599A,function_end,instruction_start,true,false,true,true
230,.text,0x60000020,7818955,0x774ECB,7822027,0x775ACB,6450272971,0x180775ACB,0F05,true,true,false,true,25583,0x7759A0,0x775AED,333,299,0x12B,false,true,syscall,2,,,0x775AED,function_end,instruction_start,true,false,true,true
231,.text,0x60000020,7819393,0x775081,7822465,0x775C81,6450273409,0x180775C81,0F05,true,true,false,true,25584,0x775AF0,0x775CA5,437,401,0x191,false,true,syscall,2,,,0x775CA5,function_end,instruction_start,true,false,true,true
232,.text,0x60000020,7819825,0x775231,7822897,0x775E31,6450273841,0x180775E31,0F05,true,true,false,true,25585,0x775CB0,0x775E51,417,385,0x181,false,true,syscall,2,,,0x775E51,function_end,instruction_start,true,false,true,true
233,.text,0x60000020,7820298,0x77540A,7823370,0x77600A,6450274314,0x18077600A,0F05,true,true,false,true,25586,0x775E60,0x77602C,460,426,0x1AA,false,true,syscall,2,,,0x77602C,function_end,instruction_start,true,false,true,true
234,.text,0x60000020,7820668,0x77557C,7823740,0x77617C,6450274684,0x18077617C,0F05,true,true,false,true,25587,0x776030,0x77619E,366,332,0x14C,true,true,syscall,2,,,0x77619E,function_end,instruction_start,true,false,true,true
235,.text,0x60000020,7821139,0x775753,7824211,0x776353,6450275155,0x180776353,0F05,true,true,false,true,25588,0x7761A0,0x77637B,475,435,0x1B3,false,true,syscall,2,,,0x77637B,function_end,instruction_start,true,false,true,true
236,.text,0x60000020,7821696,0x775980,7824768,0x776580,6450275712,0x180776580,0F05,true,true,false,true,25589,0x776380,0x7765A9,553,512,0x200,true,true,syscall,2,,,0x7765A9,function_end,instruction_start,true,false,true,true
237,.text,0x60000020,7822100,0x775B14,7825172,0x776714,6450276116,0x180776714,0F05,true,true,false,true,25590,0x7765B0,0x77673C,396,356,0x164,true,true,syscall,2,,,0x77673C,function_end,instruction_start,true,false,true,true
238,.text,0x60000020,7822506,0x775CAA,7825578,0x7768AA,6450276522,0x1807768AA,0F05,true,true,false,true,25591,0x776740,0x7768D0,400,362,0x16A,false,true,syscall,2,,,0x7768D0,function_end,instruction_start,true,false,true,true
239,.text,0x60000020,7823065,0x775ED9,7826137,0x776AD9,6450277081,0x180776AD9,0F05,true,true,false,true,25592,0x7768D0,0x776B01,561,521,0x209,false,true,syscall,2,,,0x776B01,function_end,instruction_start,true,false,true,true
240,.text,0x60000020,7823540,0x7760B4,7826612,0x776CB4,6450277556,0x180776CB4,0F05,true,true,false,true,25593,0x776B10,0x776CDD,461,420,0x1A4,true,true,syscall,2,,,0x776CDD,function_end,instruction_start,true,false,true,true
241,.text,0x60000020,7823914,0x77622A,7826986,0x776E2A,6450277930,0x180776E2A,0F05,true,true,false,true,25594,0x776CE0,0x776E50,368,330,0x14A,false,true,syscall,2,,,0x776E50,function_end,instruction_start,true,false,true,true
242,.text,0x60000020,7824282,0x77639A,7827354,0x776F9A,6450278298,0x180776F9A,0F05,true,true,false,true,25595,0x776E50,0x776FB0,352,330,0x14A,false,true,syscall,2,,,0x776FB0,function_end,instruction_start,true,false,true,true
243,.text,0x60000020,7824816,0x7765B0,7827888,0x7771B0,6450278832,0x1807771B0,0F05,true,true,false,true,25596,0x776FB0,0x7771D6,550,512,0x200,true,true,syscall,2,,,0x7771D6,function_end,instruction_start,true,false,true,true
244,.text,0x60000020,7825406,0x7767FE,7828478,0x7773FE,6450279422,0x1807773FE,0F05,true,true,false,true,25597,0x7771E0,0x777427,583,542,0x21E,false,true,syscall,2,,,0x777427,function_end,instruction_start,true,false,true,true
245,.text,0x60000020,7825872,0x7769D0,7828944,0x7775D0,6450279888,0x1807775D0,0F05,true,true,false,true,25598,0x777430,0x7775F8,456,416,0x1A0,true,true,syscall,2,,,0x7775F8,function_end,instruction_start,true,false,true,true
246,.text,0x60000020,7826339,0x776BA3,7829411,0x7777A3,6450280355,0x1807777A3,0F05,true,true,false,true,25599,0x777600,0x7777C9,457,419,0x1A3,false,true,syscall,2,,,0x7777C9,function_end,instruction_start,true,false,true,true
247,.text,0x60000020,7826668,0x776CEC,7829740,0x7778EC,6450280684,0x1807778EC,0F05,true,true,false,true,25600,0x7777D0,0x77790C,316,284,0x11C,true,true,syscall,2,,,0x77790C,function_end,instruction_start,true,false,true,true
248,.text,0x60000020,7827106,0x776EA2,7830178,0x777AA2,6450281122,0x180777AA2,0F05,true,true,false,true,25601,0x777910,0x777AC2,434,402,0x192,false,true,syscall,2,,,0x777AC2,function_end,instruction_start,true,false,true,true
249,.text,0x60000020,7827619,0x7770A3,7830691,0x777CA3,6450281635,0x180777CA3,0F05,true,true,false,true,25602,0x777AD0,0x777CC3,499,467,0x1D3,false,true,syscall,2,,,0x777CC3,function_end,instruction_start,true,false,true,true
250,.text,0x60000020,7827924,0x7771D4,7830996,0x777DD4,6450281940,0x180777DD4,0F05,true,true,false,true,25603,0x777CD0,0x777DE2,274,260,0x104,true,true,syscall,2,,,0x777DE2,function_end,instruction_start,true,false,true,true
251,.text,0x60000020,7828332,0x77736C,7831404,0x777F6C,6450282348,0x180777F6C,0F05,true,true,false,true,25604,0x777DF0,0x777F8C,412,380,0x17C,true,true,syscall,2,,,0x777F8C,function_end,instruction_start,true,false,true,true
252,.text,0x60000020,7828796,0x77753C,7831868,0x77813C,6450282812,0x18077813C,0F05,true,true,false,true,25605,0x777F90,0x778145,437,428,0x1AC,true,true,syscall,2,,,0x778145,function_end,instruction_start,true,false,true,true
253,.text,0x60000020,7829215,0x7776DF,7832287,0x7782DF,6450283231,0x1807782DF,0F05,true,true,false,true,25606,0x778150,0x778308,440,399,0x18F,false,true,syscall,2,,,0x778308,function_end,instruction_start,true,false,true,true
254,.text,0x60000020,7829628,0x77787C,7832700,0x77847C,6450283644,0x18077847C,0F05,true,true,false,true,25607,0x778310,0x778493,387,364,0x16C,true,true,syscall,2,,,0x778493,function_end,instruction_start,true,false,true,true
255,.text,0x60000020,7830093,0x777A4D,7833165,0x77864D,6450284109,0x18077864D,0F05,true,true,false,true,25608,0x7784A0,0x778676,470,429,0x1AD,false,true,syscall,2,,,0x778676,function_end,instruction_start,true,false,true,true
256,.text,0x60000020,7830595,0x777C43,7833667,0x778843,6450284611,0x180778843,0F05,true,true,false,true,25609,0x778680,0x77886C,492,451,0x1C3,false,true,syscall,2,,,0x77886C,function_end,instruction_start,true,false,true,true
257,.text,0x60000020,7831025,0x777DF1,7834097,0x7789F1,6450285041,0x1807789F1,0F05,true,true,false,true,25610,0x778870,0x778A1A,426,385,0x181,false,true,syscall,2,,,0x778A1A,function_end,instruction_start,true,false,true,true
258,.text,0x60000020,7831412,0x777F74,7834484,0x778B74,6450285428,0x180778B74,0F05,true,true,false,true,25611,0x778A20,0x778B86,358,340,0x154,true,true,syscall,2,,,0x778B86,function_end,instruction_start,true,false,true,true
259,.text,0x60000020,7831851,0x77812B,7834923,0x778D2B,6450285867,0x180778D2B,0F05,true,true,false,true,25612,0x778B90,0x778D4A,442,411,0x19B,false,true,syscall,2,,,0x778D4A,function_end,instruction_start,true,false,true,true
260,.text,0x60000020,7832179,0x778273,7835251,0x778E73,6450286195,0x180778E73,0F05,true,true,false,true,25613,0x778D50,0x778E95,325,291,0x123,false,true,syscall,2,,,0x778E95,function_end,instruction_start,true,false,true,true
261,.text,0x60000020,7832525,0x7783CD,7835597,0x778FCD,6450286541,0x180778FCD,0F05,true,true,false,true,25614,0x778EA0,0x778FED,333,301,0x12D,false,true,syscall,2,,,0x778FED,function_end,instruction_start,true,false,true,true
262,.text,0x60000020,7832787,0x7784D3,7835859,0x7790D3,6450286803,0x1807790D3,0F05,true,true,false,true,25615,0x778FF0,0x7790F2,258,227,0xE3,false,true,syscall,2,,,0x7790F2,function_end,instruction_start,true,false,true,true
263,.text,0x60000020,7833197,0x77866D,7836269,0x77926D,6450287213,0x18077926D,0F05,true,true,false,true,25616,0x779100,0x77928D,397,365,0x16D,false,true,syscall,2,,,0x77928D,function_end,instruction_start,true,false,true,true
264,.text,0x60000020,7833671,0x778847,7836743,0x779447,6450287687,0x180779447,0F05,true,true,false,true,25617,0x779290,0x779469,473,439,0x1B7,false,true,syscall,2,,,0x779469,function_end,instruction_start,true,false,true,true
265,.text,0x60000020,7834043,0x7789BB,7837115,0x7795BB,6450288059,0x1807795BB,0F05,true,true,false,false,,,,,,,false,false,,0,,,,no_pdata_function,no_pdata_function,false,true,false,false
266,.text,0x60000020,7834327,0x778AD7,7837399,0x7796D7,6450288343,0x1807796D7,0F05,true,true,false,true,25618,0x7795D0,0x7796F7,295,263,0x107,false,true,syscall,2,,,0x7796F7,function_end,instruction_start,true,false,true,true
267,.text,0x60000020,7834714,0x778C5A,7837786,0x77985A,6450288730,0x18077985A,0F05,true,true,false,true,25619,0x779700,0x77987A,378,346,0x15A,false,true,syscall,2,,,0x77987A,function_end,instruction_start,true,false,true,true
268,.text,0x60000020,7835109,0x778DE5,7838181,0x7799E5,6450289125,0x1807799E5,0F05,true,true,false,true,25620,0x779880,0x779A04,388,357,0x165,false,true,syscall,2,,,0x779A04,function_end,instruction_start,true,false,true,true
269,.text,0x60000020,7835513,0x778F79,7838585,0x779B79,6450289529,0x180779B79,0F05,true,true,false,true,25621,0x779A10,0x779B99,393,361,0x169,false,true,syscall,2,,,0x779B99,function_end,instruction_start,true,false,true,true
270,.text,0x60000020,7835973,0x779145,7839045,0x779D45,6450289989,0x180779D45,0F05,true,true,false,true,25622,0x779BA0,0x779D64,452,421,0x1A5,false,true,syscall,2,,,0x779D64,function_end,instruction_start,true,false,true,true
271,.text,0x60000020,7836372,0x7792D4,7839444,0x779ED4,6450290388,0x180779ED4,0F05,true,true,false,true,25623,0x779D70,0x779EF4,388,356,0x164,true,true,syscall,2,,,0x779EF4,function_end,instruction_start,true,false,true,true
272,.text,0x60000020,7836815,0x77948F,7839887,0x77A08F,6450290831,0x18077A08F,0F05,true,true,false,true,25624,0x779F00,0x77A0B1,433,399,0x18F,false,true,syscall,2,,,0x77A0B1,function_end,instruction_start,true,false,true,true
273,.text,0x60000020,7837203,0x779613,7840275,0x77A213,6450291219,0x18077A213,0F05,true,true,false,true,25625,0x77A0C0,0x77A232,370,339,0x153,false,true,syscall,2,,,0x77A232,function_end,instruction_start,true,false,true,true
274,.text,0x60000020,7837652,0x7797D4,7840724,0x77A3D4,6450291668,0x18077A3D4,0F05,true,true,false,true,25626,0x77A240,0x77A3F4,436,404,0x194,true,true,syscall,2,,,0x77A3F4,function_end,instruction_start,true,false,true,true
275,.text,0x60000020,7838049,0x779961,7841121,0x77A561,6450292065,0x18077A561,0F05,true,true,false,true,25627,0x77A400,0x77A581,385,353,0x161,false,true,syscall,2,,,0x77A581,function_end,instruction_start,true,false,true,true
276,.text,0x60000020,7838357,0x779A95,7841429,0x77A695,6450292373,0x18077A695,0F05,true,true,false,true,25628,0x77A590,0x77A6B9,297,261,0x105,false,true,syscall,2,,,0x77A6B9,function_end,instruction_start,true,false,true,true
277,.text,0x60000020,7838851,0x779C83,7841923,0x77A883,6450292867,0x18077A883,0F05,true,true,false,true,25629,0x77A6C0,0x77A8A9,489,451,0x1C3,false,true,syscall,2,,,0x77A8A9,function_end,instruction_start,true,false,true,true
278,.text,0x60000020,7839246,0x779E0E,7842318,0x77AA0E,6450293262,0x18077AA0E,0F05,true,true,false,true,25630,0x77A8B0,0x77AA36,390,350,0x15E,false,true,syscall,2,,,0x77AA36,function_end,instruction_start,true,false,true,true
279,.text,0x60000020,7839742,0x779FFE,7842814,0x77ABFE,6450293758,0x18077ABFE,0F05,true,true,false,true,25631,0x77AA40,0x77AC22,482,446,0x1BE,false,true,syscall,2,,,0x77AC22,function_end,instruction_start,true,false,true,true
280,.text,0x60000020,7840418,0x77A2A2,7843490,0x77AEA2,6450294434,0x18077AEA2,0F05,true,true,false,true,25632,0x77AC30,0x77AECB,667,626,0x272,false,true,syscall,2,,,0x77AECB,function_end,instruction_start,true,false,true,true
281,.text,0x60000020,7840776,0x77A408,7843848,0x77B008,6450294792,0x18077B008,0F05,true,true,false,true,25633,0x77AED0,0x77B02E,350,312,0x138,true,true,syscall,2,,,0x77B02E,function_end,instruction_start,true,false,true,true
282,.text,0x60000020,7841119,0x77A55F,7844191,0x77B15F,6450295135,0x18077B15F,0F05,true,true,false,true,25634,0x77B030,0x77B187,343,303,0x12F,false,true,syscall,2,,,0x77B187,function_end,instruction_start,true,false,true,true
283,.text,0x60000020,7852848,0x77D330,7855920,0x77DF30,6450306864,0x18077DF30,0F05,true,true,false,true,25660,0x77DB40,0x7804D4,10644,1008,0x3F0,true,true,syscall,2,,,0x7804D4,function_end,instruction_start,true,false,true,true
284,.text,0x60000020,7855785,0x77DEA9,7858857,0x77EAA9,6450309801,0x18077EAA9,0F05,true,true,false,true,25660,0x77DB40,0x7804D4,10644,3945,0xF69,false,true,syscall,2,,,0x7804D4,function_end,instruction_start,true,false,true,true
285,.text,0x60000020,7856510,0x77E17E,7859582,0x77ED7E,6450310526,0x18077ED7E,0F05,true,true,false,true,25660,0x77DB40,0x7804D4,10644,4670,0x123E,false,true,syscall,2,,,0x7804D4,function_end,instruction_start,true,false,true,true
286,.text,0x60000020,7857477,0x77E545,7860549,0x77F145,6450311493,0x18077F145,0F05,true,true,false,true,25660,0x77DB40,0x7804D4,10644,5637,0x1605,false,true,syscall,2,,,0x7804D4,function_end,instruction_start,true,false,true,true
287,.text,0x60000020,7858778,0x77EA5A,7861850,0x77F65A,6450312794,0x18077F65A,0F05,true,true,false,true,25660,0x77DB40,0x7804D4,10644,6938,0x1B1A,false,true,syscall,2,,,0x7804D4,function_end,instruction_start,true,false,true,true
288,.text,0x60000020,7859514,0x77ED3A,7862586,0x77F93A,6450313530,0x18077F93A,0F05,true,true,false,true,25660,0x77DB40,0x7804D4,10644,7674,0x1DFA,false,true,syscall,2,,,0x7804D4,function_end,instruction_start,true,false,true,true
289,.text,0x60000020,7860974,0x77F2EE,7864046,0x77FEEE,6450314990,0x18077FEEE,0F05,true,true,false,true,25660,0x77DB40,0x7804D4,10644,9134,0x23AE,false,true,syscall,2,,,0x7804D4,function_end,instruction_start,true,false,true,true
290,.text,0x60000020,7862374,0x77F866,7865446,0x780466,6450316390,0x180780466,0F05,true,true,false,true,25660,0x77DB40,0x7804D4,10644,10534,0x2926,false,true,syscall,2,,,0x7804D4,function_end,instruction_start,true,false,true,true
291,.text,0x60000020,7868534,0x781076,7871606,0x781C76,6450322550,0x180781C76,0F05,true,true,false,true,25673,0x7816D0,0x78325D,7053,1446,0x5A6,false,true,syscall,2,,,0x78325D,function_end,instruction_start,true,false,true,true
292,.text,0x60000020,7869225,0x781329,7872297,0x781F29,6450323241,0x180781F29,0F05,true,true,false,true,25673,0x7816D0,0x78325D,7053,2137,0x859,false,true,syscall,2,,,0x78325D,function_end,instruction_start,true,false,true,true
293,.text,0x60000020,7870390,0x7817B6,7873462,0x7823B6,6450324406,0x1807823B6,0F05,true,true,false,true,25673,0x7816D0,0x78325D,7053,3302,0xCE6,false,true,syscall,2,,,0x78325D,function_end,instruction_start,true,false,true,true
294,.text,0x60000020,7871070,0x781A5E,7874142,0x78265E,6450325086,0x18078265E,0F05,true,true,false,true,25673,0x7816D0,0x78325D,7053,3982,0xF8E,false,true,syscall,2,,,0x78325D,function_end,instruction_start,true,false,true,true
295,.text,0x60000020,7871681,0x781CC1,7874753,0x7828C1,6450325697,0x1807828C1,0F05,true,true,false,true,25673,0x7816D0,0x78325D,7053,4593,0x11F1,false,true,syscall,2,,,0x78325D,function_end,instruction_start,true,false,true,true
296,.text,0x60000020,7872350,0x781F5E,7875422,0x782B5E,6450326366,0x180782B5E,0F05,true,true,false,true,25673,0x7816D0,0x78325D,7053,5262,0x148E,false,true,syscall,2,,,0x78325D,function_end,instruction_start,true,false,true,true
297,.text,0x60000020,7873460,0x7823B4,7876532,0x782FB4,6450327476,0x180782FB4,0F05,true,true,false,true,25673,0x7816D0,0x78325D,7053,6372,0x18E4,true,true,syscall,2,,,0x78325D,function_end,instruction_start,true,false,true,true
298,.text,0x60000020,7873938,0x782592,7877010,0x783192,6450327954,0x180783192,0F05,true,true,false,true,25673,0x7816D0,0x78325D,7053,6850,0x1AC2,false,true,syscall,2,,,0x78325D,function_end,instruction_start,true,false,true,true
299,.text,0x60000020,7875057,0x7829F1,7878129,0x7835F1,6450329073,0x1807835F1,0F05,true,true,false,true,25676,0x7833A0,0x789D70,27088,593,0x251,false,true,syscall,2,,,0x789D70,function_end,instruction_start,true,false,true,true
300,.text,0x60000020,7875826,0x782CF2,7878898,0x7838F2,6450329842,0x1807838F2,0F05,true,true,false,true,25676,0x7833A0,0x789D70,27088,1362,0x552,false,true,syscall,2,,,0x789D70,function_end,instruction_start,true,false,true,true
301,.text,0x60000020,7876408,0x782F38,7879480,0x783B38,6450330424,0x180783B38,0F05,true,true,false,true,25676,0x7833A0,0x789D70,27088,1944,0x798,true,true,syscall,2,,,0x789D70,function_end,instruction_start,true,false,true,true
302,.text,0x60000020,7877316,0x7832C4,7880388,0x783EC4,6450331332,0x180783EC4,0F05,true,true,false,true,25676,0x7833A0,0x789D70,27088,2852,0xB24,true,true,syscall,2,,,0x789D70,function_end,instruction_start,true,false,true,true
303,.text,0x60000020,7878282,0x78368A,7881354,0x78428A,6450332298,0x18078428A,0F05,true,true,false,true,25676,0x7833A0,0x789D70,27088,3818,0xEEA,false,true,syscall,2,,,0x789D70,function_end,instruction_start,true,false,true,true
304,.text,0x60000020,7879127,0x7839D7,7882199,0x7845D7,6450333143,0x1807845D7,0F05,true,true,false,true,25676,0x7833A0,0x789D70,27088,4663,0x1237,false,true,syscall,2,,,0x789D70,function_end,instruction_start,true,false,true,true
305,.text,0x60000020,7879617,0x783BC1,7882689,0x7847C1,6450333633,0x1807847C1,0F05,true,true,false,true,25676,0x7833A0,0x789D70,27088,5153,0x1421,false,true,syscall,2,,,0x789D70,function_end,instruction_start,true,false,true,true
306,.text,0x60000020,7880295,0x783E67,7883367,0x784A67,6450334311,0x180784A67,0F05,true,true,false,true,25676,0x7833A0,0x789D70,27088,5831,0x16C7,false,true,syscall,2,,,0x789D70,function_end,instruction_start,true,false,true,true
307,.text,0x60000020,7881301,0x784255,7884373,0x784E55,6450335317,0x180784E55,0F05,true,true,false,true,25676,0x7833A0,0x789D70,27088,6837,0x1AB5,false,true,syscall,2,,,0x789D70,function_end,instruction_start,true,false,true,true
308,.text,0x60000020,7881924,0x7844C4,7884996,0x7850C4,6450335940,0x1807850C4,0F05,true,true,false,true,25676,0x7833A0,0x789D70,27088,7460,0x1D24,true,true,syscall,2,,,0x789D70,function_end,instruction_start,true,false,true,true
309,.text,0x60000020,7883319,0x784A37,7886391,0x785637,6450337335,0x180785637,0F05,true,true,false,true,25676,0x7833A0,0x789D70,27088,8855,0x2297,false,true,syscall,2,,,0x789D70,function_end,instruction_start,true,false,true,true
310,.text,0x60000020,7883976,0x784CC8,7887048,0x7858C8,6450337992,0x1807858C8,0F05,true,true,false,true,25676,0x7833A0,0x789D70,27088,9512,0x2528,true,true,syscall,2,,,0x789D70,function_end,instruction_start,true,false,true,true
311,.text,0x60000020,7885081,0x785119,7888153,0x785D19,6450339097,0x180785D19,0F05,true,true,false,true,25676,0x7833A0,0x789D70,27088,10617,0x2979,false,true,syscall,2,,,0x789D70,function_end,instruction_start,true,false,true,true
312,.text,0x60000020,7886943,0x78585F,7890015,0x78645F,6450340959,0x18078645F,0F05,true,true,false,true,25676,0x7833A0,0x789D70,27088,12479,0x30BF,false,true,syscall,2,,,0x789D70,function_end,instruction_start,true,false,true,true
313,.text,0x60000020,7887744,0x785B80,7890816,0x786780,6450341760,0x180786780,0F05,true,true,false,true,25676,0x7833A0,0x789D70,27088,13280,0x33E0,true,true,syscall,2,,,0x789D70,function_end,instruction_start,true,false,true,true
314,.text,0x60000020,7888342,0x785DD6,7891414,0x7869D6,6450342358,0x1807869D6,0F05,true,true,false,true,25676,0x7833A0,0x789D70,27088,13878,0x3636,false,true,syscall,2,,,0x789D70,function_end,instruction_start,true,false,true,true
315,.text,0x60000020,7889108,0x7860D4,7892180,0x786CD4,6450343124,0x180786CD4,0F05,true,true,false,true,25676,0x7833A0,0x789D70,27088,14644,0x3934,true,true,syscall,2,,,0x789D70,function_end,instruction_start,true,false,true,true
316,.text,0x60000020,7889433,0x786219,7892505,0x786E19,6450343449,0x180786E19,0F05,true,true,false,true,25676,0x7833A0,0x789D70,27088,14969,0x3A79,false,true,syscall,2,,,0x789D70,function_end,instruction_start,true,false,true,true
317,.text,0x60000020,7890782,0x78675E,7893854,0x78735E,6450344798,0x18078735E,0F05,true,true,false,true,25676,0x7833A0,0x789D70,27088,16318,0x3FBE,false,true,syscall,2,,,0x789D70,function_end,instruction_start,true,false,true,true
318,.text,0x60000020,7892315,0x786D5B,7895387,0x78795B,6450346331,0x18078795B,0F05,true,true,false,true,25676,0x7833A0,0x789D70,27088,17851,0x45BB,false,true,syscall,2,,,0x789D70,function_end,instruction_start,true,false,true,true
319,.text,0x60000020,7892981,0x786FF5,7896053,0x787BF5,6450346997,0x180787BF5,0F05,true,true,false,true,25676,0x7833A0,0x789D70,27088,18517,0x4855,false,true,syscall,2,,,0x789D70,function_end,instruction_start,true,false,true,true
320,.text,0x60000020,7894021,0x787405,7897093,0x788005,6450348037,0x180788005,0F05,true,true,false,true,25676,0x7833A0,0x789D70,27088,19557,0x4C65,false,true,syscall,2,,,0x789D70,function_end,instruction_start,true,false,true,true
321,.text,0x60000020,7894567,0x787627,7897639,0x788227,6450348583,0x180788227,0F05,true,true,false,true,25676,0x7833A0,0x789D70,27088,20103,0x4E87,false,true,syscall,2,,,0x789D70,function_end,instruction_start,true,false,true,true
322,.text,0x60000020,7895185,0x787891,7898257,0x788491,6450349201,0x180788491,0F05,true,true,false,true,25676,0x7833A0,0x789D70,27088,20721,0x50F1,false,true,syscall,2,,,0x789D70,function_end,instruction_start,true,false,true,true
323,.text,0x60000020,7896530,0x787DD2,7899602,0x7889D2,6450350546,0x1807889D2,0F05,true,true,false,true,25676,0x7833A0,0x789D70,27088,22066,0x5632,false,true,syscall,2,,,0x789D70,function_end,instruction_start,true,false,true,true
324,.text,0x60000020,7897171,0x788053,7900243,0x788C53,6450351187,0x180788C53,0F05,true,true,false,true,25676,0x7833A0,0x789D70,27088,22707,0x58B3,false,true,syscall,2,,,0x789D70,function_end,instruction_start,true,false,true,true
325,.text,0x60000020,7897775,0x7882AF,7900847,0x788EAF,6450351791,0x180788EAF,0F05,true,true,false,true,25676,0x7833A0,0x789D70,27088,23311,0x5B0F,false,true,syscall,2,,,0x789D70,function_end,instruction_start,true,false,true,true
326,.text,0x60000020,7898085,0x7883E5,7901157,0x788FE5,6450352101,0x180788FE5,0F05,true,true,false,true,25676,0x7833A0,0x789D70,27088,23621,0x5C45,false,true,syscall,2,,,0x789D70,function_end,instruction_start,true,false,true,true
327,.text,0x60000020,7898621,0x7885FD,7901693,0x7891FD,6450352637,0x1807891FD,0F05,true,true,false,true,25676,0x7833A0,0x789D70,27088,24157,0x5E5D,false,true,syscall,2,,,0x789D70,function_end,instruction_start,true,false,true,true
328,.text,0x60000020,7899178,0x78882A,7902250,0x78942A,6450353194,0x18078942A,0F05,true,true,false,true,25676,0x7833A0,0x789D70,27088,24714,0x608A,false,true,syscall,2,,,0x789D70,function_end,instruction_start,true,false,true,true
329,.text,0x60000020,7899730,0x788A52,7902802,0x789652,6450353746,0x180789652,0F05,true,true,false,true,25676,0x7833A0,0x789D70,27088,25266,0x62B2,false,true,syscall,2,,,0x789D70,function_end,instruction_start,true,false,true,true
330,.text,0x60000020,7900960,0x788F20,7904032,0x789B20,6450354976,0x180789B20,0F05,true,true,false,true,25676,0x7833A0,0x789D70,27088,26496,0x6780,true,true,syscall,2,,,0x789D70,function_end,instruction_start,true,false,true,true
331,.text,0x60000020,7902156,0x7893CC,7905228,0x789FCC,6450356172,0x180789FCC,0F05,true,true,false,true,25677,0x789D70,0x78B319,5545,604,0x25C,true,true,syscall,2,,,0x78B319,function_end,instruction_start,true,false,true,true
332,.text,0x60000020,7903056,0x789750,7906128,0x78A350,6450357072,0x18078A350,0F05,true,true,false,true,25677,0x789D70,0x78B319,5545,1504,0x5E0,true,true,syscall,2,,,0x78B319,function_end,instruction_start,true,false,true,true
333,.text,0x60000020,7903783,0x789A27,7906855,0x78A627,6450357799,0x18078A627,0F05,true,true,false,true,25677,0x789D70,0x78B319,5545,2231,0x8B7,false,true,syscall,2,,,0x78B319,function_end,instruction_start,true,false,true,true
334,.text,0x60000020,7904627,0x789D73,7907699,0x78A973,6450358643,0x18078A973,0F05,true,true,false,true,25677,0x789D70,0x78B319,5545,3075,0xC03,false,true,syscall,2,,,0x78B319,function_end,instruction_start,true,false,true,true
335,.text,0x60000020,7905006,0x789EEE,7908078,0x78AAEE,6450359022,0x18078AAEE,0F05,true,true,false,true,25677,0x789D70,0x78B319,5545,3454,0xD7E,false,true,syscall,2,,,0x78B319,function_end,instruction_start,true,false,true,true
336,.text,0x60000020,7905298,0x78A012,7908370,0x78AC12,6450359314,0x18078AC12,0F05,true,true,false,true,25677,0x789D70,0x78B319,5545,3746,0xEA2,false,true,syscall,2,,,0x78B319,function_end,instruction_start,true,false,true,true
337,.text,0x60000020,7905852,0x78A23C,7908924,0x78AE3C,6450359868,0x18078AE3C,0F05,true,true,false,true,25677,0x789D70,0x78B319,5545,4300,0x10CC,true,true,syscall,2,,,0x78B319,function_end,instruction_start,true,false,true,true
338,.text,0x60000020,7907047,0x78A6E7,7910119,0x78B2E7,6450361063,0x18078B2E7,0F05,true,true,false,true,25677,0x789D70,0x78B319,5545,5495,0x1577,false,true,syscall,2,,,0x78B319,function_end,instruction_start,true,false,true,true
339,.text,0x60000020,7973029,0x79A8A5,7976101,0x79B4A5,6450427045,0x18079B4A5,0F05,true,true,false,true,26121,0x79B4A0,0x79B4B2,18,5,0x5,false,true,,0,0x79B4A1,"lea rax, [rip + 0x50fba]",0x79B4B2,function_end,covered_by_instruction,false,true,false,false
340,.text,0x60000020,8180413,0x7CD2BD,8183485,0x7CDEBD,6450634429,0x1807CDEBD,0F05,true,true,false,true,27106,0x7CDD30,0x7CDEE3,435,397,0x18D,false,true,syscall,2,,,0x7CDEE3,function_end,instruction_start,true,false,true,true
341,.text,0x60000020,8180843,0x7CD46B,8183915,0x7CE06B,6450634859,0x1807CE06B,0F05,true,true,false,true,27107,0x7CDEF0,0x7CE091,417,379,0x17B,false,true,syscall,2,,,0x7CE091,function_end,instruction_start,true,false,true,true
342,.text,0x60000020,8181171,0x7CD5B3,8184243,0x7CE1B3,6450635187,0x1807CE1B3,0F05,true,true,false,true,27108,0x7CE0A0,0x7CE1D9,313,275,0x113,false,true,syscall,2,,,0x7CE1D9,function_end,instruction_start,true,false,true,true
343,.text,0x60000020,8181434,0x7CD6BA,8184506,0x7CE2BA,6450635450,0x1807CE2BA,0F05,true,true,false,true,27109,0x7CE1E0,0x7CE2C2,226,218,0xDA,false,true,syscall,2,,,0x7CE2C2,function_end,instruction_start,true,false,true,true
344,.text,0x60000020,8181827,0x7CD843,8184899,0x7CE443,6450635843,0x1807CE443,0F05,true,true,false,true,27110,0x7CE2D0,0x7CE46B,411,371,0x173,false,true,syscall,2,,,0x7CE46B,function_end,instruction_start,true,false,true,true
345,.text,0x60000020,8182419,0x7CDA93,8185491,0x7CE693,6450636435,0x1807CE693,0F05,true,true,false,true,27111,0x7CE470,0x7CE6B9,585,547,0x223,false,true,syscall,2,,,0x7CE6B9,function_end,instruction_start,true,false,true,true
346,.text,0x60000020,8205122,0x7D3342,8208194,0x7D3F42,6450659138,0x1807D3F42,0F05,true,true,false,true,27137,0x7D35D0,0x7D5E33,10339,2418,0x972,false,true,syscall,2,,,0x7D5E33,function_end,instruction_start,true,false,true,true
347,.text,0x60000020,8205561,0x7D34F9,8208633,0x7D40F9,6450659577,0x1807D40F9,0F05,true,true,false,true,27137,0x7D35D0,0x7D5E33,10339,2857,0xB29,false,true,syscall,2,,,0x7D5E33,function_end,instruction_start,true,false,true,true
348,.text,0x60000020,8205940,0x7D3674,8209012,0x7D4274,6450659956,0x1807D4274,0F05,true,true,false,true,27137,0x7D35D0,0x7D5E33,10339,3236,0xCA4,true,true,syscall,2,,,0x7D5E33,function_end,instruction_start,true,false,true,true
349,.text,0x60000020,8207803,0x7D3DBB,8210875,0x7D49BB,6450661819,0x1807D49BB,0F05,true,true,false,true,27137,0x7D35D0,0x7D5E33,10339,5099,0x13EB,false,true,syscall,2,,,0x7D5E33,function_end,instruction_start,true,false,true,true
350,.text,0x60000020,8208425,0x7D4029,8211497,0x7D4C29,6450662441,0x1807D4C29,0F05,true,true,false,true,27137,0x7D35D0,0x7D5E33,10339,5721,0x1659,false,true,syscall,2,,,0x7D5E33,function_end,instruction_start,true,false,true,true
351,.text,0x60000020,8210006,0x7D4656,8213078,0x7D5256,6450664022,0x1807D5256,0F05,true,true,false,true,27137,0x7D35D0,0x7D5E33,10339,7302,0x1C86,false,true,syscall,2,,,0x7D5E33,function_end,instruction_start,true,false,true,true
352,.text,0x60000020,8210891,0x7D49CB,8213963,0x7D55CB,6450664907,0x1807D55CB,0F05,true,true,false,true,27137,0x7D35D0,0x7D5E33,10339,8187,0x1FFB,false,true,syscall,2,,,0x7D5E33,function_end,instruction_start,true,false,true,true
353,.text,0x60000020,8212651,0x7D50AB,8215723,0x7D5CAB,6450666667,0x1807D5CAB,0F05,true,true,false,true,27137,0x7D35D0,0x7D5E33,10339,9947,0x26DB,false,true,syscall,2,,,0x7D5E33,function_end,instruction_start,true,false,true,true
354,.text,0x60000020,8225674,0x7D838A,8228746,0x7D8F8A,6450679690,0x1807D8F8A,0F05,true,true,false,true,27171,0x7D88C0,0x7DAFF4,10036,1738,0x6CA,false,true,syscall,2,,,0x7DAFF4,function_end,instruction_start,true,false,true,true
355,.text,0x60000020,8226146,0x7D8562,8229218,0x7D9162,6450680162,0x1807D9162,0F05,true,true,false,true,27171,0x7D88C0,0x7DAFF4,10036,2210,0x8A2,false,true,syscall,2,,,0x7DAFF4,function_end,instruction_start,true,false,true,true
356,.text,0x60000020,8227522,0x7D8AC2,8230594,0x7D96C2,6450681538,0x1807D96C2,0F05,true,true,false,true,27171,0x7D88C0,0x7DAFF4,10036,3586,0xE02,false,true,syscall,2,,,0x7DAFF4,function_end,instruction_start,true,false,true,true
357,.text,0x60000020,8228270,0x7D8DAE,8231342,0x7D99AE,6450682286,0x1807D99AE,0F05,true,true,false,true,27171,0x7D88C0,0x7DAFF4,10036,4334,0x10EE,false,true,syscall,2,,,0x7DAFF4,function_end,instruction_start,true,false,true,true
358,.text,0x60000020,8230131,0x7D94F3,8233203,0x7DA0F3,6450684147,0x1807DA0F3,0F05,true,true,false,true,27171,0x7D88C0,0x7DAFF4,10036,6195,0x1833,false,true,syscall,2,,,0x7DAFF4,function_end,instruction_start,true,false,true,true
359,.text,0x60000020,8230529,0x7D9681,8233601,0x7DA281,6450684545,0x1807DA281,0F05,true,true,false,true,27171,0x7D88C0,0x7DAFF4,10036,6593,0x19C1,false,true,syscall,2,,,0x7DAFF4,function_end,instruction_start,true,false,true,true
360,.text,0x60000020,8231073,0x7D98A1,8234145,0x7DA4A1,6450685089,0x1807DA4A1,0F05,true,true,false,true,27171,0x7D88C0,0x7DAFF4,10036,7137,0x1BE1,false,true,syscall,2,,,0x7DAFF4,function_end,instruction_start,true,false,true,true
361,.text,0x60000020,8233554,0x7DA252,8236626,0x7DAE52,6450687570,0x1807DAE52,0F05,true,true,false,true,27171,0x7D88C0,0x7DAFF4,10036,9618,0x2592,false,true,syscall,2,,,0x7DAFF4,function_end,instruction_start,true,false,true,true
362,.text,0x60000020,8791645,0x86265D,8794717,0x86325D,6451245661,0x18086325D,0F05,true,true,false,true,28002,0x85D270,0x874490,94752,24557,0x5FED,false,true,syscall,2,,,0x874490,function_end,instruction_start,true,false,true,true
363,.text,0x60000020,8795622,0x8635E6,8798694,0x8641E6,6451249638,0x1808641E6,0F05,true,true,false,true,28002,0x85D270,0x874490,94752,28534,0x6F76,false,true,syscall,2,,,0x874490,function_end,instruction_start,true,false,true,true
364,.text,0x60000020,8796401,0x8638F1,8799473,0x8644F1,6451250417,0x1808644F1,0F05,true,true,false,true,28002,0x85D270,0x874490,94752,29313,0x7281,false,true,syscall,2,,,0x874490,function_end,instruction_start,true,false,true,true
365,.text,0x60000020,8803062,0x8652F6,8806134,0x865EF6,6451257078,0x180865EF6,0F05,true,true,false,true,28002,0x85D270,0x874490,94752,35974,0x8C86,false,true,syscall,2,,,0x874490,function_end,instruction_start,true,false,true,true
366,.text,0x60000020,8835798,0x86D2D6,8838870,0x86DED6,6451289814,0x18086DED6,0F05,true,true,false,true,28002,0x85D270,0x874490,94752,68710,0x10C66,false,true,syscall,2,,,0x874490,function_end,instruction_start,true,false,true,true
367,.text,0x60000020,8845518,0x86F8CE,8848590,0x8704CE,6451299534,0x1808704CE,0F05,true,true,false,true,28002,0x85D270,0x874490,94752,78430,0x1325E,false,true,syscall,2,,,0x874490,function_end,instruction_start,true,false,true,true
368,.text,0x60000020,8849288,0x870788,8852360,0x871388,6451303304,0x180871388,0F05,true,true,false,true,28002,0x85D270,0x874490,94752,82200,0x14118,true,true,syscall,2,,,0x874490,function_end,instruction_start,true,false,true,true
369,.text,0x60000020,8861471,0x87371F,8864543,0x87431F,6451315487,0x18087431F,0F05,true,true,false,true,28002,0x85D270,0x874490,94752,94383,0x170AF,false,true,syscall,2,,,0x874490,function_end,instruction_start,true,false,true,true
370,.text,0x60000020,8945417,0x887F09,8948489,0x888B09,6451399433,0x180888B09,0F05,true,true,false,true,28457,0x87F3A0,0x8B0D02,203106,38761,0x9769,false,true,,0,0x888B01,"movabs rcx, 0x50f0f0f0f0f0f0f",0x8B0D02,function_end,covered_by_instruction,false,true,false,false
371,.text,0x60000020,9093878,0x8AC2F6,9096950,0x8ACEF6,6451547894,0x1808ACEF6,0F05,true,true,false,true,28457,0x87F3A0,0x8B0D02,203106,187222,0x2DB56,false,true,syscall,2,,,0x8B0D02,function_end,instruction_start,true,false,true,true
372,.text,0x60000020,9094211,0x8AC443,9097283,0x8AD043,6451548227,0x1808AD043,0F05,true,true,false,true,28457,0x87F3A0,0x8B0D02,203106,187555,0x2DCA3,false,true,syscall,2,,,0x8B0D02,function_end,instruction_start,true,false,true,true
373,.text,0x60000020,9094673,0x8AC611,9097745,0x8AD211,6451548689,0x1808AD211,0F05,true,true,false,true,28457,0x87F3A0,0x8B0D02,203106,188017,0x2DE71,false,true,syscall,2,,,0x8B0D02,function_end,instruction_start,true,false,true,true
374,.text,0x60000020,9095011,0x8AC763,9098083,0x8AD363,6451549027,0x1808AD363,0F05,true,true,false,true,28457,0x87F3A0,0x8B0D02,203106,188355,0x2DFC3,false,true,syscall,2,,,0x8B0D02,function_end,instruction_start,true,false,true,true
375,.text,0x60000020,9095440,0x8AC910,9098512,0x8AD510,6451549456,0x1808AD510,0F05,true,true,false,true,28457,0x87F3A0,0x8B0D02,203106,188784,0x2E170,true,true,syscall,2,,,0x8B0D02,function_end,instruction_start,true,false,true,true
376,.text,0x60000020,9095776,0x8ACA60,9098848,0x8AD660,6451549792,0x1808AD660,0F05,true,true,false,true,28457,0x87F3A0,0x8B0D02,203106,189120,0x2E2C0,true,true,syscall,2,,,0x8B0D02,function_end,instruction_start,true,false,true,true
377,.text,0x60000020,9096109,0x8ACBAD,9099181,0x8AD7AD,6451550125,0x1808AD7AD,0F05,true,true,false,true,28457,0x87F3A0,0x8B0D02,203106,189453,0x2E40D,false,true,syscall,2,,,0x8B0D02,function_end,instruction_start,true,false,true,true
378,.text,0x60000020,9096779,0x8ACE4B,9099851,0x8ADA4B,6451550795,0x1808ADA4B,0F05,true,true,false,true,28457,0x87F3A0,0x8B0D02,203106,190123,0x2E6AB,false,true,syscall,2,,,0x8B0D02,function_end,instruction_start,true,false,true,true
379,.text,0x60000020,9097198,0x8ACFEE,9100270,0x8ADBEE,6451551214,0x1808ADBEE,0F05,true,true,false,true,28457,0x87F3A0,0x8B0D02,203106,190542,0x2E84E,false,true,syscall,2,,,0x8B0D02,function_end,instruction_start,true,false,true,true
380,.text,0x60000020,9097508,0x8AD124,9100580,0x8ADD24,6451551524,0x1808ADD24,0F05,true,true,false,true,28457,0x87F3A0,0x8B0D02,203106,190852,0x2E984,true,true,syscall,2,,,0x8B0D02,function_end,instruction_start,true,false,true,true
381,.text,0x60000020,9097947,0x8AD2DB,9101019,0x8ADEDB,6451551963,0x1808ADEDB,0F05,true,true,false,true,28457,0x87F3A0,0x8B0D02,203106,191291,0x2EB3B,false,true,syscall,2,,,0x8B0D02,function_end,instruction_start,true,false,true,true
382,.text,0x60000020,9098262,0x8AD416,9101334,0x8AE016,6451552278,0x1808AE016,0F05,true,true,false,true,28457,0x87F3A0,0x8B0D02,203106,191606,0x2EC76,false,true,syscall,2,,,0x8B0D02,function_end,instruction_start,true,false,true,true
383,.text,0x60000020,9098668,0x8AD5AC,9101740,0x8AE1AC,6451552684,0x1808AE1AC,0F05,true,true,false,true,28457,0x87F3A0,0x8B0D02,203106,192012,0x2EE0C,true,true,syscall,2,,,0x8B0D02,function_end,instruction_start,true,false,true,true
384,.text,0x60000020,9098981,0x8AD6E5,9102053,0x8AE2E5,6451552997,0x1808AE2E5,0F05,true,true,false,true,28457,0x87F3A0,0x8B0D02,203106,192325,0x2EF45,false,true,syscall,2,,,0x8B0D02,function_end,instruction_start,true,false,true,true
385,.text,0x60000020,9099291,0x8AD81B,9102363,0x8AE41B,6451553307,0x1808AE41B,0F05,true,true,false,true,28457,0x87F3A0,0x8B0D02,203106,192635,0x2F07B,false,true,syscall,2,,,0x8B0D02,function_end,instruction_start,true,false,true,true
386,.text,0x60000020,9099938,0x8ADAA2,9103010,0x8AE6A2,6451553954,0x1808AE6A2,0F05,true,true,false,true,28457,0x87F3A0,0x8B0D02,203106,193282,0x2F302,false,true,syscall,2,,,0x8B0D02,function_end,instruction_start,true,false,true,true
387,.text,0x60000020,9100379,0x8ADC5B,9103451,0x8AE85B,6451554395,0x1808AE85B,0F05,true,true,false,true,28457,0x87F3A0,0x8B0D02,203106,193723,0x2F4BB,false,true,syscall,2,,,0x8B0D02,function_end,instruction_start,true,false,true,true
388,.text,0x60000020,9100689,0x8ADD91,9103761,0x8AE991,6451554705,0x1808AE991,0F05,true,true,false,true,28457,0x87F3A0,0x8B0D02,203106,194033,0x2F5F1,false,true,syscall,2,,,0x8B0D02,function_end,instruction_start,true,false,true,true
389,.text,0x60000020,9101128,0x8ADF48,9104200,0x8AEB48,6451555144,0x1808AEB48,0F05,true,true,false,true,28457,0x87F3A0,0x8B0D02,203106,194472,0x2F7A8,true,true,syscall,2,,,0x8B0D02,function_end,instruction_start,true,false,true,true
390,.text,0x60000020,9101443,0x8AE083,9104515,0x8AEC83,6451555459,0x1808AEC83,0F05,true,true,false,true,28457,0x87F3A0,0x8B0D02,203106,194787,0x2F8E3,false,true,syscall,2,,,0x8B0D02,function_end,instruction_start,true,false,true,true
391,.text,0x60000020,9101849,0x8AE219,9104921,0x8AEE19,6451555865,0x1808AEE19,0F05,true,true,false,true,28457,0x87F3A0,0x8B0D02,203106,195193,0x2FA79,false,true,syscall,2,,,0x8B0D02,function_end,instruction_start,true,false,true,true
392,.text,0x60000020,9102162,0x8AE352,9105234,0x8AEF52,6451556178,0x1808AEF52,0F05,true,true,false,true,28457,0x87F3A0,0x8B0D02,203106,195506,0x2FBB2,false,true,syscall,2,,,0x8B0D02,function_end,instruction_start,true,false,true,true
393,.text,0x60000020,9102472,0x8AE488,9105544,0x8AF088,6451556488,0x1808AF088,0F05,true,true,false,true,28457,0x87F3A0,0x8B0D02,203106,195816,0x2FCE8,true,true,syscall,2,,,0x8B0D02,function_end,instruction_start,true,false,true,true
394,.text,0x60000020,9103119,0x8AE70F,9106191,0x8AF30F,6451557135,0x1808AF30F,0F05,true,true,false,true,28457,0x87F3A0,0x8B0D02,203106,196463,0x2FF6F,false,true,syscall,2,,,0x8B0D02,function_end,instruction_start,true,false,true,true
395,.text,0x60000020,9103506,0x8AE892,9106578,0x8AF492,6451557522,0x1808AF492,0F05,true,true,false,true,28457,0x87F3A0,0x8B0D02,203106,196850,0x300F2,false,true,syscall,2,,,0x8B0D02,function_end,instruction_start,true,false,true,true
396,.text,0x60000020,9103816,0x8AE9C8,9106888,0x8AF5C8,6451557832,0x1808AF5C8,0F05,true,true,false,true,28457,0x87F3A0,0x8B0D02,203106,197160,0x30228,true,true,syscall,2,,,0x8B0D02,function_end,instruction_start,true,false,true,true
397,.text,0x60000020,9104255,0x8AEB7F,9107327,0x8AF77F,6451558271,0x1808AF77F,0F05,true,true,false,true,28457,0x87F3A0,0x8B0D02,203106,197599,0x303DF,false,true,syscall,2,,,0x8B0D02,function_end,instruction_start,true,false,true,true
398,.text,0x60000020,9104570,0x8AECBA,9107642,0x8AF8BA,6451558586,0x1808AF8BA,0F05,true,true,false,true,28457,0x87F3A0,0x8B0D02,203106,197914,0x3051A,false,true,syscall,2,,,0x8B0D02,function_end,instruction_start,true,false,true,true
399,.text,0x60000020,9104976,0x8AEE50,9108048,0x8AFA50,6451558992,0x1808AFA50,0F05,true,true,false,true,28457,0x87F3A0,0x8B0D02,203106,198320,0x306B0,true,true,syscall,2,,,0x8B0D02,function_end,instruction_start,true,false,true,true
400,.text,0x60000020,9105289,0x8AEF89,9108361,0x8AFB89,6451559305,0x1808AFB89,0F05,true,true,false,true,28457,0x87F3A0,0x8B0D02,203106,198633,0x307E9,false,true,syscall,2,,,0x8B0D02,function_end,instruction_start,true,false,true,true
401,.text,0x60000020,9105599,0x8AF0BF,9108671,0x8AFCBF,6451559615,0x1808AFCBF,0F05,true,true,false,true,28457,0x87F3A0,0x8B0D02,203106,198943,0x3091F,false,true,syscall,2,,,0x8B0D02,function_end,instruction_start,true,false,true,true
402,.text,0x60000020,9106246,0x8AF346,9109318,0x8AFF46,6451560262,0x1808AFF46,0F05,true,true,false,true,28457,0x87F3A0,0x8B0D02,203106,199590,0x30BA6,false,true,syscall,2,,,0x8B0D02,function_end,instruction_start,true,false,true,true
403,.text,0x60000020,9118108,0x8B219C,9121180,0x8B2D9C,6451572124,0x1808B2D9C,0F05,true,true,false,true,28500,0x8B29D0,0x8BC7BA,40426,972,0x3CC,true,true,syscall,2,,,0x8BC7BA,function_end,instruction_start,true,false,true,true
404,.text,0x60000020,9118931,0x8B24D3,9122003,0x8B30D3,6451572947,0x1808B30D3,0F05,true,true,false,true,28500,0x8B29D0,0x8BC7BA,40426,1795,0x703,false,true,syscall,2,,,0x8BC7BA,function_end,instruction_start,true,false,true,true
405,.text,0x60000020,9120188,0x8B29BC,9123260,0x8B35BC,6451574204,0x1808B35BC,0F05,true,true,false,true,28500,0x8B29D0,0x8BC7BA,40426,3052,0xBEC,true,true,syscall,2,,,0x8BC7BA,function_end,instruction_start,true,false,true,true
406,.text,0x60000020,9121578,0x8B2F2A,9124650,0x8B3B2A,6451575594,0x1808B3B2A,0F05,true,true,false,true,28500,0x8B29D0,0x8BC7BA,40426,4442,0x115A,false,true,syscall,2,,,0x8BC7BA,function_end,instruction_start,true,false,true,true
407,.text,0x60000020,9124388,0x8B3A24,9127460,0x8B4624,6451578404,0x1808B4624,0F05,true,true,false,true,28500,0x8B29D0,0x8BC7BA,40426,7252,0x1C54,true,true,syscall,2,,,0x8BC7BA,function_end,instruction_start,true,false,true,true
408,.text,0x60000020,9154721,0x8BB0A1,9157793,0x8BBCA1,6451608737,0x1808BBCA1,0F05,true,true,false,true,28500,0x8B29D0,0x8BC7BA,40426,37585,0x92D1,false,true,syscall,2,,,0x8BC7BA,function_end,instruction_start,true,false,true,true
409,.text,0x60000020,9155503,0x8BB3AF,9158575,0x8BBFAF,6451609519,0x1808BBFAF,0F05,true,true,false,true,28500,0x8B29D0,0x8BC7BA,40426,38367,0x95DF,false,true,syscall,2,,,0x8BC7BA,function_end,instruction_start,true,false,true,true
410,.text,0x60000020,9157029,0x8BB9A5,9160101,0x8BC5A5,6451611045,0x1808BC5A5,0F05,true,true,false,true,28500,0x8B29D0,0x8BC7BA,40426,39893,0x9BD5,false,true,syscall,2,,,0x8BC7BA,function_end,instruction_start,true,false,true,true
411,.text,0x60000020,9165572,0x8BDB04,9168644,0x8BE704,6451619588,0x1808BE704,0F05,true,true,false,true,28507,0x8BD8A0,0x8BF848,8104,3684,0xE64,true,true,syscall,2,,,0x8BF848,function_end,instruction_start,true,false,true,true
412,.text,0x60000020,9165908,0x8BDC54,9168980,0x8BE854,6451619924,0x1808BE854,0F05,true,true,false,true,28507,0x8BD8A0,0x8BF848,8104,4020,0xFB4,true,true,syscall,2,,,0x8BF848,function_end,instruction_start,true,false,true,true
413,.text,0x60000020,9166334,0x8BDDFE,9169406,0x8BE9FE,6451620350,0x1808BE9FE,0F05,true,true,false,true,28507,0x8BD8A0,0x8BF848,8104,4446,0x115E,false,true,syscall,2,,,0x8BF848,function_end,instruction_start,true,false,true,true
414,.text,0x60000020,9166768,0x8BDFB0,9169840,0x8BEBB0,6451620784,0x1808BEBB0,0F05,true,true,false,true,28507,0x8BD8A0,0x8BF848,8104,4880,0x1310,true,true,syscall,2,,,0x8BF848,function_end,instruction_start,true,false,true,true
415,.text,0x60000020,9167287,0x8BE1B7,9170359,0x8BEDB7,6451621303,0x1808BEDB7,0F05,true,true,false,true,28507,0x8BD8A0,0x8BF848,8104,5399,0x1517,false,true,syscall,2,,,0x8BF848,function_end,instruction_start,true,false,true,true
416,.text,0x60000020,9167642,0x8BE31A,9170714,0x8BEF1A,6451621658,0x1808BEF1A,0F05,true,true,false,true,28507,0x8BD8A0,0x8BF848,8104,5754,0x167A,false,true,syscall,2,,,0x8BF848,function_end,instruction_start,true,false,true,true
417,.text,0x60000020,9167978,0x8BE46A,9171050,0x8BF06A,6451621994,0x1808BF06A,0F05,true,true,false,true,28507,0x8BD8A0,0x8BF848,8104,6090,0x17CA,false,true,syscall,2,,,0x8BF848,function_end,instruction_start,true,false,true,true
418,.text,0x60000020,9168419,0x8BE623,9171491,0x8BF223,6451622435,0x1808BF223,0F05,true,true,false,true,28507,0x8BD8A0,0x8BF848,8104,6531,0x1983,false,true,syscall,2,,,0x8BF848,function_end,instruction_start,true,false,true,true
419,.text,0x60000020,9557553,0x91D631,9560625,0x91E231,6452011569,0x18091E231,0F05,true,true,false,true,28602,0x91E220,0x91E36D,333,17,0x11,false,true,,0,0x91E22F,call 0x96f140,0x91E36D,function_end,covered_by_instruction,false,true,false,false
420,.text,0x60000020,9557960,0x91D7C8,9561032,0x91E3C8,6452011976,0x18091E3C8,0F05,true,true,false,true,28603,0x91E370,0x91E4AB,315,88,0x58,true,true,,0,0x91E3C6,call 0x96f3a0,0x91E4AB,function_end,covered_by_instruction,false,true,false,false
421,.text,0x60000020,9557982,0x91D7DE,9561054,0x91E3DE,6452011998,0x18091E3DE,0F05,true,true,false,true,28603,0x91E370,0x91E4AB,315,110,0x6E,false,true,,0,0x91E3DC,call 0x96f3c0,0x91E4AB,function_end,covered_by_instruction,false,true,false,false
422,.text,0x60000020,9564710,0x91F226,9567782,0x91FE26,6452018726,0x18091FE26,0F05,true,true,false,true,28606,0x91E730,0x95D8C5,258453,5878,0x16F6,false,true,syscall,2,,,0x95D8C5,function_end,instruction_start,true,false,true,true
423,.text,0x60000020,9565854,0x91F69E,9568926,0x92029E,6452019870,0x18092029E,0F05,true,true,false,true,28606,0x91E730,0x95D8C5,258453,7022,0x1B6E,false,true,syscall,2,,,0x95D8C5,function_end,instruction_start,true,false,true,true
424,.text,0x60000020,9566875,0x91FA9B,9569947,0x92069B,6452020891,0x18092069B,0F05,true,true,false,true,28606,0x91E730,0x95D8C5,258453,8043,0x1F6B,false,true,syscall,2,,,0x95D8C5,function_end,instruction_start,true,false,true,true
425,.text,0x60000020,9568416,0x9200A0,9571488,0x920CA0,6452022432,0x180920CA0,0F05,true,true,false,true,28606,0x91E730,0x95D8C5,258453,9584,0x2570,true,true,syscall,2,,,0x95D8C5,function_end,instruction_start,true,false,true,true
426,.text,0x60000020,9569975,0x9206B7,9573047,0x9212B7,6452023991,0x1809212B7,0F05,true,true,false,true,28606,0x91E730,0x95D8C5,258453,11143,0x2B87,false,true,syscall,2,,,0x95D8C5,function_end,instruction_start,true,false,true,true
427,.text,0x60000020,9578631,0x922887,9581703,0x923487,6452032647,0x180923487,0F05,true,true,false,true,28606,0x91E730,0x95D8C5,258453,19799,0x4D57,false,true,syscall,2,,,0x95D8C5,function_end,instruction_start,true,false,true,true
428,.text,0x60000020,9581315,0x923303,9584387,0x923F03,6452035331,0x180923F03,0F05,true,true,false,true,28606,0x91E730,0x95D8C5,258453,22483,0x57D3,false,true,syscall,2,,,0x95D8C5,function_end,instruction_start,true,false,true,true
429,.text,0x60000020,9621123,0x92CE83,9624195,0x92DA83,6452075139,0x18092DA83,0F05,true,true,false,true,28606,0x91E730,0x95D8C5,258453,62291,0xF353,false,true,syscall,2,,,0x95D8C5,function_end,instruction_start,true,false,true,true
430,.text,0x60000020,9627846,0x92E8C6,9630918,0x92F4C6,6452081862,0x18092F4C6,0F05,true,true,false,true,28606,0x91E730,0x95D8C5,258453,69014,0x10D96,false,true,,0,0x92F4BE,"movabs rcx, 0x50f0f0f0f0f0f0f",0x95D8C5,function_end,covered_by_instruction,false,true,false,false
431,.text,0x60000020,9698026,0x93FAEA,9701098,0x9406EA,6452152042,0x1809406EA,0F05,true,true,false,true,28606,0x91E730,0x95D8C5,258453,139194,0x21FBA,false,true,syscall,2,,,0x95D8C5,function_end,instruction_start,true,false,true,true
432,.text,0x60000020,9699664,0x940150,9702736,0x940D50,6452153680,0x180940D50,0F05,true,true,false,true,28606,0x91E730,0x95D8C5,258453,140832,0x22620,true,true,syscall,2,,,0x95D8C5,function_end,instruction_start,true,false,true,true
433,.text,0x60000020,9704081,0x941291,9707153,0x941E91,6452158097,0x180941E91,0F05,true,true,false,true,28606,0x91E730,0x95D8C5,258453,145249,0x23761,false,true,syscall,2,,,0x95D8C5,function_end,instruction_start,true,false,true,true
434,.text,0x60000020,9714471,0x943B27,9717543,0x944727,6452168487,0x180944727,0F05,true,true,false,true,28606,0x91E730,0x95D8C5,258453,155639,0x25FF7,false,true,syscall,2,,,0x95D8C5,function_end,instruction_start,true,false,true,true
435,.text,0x60000020,9715341,0x943E8D,9718413,0x944A8D,6452169357,0x180944A8D,0F05,true,true,false,true,28606,0x91E730,0x95D8C5,258453,156509,0x2635D,false,true,syscall,2,,,0x95D8C5,function_end,instruction_start,true,false,true,true
436,.text,0x60000020,9716273,0x944231,9719345,0x944E31,6452170289,0x180944E31,0F05,true,true,false,true,28606,0x91E730,0x95D8C5,258453,157441,0x26701,false,true,syscall,2,,,0x95D8C5,function_end,instruction_start,true,false,true,true
437,.text,0x60000020,9719665,0x944F71,9722737,0x945B71,6452173681,0x180945B71,0F05,true,true,false,true,28606,0x91E730,0x95D8C5,258453,160833,0x27441,false,true,syscall,2,,,0x95D8C5,function_end,instruction_start,true,false,true,true
438,.text,0x60000020,9723169,0x945D21,9726241,0x946921,6452177185,0x180946921,0F05,true,true,false,true,28606,0x91E730,0x95D8C5,258453,164337,0x281F1,false,true,syscall,2,,,0x95D8C5,function_end,instruction_start,true,false,true,true
439,.text,0x60000020,9730197,0x947895,9733269,0x948495,6452184213,0x180948495,0F05,true,true,false,true,28606,0x91E730,0x95D8C5,258453,171365,0x29D65,false,true,syscall,2,,,0x95D8C5,function_end,instruction_start,true,false,true,true
440,.text,0x60000020,9731176,0x947C68,9734248,0x948868,6452185192,0x180948868,0F05,true,true,false,true,28606,0x91E730,0x95D8C5,258453,172344,0x2A138,true,true,syscall,2,,,0x95D8C5,function_end,instruction_start,true,false,true,true
441,.text,0x60000020,9733558,0x9485B6,9736630,0x9491B6,6452187574,0x1809491B6,0F05,true,true,false,true,28606,0x91E730,0x95D8C5,258453,174726,0x2AA86,false,true,syscall,2,,,0x95D8C5,function_end,instruction_start,true,false,true,true
442,.text,0x60000020,9749459,0x94C3D3,9752531,0x94CFD3,6452203475,0x18094CFD3,0F05,true,true,false,true,28606,0x91E730,0x95D8C5,258453,190627,0x2E8A3,false,true,syscall,2,,,0x95D8C5,function_end,instruction_start,true,false,true,true
443,.text,0x60000020,9756071,0x94DDA7,9759143,0x94E9A7,6452210087,0x18094E9A7,0F05,true,true,false,true,28606,0x91E730,0x95D8C5,258453,197239,0x30277,false,true,syscall,2,,,0x95D8C5,function_end,instruction_start,true,false,true,true
444,.text,0x60000020,9768746,0x950F2A,9771818,0x951B2A,6452222762,0x180951B2A,0F05,true,true,false,true,28606,0x91E730,0x95D8C5,258453,209914,0x333FA,false,true,syscall,2,,,0x95D8C5,function_end,instruction_start,true,false,true,true
445,.text,0x60000020,9771582,0x951A3E,9774654,0x95263E,6452225598,0x18095263E,0F05,true,true,false,true,28606,0x91E730,0x95D8C5,258453,212750,0x33F0E,false,true,syscall,2,,,0x95D8C5,function_end,instruction_start,true,false,true,true
446,.text,0x60000020,9782120,0x954368,9785192,0x954F68,6452236136,0x180954F68,0F05,true,true,false,true,28606,0x91E730,0x95D8C5,258453,223288,0x36838,true,true,syscall,2,,,0x95D8C5,function_end,instruction_start,true,false,true,true
447,.text,0x60000020,9782815,0x95461F,9785887,0x95521F,6452236831,0x18095521F,0F05,true,true,false,true,28606,0x91E730,0x95D8C5,258453,223983,0x36AEF,false,true,syscall,2,,,0x95D8C5,function_end,instruction_start,true,false,true,true
448,.text,0x60000020,9786204,0x95535C,9789276,0x955F5C,6452240220,0x180955F5C,0F05,true,true,false,true,28606,0x91E730,0x95D8C5,258453,227372,0x3782C,true,true,syscall,2,,,0x95D8C5,function_end,instruction_start,true,false,true,true
449,.text,0x60000020,9796762,0x957C9A,9799834,0x95889A,6452250778,0x18095889A,0F05,true,true,false,true,28606,0x91E730,0x95D8C5,258453,237930,0x3A16A,false,true,syscall,2,,,0x95D8C5,function_end,instruction_start,true,false,true,true
450,.text,0x60000020,9797919,0x95811F,9800991,0x958D1F,6452251935,0x180958D1F,0F05,true,true,false,true,28606,0x91E730,0x95D8C5,258453,239087,0x3A5EF,false,true,syscall,2,,,0x95D8C5,function_end,instruction_start,true,false,true,true
451,.text,0x60000020,9803001,0x9594F9,9806073,0x95A0F9,6452257017,0x18095A0F9,0F05,true,true,false,true,28606,0x91E730,0x95D8C5,258453,244169,0x3B9C9,false,true,syscall,2,,,0x95D8C5,function_end,instruction_start,true,false,true,true
452,.text,0x60000020,9804610,0x959B42,9807682,0x95A742,6452258626,0x18095A742,0F05,true,true,false,true,28606,0x91E730,0x95D8C5,258453,245778,0x3C012,false,true,syscall,2,,,0x95D8C5,function_end,instruction_start,true,false,true,true
453,.text,0x60000020,9806748,0x95A39C,9809820,0x95AF9C,6452260764,0x18095AF9C,0F05,true,true,false,true,28606,0x91E730,0x95D8C5,258453,247916,0x3C86C,true,true,syscall,2,,,0x95D8C5,function_end,instruction_start,true,false,true,true
454,.text,0x60000020,9816488,0x95C9A8,9819560,0x95D5A8,6452270504,0x18095D5A8,0F05,true,true,false,true,28606,0x91E730,0x95D8C5,258453,257656,0x3EE78,true,true,syscall,2,,,0x95D8C5,function_end,instruction_start,true,false,true,true
455,.text,0x60000020,10085237,0x99E375,10088309,0x99EF75,6452539253,0x18099EF75,0F05,true,true,false,false,,,,,,,false,false,,0,,,,no_pdata_function,no_pdata_function,false,true,false,false
456,.text,0x60000020,10365141,0x9E28D5,10368213,0x9E34D5,6452819157,0x1809E34D5,0F05,true,true,false,true,30049,0x9E3470,0x9E3548,216,101,0x65,false,true,,0,0x9E34D2,"mov rcx, qword ptr [rip + 0x277050f]",0x9E3548,function_end,covered_by_instruction,false,true,false,false
457,.text,0x60000020,10520008,0xA085C8,10523080,0xA091C8,6452974024,0x180A091C8,0F05,true,true,false,false,,,,,,,false,false,,0,,,,no_pdata_function,no_pdata_function,false,true,false,false
458,.text,0x60000020,10532466,0xA0B672,10535538,0xA0C272,6452986482,0x180A0C272,0F05,true,true,false,true,31532,0xA0A870,0xA9CB9A,598826,6658,0x1A02,false,true,syscall,2,,,0xA9CB9A,function_end,instruction_start,true,false,true,true
459,.text,0x60000020,10534777,0xA0BF79,10537849,0xA0CB79,6452988793,0x180A0CB79,0F05,true,true,false,true,31532,0xA0A870,0xA9CB9A,598826,8969,0x2309,false,true,syscall,2,,,0xA9CB9A,function_end,instruction_start,true,false,true,true
460,.text,0x60000020,10535381,0xA0C1D5,10538453,0xA0CDD5,6452989397,0x180A0CDD5,0F05,true,true,false,true,31532,0xA0A870,0xA9CB9A,598826,9573,0x2565,false,true,syscall,2,,,0xA9CB9A,function_end,instruction_start,true,false,true,true
461,.text,0x60000020,10555733,0xA11155,10558805,0xA11D55,6453009749,0x180A11D55,0F05,true,true,false,true,31532,0xA0A870,0xA9CB9A,598826,29925,0x74E5,false,true,syscall,2,,,0xA9CB9A,function_end,instruction_start,true,false,true,true
462,.text,0x60000020,10559045,0xA11E45,10562117,0xA12A45,6453013061,0x180A12A45,0F05,true,true,false,true,31532,0xA0A870,0xA9CB9A,598826,33237,0x81D5,false,true,syscall,2,,,0xA9CB9A,function_end,instruction_start,true,false,true,true
463,.text,0x60000020,10604185,0xA1CE99,10607257,0xA1DA99,6453058201,0x180A1DA99,0F05,true,true,false,true,31532,0xA0A870,0xA9CB9A,598826,78377,0x13229,false,true,syscall,2,,,0xA9CB9A,function_end,instruction_start,true,false,true,true
464,.text,0x60000020,10609775,0xA1E46F,10612847,0xA1F06F,6453063791,0x180A1F06F,0F05,true,true,false,true,31532,0xA0A870,0xA9CB9A,598826,83967,0x147FF,false,true,syscall,2,,,0xA9CB9A,function_end,instruction_start,true,false,true,true
465,.text,0x60000020,10612480,0xA1EF00,10615552,0xA1FB00,6453066496,0x180A1FB00,0F05,true,true,false,true,31532,0xA0A870,0xA9CB9A,598826,86672,0x15290,true,true,syscall,2,,,0xA9CB9A,function_end,instruction_start,true,false,true,true
466,.text,0x60000020,10618578,0xA206D2,10621650,0xA212D2,6453072594,0x180A212D2,0F05,true,true,false,true,31532,0xA0A870,0xA9CB9A,598826,92770,0x16A62,false,true,syscall,2,,,0xA9CB9A,function_end,instruction_start,true,false,true,true
467,.text,0x60000020,10622152,0xA214C8,10625224,0xA220C8,6453076168,0x180A220C8,0F05,true,true,false,true,31532,0xA0A870,0xA9CB9A,598826,96344,0x17858,true,true,syscall,2,,,0xA9CB9A,function_end,instruction_start,true,false,true,true
468,.text,0x60000020,10632200,0xA23C08,10635272,0xA24808,6453086216,0x180A24808,0F05,true,true,false,true,31532,0xA0A870,0xA9CB9A,598826,106392,0x19F98,true,true,syscall,2,,,0xA9CB9A,function_end,instruction_start,true,false,true,true
469,.text,0x60000020,10637997,0xA252AD,10641069,0xA25EAD,6453092013,0x180A25EAD,0F05,true,true,false,true,31532,0xA0A870,0xA9CB9A,598826,112189,0x1B63D,false,true,syscall,2,,,0xA9CB9A,function_end,instruction_start,true,false,true,true
470,.text,0x60000020,10638337,0xA25401,10641409,0xA26001,6453092353,0x180A26001,0F05,true,true,false,true,31532,0xA0A870,0xA9CB9A,598826,112529,0x1B791,false,true,syscall,2,,,0xA9CB9A,function_end,instruction_start,true,false,true,true
471,.text,0x60000020,10668261,0xA2C8E5,10671333,0xA2D4E5,6453122277,0x180A2D4E5,0F05,true,true,false,true,31532,0xA0A870,0xA9CB9A,598826,142453,0x22C75,false,true,syscall,2,,,0xA9CB9A,function_end,instruction_start,true,false,true,true
472,.text,0x60000020,10676902,0xA2EAA6,10679974,0xA2F6A6,6453130918,0x180A2F6A6,0F05,true,true,false,true,31532,0xA0A870,0xA9CB9A,598826,151094,0x24E36,false,true,syscall,2,,,0xA9CB9A,function_end,instruction_start,true,false,true,true
473,.text,0x60000020,10678075,0xA2EF3B,10681147,0xA2FB3B,6453132091,0x180A2FB3B,0F05,true,true,false,true,31532,0xA0A870,0xA9CB9A,598826,152267,0x252CB,false,true,syscall,2,,,0xA9CB9A,function_end,instruction_start,true,false,true,true
474,.text,0x60000020,10710158,0xA36C8E,10713230,0xA3788E,6453164174,0x180A3788E,0F05,true,true,false,true,31532,0xA0A870,0xA9CB9A,598826,184350,0x2D01E,false,true,syscall,2,,,0xA9CB9A,function_end,instruction_start,true,false,true,true
475,.text,0x60000020,10713180,0xA3785C,10716252,0xA3845C,6453167196,0x180A3845C,0F05,true,true,false,true,31532,0xA0A870,0xA9CB9A,598826,187372,0x2DBEC,true,true,syscall,2,,,0xA9CB9A,function_end,instruction_start,true,false,true,true
476,.text,0x60000020,10713686,0xA37A56,10716758,0xA38656,6453167702,0x180A38656,0F05,true,true,false,true,31532,0xA0A870,0xA9CB9A,598826,187878,0x2DDE6,false,true,syscall,2,,,0xA9CB9A,function_end,instruction_start,true,false,true,true
477,.text,0x60000020,10718152,0xA38BC8,10721224,0xA397C8,6453172168,0x180A397C8,0F05,true,true,false,true,31532,0xA0A870,0xA9CB9A,598826,192344,0x2EF58,true,true,syscall,2,,,0xA9CB9A,function_end,instruction_start,true,false,true,true
478,.text,0x60000020,10748701,0xA4031D,10751773,0xA40F1D,6453202717,0x180A40F1D,0F05,true,true,false,true,31532,0xA0A870,0xA9CB9A,598826,222893,0x366AD,false,true,syscall,2,,,0xA9CB9A,function_end,instruction_start,true,false,true,true
479,.text,0x60000020,10749955,0xA40803,10753027,0xA41403,6453203971,0x180A41403,0F05,true,true,false,true,31532,0xA0A870,0xA9CB9A,598826,224147,0x36B93,false,true,syscall,2,,,0xA9CB9A,function_end,instruction_start,true,false,true,true
480,.text,0x60000020,10757945,0xA42739,10761017,0xA43339,6453211961,0x180A43339,0F05,true,true,false,true,31532,0xA0A870,0xA9CB9A,598826,232137,0x38AC9,false,true,syscall,2,,,0xA9CB9A,function_end,instruction_start,true,false,true,true
481,.text,0x60000020,10758477,0xA4294D,10761549,0xA4354D,6453212493,0x180A4354D,0F05,true,true,false,true,31532,0xA0A870,0xA9CB9A,598826,232669,0x38CDD,false,true,syscall,2,,,0xA9CB9A,function_end,instruction_start,true,false,true,true
482,.text,0x60000020,10767499,0xA44C8B,10770571,0xA4588B,6453221515,0x180A4588B,0F05,true,true,false,true,31532,0xA0A870,0xA9CB9A,598826,241691,0x3B01B,false,true,syscall,2,,,0xA9CB9A,function_end,instruction_start,true,false,true,true
483,.text,0x60000020,10773690,0xA464BA,10776762,0xA470BA,6453227706,0x180A470BA,0F05,true,true,false,true,31532,0xA0A870,0xA9CB9A,598826,247882,0x3C84A,false,true,syscall,2,,,0xA9CB9A,function_end,instruction_start,true,false,true,true
484,.text,0x60000020,10774595,0xA46843,10777667,0xA47443,6453228611,0x180A47443,0F05,true,true,false,true,31532,0xA0A870,0xA9CB9A,598826,248787,0x3CBD3,false,true,syscall,2,,,0xA9CB9A,function_end,instruction_start,true,false,true,true
485,.text,0x60000020,10780310,0xA47E96,10783382,0xA48A96,6453234326,0x180A48A96,0F05,true,true,false,true,31532,0xA0A870,0xA9CB9A,598826,254502,0x3E226,false,true,syscall,2,,,0xA9CB9A,function_end,instruction_start,true,false,true,true
486,.text,0x60000020,10781553,0xA48371,10784625,0xA48F71,6453235569,0x180A48F71,0F05,true,true,false,true,31532,0xA0A870,0xA9CB9A,598826,255745,0x3E701,false,true,syscall,2,,,0xA9CB9A,function_end,instruction_start,true,false,true,true
487,.text,0x60000020,10783482,0xA48AFA,10786554,0xA496FA,6453237498,0x180A496FA,0F05,true,true,false,true,31532,0xA0A870,0xA9CB9A,598826,257674,0x3EE8A,false,true,syscall,2,,,0xA9CB9A,function_end,instruction_start,true,false,true,true
488,.text,0x60000020,10785888,0xA49460,10788960,0xA4A060,6453239904,0x180A4A060,0F05,true,true,false,true,31532,0xA0A870,0xA9CB9A,598826,260080,0x3F7F0,true,true,syscall,2,,,0xA9CB9A,function_end,instruction_start,true,false,true,true
489,.text,0x60000020,10819583,0xA517FF,10822655,0xA523FF,6453273599,0x180A523FF,0F05,true,true,false,true,31532,0xA0A870,0xA9CB9A,598826,293775,0x47B8F,false,true,syscall,2,,,0xA9CB9A,function_end,instruction_start,true,false,true,true
490,.text,0x60000020,10836799,0xA55B3F,10839871,0xA5673F,6453290815,0x180A5673F,0F05,true,true,false,true,31532,0xA0A870,0xA9CB9A,598826,310991,0x4BECF,false,true,syscall,2,,,0xA9CB9A,function_end,instruction_start,true,false,true,true
491,.text,0x60000020,10881913,0xA60B79,10884985,0xA61779,6453335929,0x180A61779,0F05,true,true,false,true,31532,0xA0A870,0xA9CB9A,598826,356105,0x56F09,false,true,syscall,2,,,0xA9CB9A,function_end,instruction_start,true,false,true,true
492,.text,0x60000020,10882582,0xA60E16,10885654,0xA61A16,6453336598,0x180A61A16,0F05,true,true,false,true,31532,0xA0A870,0xA9CB9A,598826,356774,0x571A6,false,true,syscall,2,,,0xA9CB9A,function_end,instruction_start,true,false,true,true
493,.text,0x60000020,10884123,0xA6141B,10887195,0xA6201B,6453338139,0x180A6201B,0F05,true,true,false,true,31532,0xA0A870,0xA9CB9A,598826,358315,0x577AB,false,true,syscall,2,,,0xA9CB9A,function_end,instruction_start,true,false,true,true
494,.text,0x60000020,10893501,0xA638BD,10896573,0xA644BD,6453347517,0x180A644BD,0F05,true,true,false,true,31532,0xA0A870,0xA9CB9A,598826,367693,0x59C4D,false,true,syscall,2,,,0xA9CB9A,function_end,instruction_start,true,false,true,true
495,.text,0x60000020,10895045,0xA63EC5,10898117,0xA64AC5,6453349061,0x180A64AC5,0F05,true,true,false,true,31532,0xA0A870,0xA9CB9A,598826,369237,0x5A255,false,true,,0,0xA64AC3,call 0xab5aa0,0xA9CB9A,function_end,covered_by_instruction,false,true,false,false
496,.text,0x60000020,10895053,0xA63ECD,10898125,0xA64ACD,6453349069,0x180A64ACD,0F05,true,true,false,true,31532,0xA0A870,0xA9CB9A,598826,369245,0x5A25D,false,true,,0,0xA64ACB,call 0xab5ac0,0xA9CB9A,function_end,covered_by_instruction,false,true,false,false
497,.text,0x60000020,10895068,0xA63EDC,10898140,0xA64ADC,6453349084,0x180A64ADC,0F05,true,true,false,true,31532,0xA0A870,0xA9CB9A,598826,369260,0x5A26C,true,true,,0,0xA64ADA,call 0xab5ad0,0xA9CB9A,function_end,covered_by_instruction,false,true,false,false
498,.text,0x60000020,10895156,0xA63F34,10898228,0xA64B34,6453349172,0x180A64B34,0F05,true,true,false,true,31532,0xA0A870,0xA9CB9A,598826,369348,0x5A2C4,true,true,,0,0xA64B32,call 0xab5af0,0xA9CB9A,function_end,covered_by_instruction,false,true,false,false
499,.text,0x60000020,10895164,0xA63F3C,10898236,0xA64B3C,6453349180,0x180A64B3C,0F05,true,true,false,true,31532,0xA0A870,0xA9CB9A,598826,369356,0x5A2CC,true,true,,0,0xA64B3A,call 0xab5b10,0xA9CB9A,function_end,covered_by_instruction,false,true,false,false
500,.text,0x60000020,10895249,0xA63F91,10898321,0xA64B91,6453349265,0x180A64B91,0F05,true,true,false,true,31532,0xA0A870,0xA9CB9A,598826,369441,0x5A321,false,true,,0,0xA64B8F,call 0xab5b20,0xA9CB9A,function_end,covered_by_instruction,false,true,false,false
501,.text,0x60000020,10898354,0xA64BB2,10901426,0xA657B2,6453352370,0x180A657B2,0F05,true,true,false,true,31532,0xA0A870,0xA9CB9A,598826,372546,0x5AF42,false,true,syscall,2,,,0xA9CB9A,function_end,instruction_start,true,false,true,true
502,.text,0x60000020,10901392,0xA65790,10904464,0xA66390,6453355408,0x180A66390,0F05,true,true,false,true,31532,0xA0A870,0xA9CB9A,598826,375584,0x5BB20,true,true,syscall,2,,,0xA9CB9A,function_end,instruction_start,true,false,true,true
503,.text,0x60000020,10909534,0xA6775E,10912606,0xA6835E,6453363550,0x180A6835E,0F05,true,true,false,true,31532,0xA0A870,0xA9CB9A,598826,383726,0x5DAEE,false,true,syscall,2,,,0xA9CB9A,function_end,instruction_start,true,false,true,true
504,.text,0x60000020,10912035,0xA68123,10915107,0xA68D23,6453366051,0x180A68D23,0F05,true,true,false,true,31532,0xA0A870,0xA9CB9A,598826,386227,0x5E4B3,false,true,syscall,2,,,0xA9CB9A,function_end,instruction_start,true,false,true,true
505,.text,0x60000020,10916328,0xA691E8,10919400,0xA69DE8,6453370344,0x180A69DE8,0F05,true,true,false,true,31532,0xA0A870,0xA9CB9A,598826,390520,0x5F578,true,true,syscall,2,,,0xA9CB9A,function_end,instruction_start,true,false,true,true
506,.text,0x60000020,10917671,0xA69727,10920743,0xA6A327,6453371687,0x180A6A327,0F05,true,true,false,true,31532,0xA0A870,0xA9CB9A,598826,391863,0x5FAB7,false,true,syscall,2,,,0xA9CB9A,function_end,instruction_start,true,false,true,true
507,.text,0x60000020,10922502,0xA6AA06,10925574,0xA6B606,6453376518,0x180A6B606,0F05,true,true,false,true,31532,0xA0A870,0xA9CB9A,598826,396694,0x60D96,false,true,syscall,2,,,0xA9CB9A,function_end,instruction_start,true,false,true,true
508,.text,0x60000020,10929664,0xA6C600,10932736,0xA6D200,6453383680,0x180A6D200,0F05,true,true,false,true,31532,0xA0A870,0xA9CB9A,598826,403856,0x62990,true,true,syscall,2,,,0xA9CB9A,function_end,instruction_start,true,false,true,true
509,.text,0x60000020,10932972,0xA6D2EC,10936044,0xA6DEEC,6453386988,0x180A6DEEC,0F05,true,true,false,true,31532,0xA0A870,0xA9CB9A,598826,407164,0x6367C,true,true,syscall,2,,,0xA9CB9A,function_end,instruction_start,true,false,true,true
510,.text,0x60000020,10936085,0xA6DF15,10939157,0xA6EB15,6453390101,0x180A6EB15,0F05,true,true,false,true,31532,0xA0A870,0xA9CB9A,598826,410277,0x642A5,false,true,syscall,2,,,0xA9CB9A,function_end,instruction_start,true,false,true,true
511,.text,0x60000020,10940360,0xA6EFC8,10943432,0xA6FBC8,6453394376,0x180A6FBC8,0F05,true,true,false,true,31532,0xA0A870,0xA9CB9A,598826,414552,0x65358,true,true,syscall,2,,,0xA9CB9A,function_end,instruction_start,true,false,true,true
512,.text,0x60000020,10941613,0xA6F4AD,10944685,0xA700AD,6453395629,0x180A700AD,0F05,true,true,false,true,31532,0xA0A870,0xA9CB9A,598826,415805,0x6583D,false,true,syscall,2,,,0xA9CB9A,function_end,instruction_start,true,false,true,true
513,.text,0x60000020,10942456,0xA6F7F8,10945528,0xA703F8,6453396472,0x180A703F8,0F05,true,true,false,true,31532,0xA0A870,0xA9CB9A,598826,416648,0x65B88,true,true,syscall,2,,,0xA9CB9A,function_end,instruction_start,true,false,true,true
514,.text,0x60000020,10946418,0xA70772,10949490,0xA71372,6453400434,0x180A71372,0F05,true,true,false,true,31532,0xA0A870,0xA9CB9A,598826,420610,0x66B02,false,true,syscall,2,,,0xA9CB9A,function_end,instruction_start,true,false,true,true
515,.text,0x60000020,10947321,0xA70AF9,10950393,0xA716F9,6453401337,0x180A716F9,0F05,true,true,false,true,31532,0xA0A870,0xA9CB9A,598826,421513,0x66E89,false,true,syscall,2,,,0xA9CB9A,function_end,instruction_start,true,false,true,true
516,.text,0x60000020,10952800,0xA72060,10955872,0xA72C60,6453406816,0x180A72C60,0F05,true,true,false,true,31532,0xA0A870,0xA9CB9A,598826,426992,0x683F0,true,true,syscall,2,,,0xA9CB9A,function_end,instruction_start,true,false,true,true
517,.text,0x60000020,10956922,0xA7307A,10959994,0xA73C7A,6453410938,0x180A73C7A,0F05,true,true,false,true,31532,0xA0A870,0xA9CB9A,598826,431114,0x6940A,false,true,syscall,2,,,0xA9CB9A,function_end,instruction_start,true,false,true,true
518,.text,0x60000020,10959478,0xA73A76,10962550,0xA74676,6453413494,0x180A74676,0F05,true,true,false,true,31532,0xA0A870,0xA9CB9A,598826,433670,0x69E06,false,true,syscall,2,,,0xA9CB9A,function_end,instruction_start,true,false,true,true
519,.text,0x60000020,10961798,0xA74386,10964870,0xA74F86,6453415814,0x180A74F86,0F05,true,true,false,true,31532,0xA0A870,0xA9CB9A,598826,435990,0x6A716,false,true,syscall,2,,,0xA9CB9A,function_end,instruction_start,true,false,true,true
520,.text,0x60000020,10967046,0xA75806,10970118,0xA76406,6453421062,0x180A76406,0F05,true,true,false,true,31532,0xA0A870,0xA9CB9A,598826,441238,0x6BB96,false,true,,0,0xA76404,call 0xac7380,0xA9CB9A,function_end,covered_by_instruction,false,true,false,false
521,.text,0x60000020,10967054,0xA7580E,10970126,0xA7640E,6453421070,0x180A7640E,0F05,true,true,false,true,31532,0xA0A870,0xA9CB9A,598826,441246,0x6BB9E,false,true,,0,0xA7640C,call 0xac73a0,0xA9CB9A,function_end,covered_by_instruction,false,true,false,false
522,.text,0x60000020,10967210,0xA758AA,10970282,0xA764AA,6453421226,0x180A764AA,0F05,true,true,false,true,31532,0xA0A870,0xA9CB9A,598826,441402,0x6BC3A,false,true,,0,0xA764A8,call 0xac73b0,0xA9CB9A,function_end,covered_by_instruction,false,true,false,false
523,.text,0x60000020,10967218,0xA758B2,10970290,0xA764B2,6453421234,0x180A764B2,0F05,true,true,false,true,31532,0xA0A870,0xA9CB9A,598826,441410,0x6BC42,false,true,,0,0xA764B0,call 0xac73d0,0xA9CB9A,function_end,covered_by_instruction,false,true,false,false
524,.text,0x60000020,10967244,0xA758CC,10970316,0xA764CC,6453421260,0x180A764CC,0F05,true,true,false,true,31532,0xA0A870,0xA9CB9A,598826,441436,0x6BC5C,true,true,,0,0xA764CA,call 0xac73e0,0xA9CB9A,function_end,covered_by_instruction,false,true,false,false
525,.text,0x60000020,10967265,0xA758E1,10970337,0xA764E1,6453421281,0x180A764E1,0F05,true,true,false,true,31532,0xA0A870,0xA9CB9A,598826,441457,0x6BC71,false,true,,0,0xA764DF,call 0xac73f0,0xA9CB9A,function_end,covered_by_instruction,false,true,false,false
526,.text,0x60000020,10967671,0xA75A77,10970743,0xA76677,6453421687,0x180A76677,0F05,true,true,false,true,31532,0xA0A870,0xA9CB9A,598826,441863,0x6BE07,false,true,syscall,2,,,0xA9CB9A,function_end,instruction_start,true,false,true,true
527,.text,0x60000020,10981483,0xA7906B,10984555,0xA79C6B,6453435499,0x180A79C6B,0F05,true,true,false,true,31532,0xA0A870,0xA9CB9A,598826,455675,0x6F3FB,false,true,syscall,2,,,0xA9CB9A,function_end,instruction_start,true,false,true,true
528,.text,0x60000020,10988271,0xA7AAEF,10991343,0xA7B6EF,6453442287,0x180A7B6EF,0F05,true,true,false,true,31532,0xA0A870,0xA9CB9A,598826,462463,0x70E7F,false,true,syscall,2,,,0xA9CB9A,function_end,instruction_start,true,false,true,true
529,.text,0x60000020,11023577,0xA834D9,11026649,0xA840D9,6453477593,0x180A840D9,0F05,true,true,false,true,31532,0xA0A870,0xA9CB9A,598826,497769,0x79869,false,true,syscall,2,,,0xA9CB9A,function_end,instruction_start,true,false,true,true
530,.text,0x60000020,11024046,0xA836AE,11027118,0xA842AE,6453478062,0x180A842AE,0F05,true,true,false,true,31532,0xA0A870,0xA9CB9A,598826,498238,0x79A3E,false,true,syscall,2,,,0xA9CB9A,function_end,instruction_start,true,false,true,true
531,.text,0x60000020,11025963,0xA83E2B,11029035,0xA84A2B,6453479979,0x180A84A2B,0F05,true,true,false,true,31532,0xA0A870,0xA9CB9A,598826,500155,0x7A1BB,false,true,syscall,2,,,0xA9CB9A,function_end,instruction_start,true,false,true,true
532,.text,0x60000020,11034721,0xA86061,11037793,0xA86C61,6453488737,0x180A86C61,0F05,true,true,false,true,31532,0xA0A870,0xA9CB9A,598826,508913,0x7C3F1,false,true,syscall,2,,,0xA9CB9A,function_end,instruction_start,true,false,true,true
533,.text,0x60000020,11037143,0xA869D7,11040215,0xA875D7,6453491159,0x180A875D7,0F05,true,true,false,true,31532,0xA0A870,0xA9CB9A,598826,511335,0x7CD67,false,true,syscall,2,,,0xA9CB9A,function_end,instruction_start,true,false,true,true
534,.text,0x60000020,11037718,0xA86C16,11040790,0xA87816,6453491734,0x180A87816,0F05,true,true,false,true,31532,0xA0A870,0xA9CB9A,598826,511910,0x7CFA6,false,true,syscall,2,,,0xA9CB9A,function_end,instruction_start,true,false,true,true
535,.text,0x60000020,11045346,0xA889E2,11048418,0xA895E2,6453499362,0x180A895E2,0F05,true,true,false,true,31532,0xA0A870,0xA9CB9A,598826,519538,0x7ED72,false,true,syscall,2,,,0xA9CB9A,function_end,instruction_start,true,false,true,true
536,.text,0x60000020,11054265,0xA8ACB9,11057337,0xA8B8B9,6453508281,0x180A8B8B9,0F05,true,true,false,true,31532,0xA0A870,0xA9CB9A,598826,528457,0x81049,false,true,syscall,2,,,0xA9CB9A,function_end,instruction_start,true,false,true,true
537,.text,0x60000020,11054728,0xA8AE88,11057800,0xA8BA88,6453508744,0x180A8BA88,0F05,true,true,false,true,31532,0xA0A870,0xA9CB9A,598826,528920,0x81218,true,true,syscall,2,,,0xA9CB9A,function_end,instruction_start,true,false,true,true
538,.text,0x60000020,11107220,0xA97B94,11110292,0xA98794,6453561236,0x180A98794,0F05,true,true,false,true,31532,0xA0A870,0xA9CB9A,598826,581412,0x8DF24,true,true,syscall,2,,,0xA9CB9A,function_end,instruction_start,true,false,true,true
539,.text,0x60000020,11112911,0xA991CF,11115983,0xA99DCF,6453566927,0x180A99DCF,0F05,true,true,false,true,31532,0xA0A870,0xA9CB9A,598826,587103,0x8F55F,false,true,syscall,2,,,0xA9CB9A,function_end,instruction_start,true,false,true,true
540,.text,0x60000020,11115732,0xA99CD4,11118804,0xA9A8D4,6453569748,0x180A9A8D4,0F05,true,true,false,true,31532,0xA0A870,0xA9CB9A,598826,589924,0x90064,true,true,syscall,2,,,0xA9CB9A,function_end,instruction_start,true,false,true,true
541,.text,0x60000020,11123549,0xA9BB5D,11126621,0xA9C75D,6453577565,0x180A9C75D,0F05,true,true,false,true,31532,0xA0A870,0xA9CB9A,598826,597741,0x91EED,false,true,syscall,2,,,0xA9CB9A,function_end,instruction_start,true,false,true,true
542,.text,0x60000020,11173500,0xAA7E7C,11176572,0xAA8A7C,6453627516,0x180AA8A7C,0F05,true,true,false,true,31589,0xAA80F0,0xAB4141,49233,2444,0x98C,true,true,syscall,2,,,0xAB4141,function_end,instruction_start,true,false,true,true
543,.text,0x60000020,11174883,0xAA83E3,11177955,0xAA8FE3,6453628899,0x180AA8FE3,0F05,true,true,false,true,31589,0xAA80F0,0xAB4141,49233,3827,0xEF3,false,true,syscall,2,,,0xAB4141,function_end,instruction_start,true,false,true,true
544,.text,0x60000020,11211010,0xAB1102,11214082,0xAB1D02,6453665026,0x180AB1D02,0F05,true,true,false,true,31589,0xAA80F0,0xAB4141,49233,39954,0x9C12,false,true,syscall,2,,,0xAB4141,function_end,instruction_start,true,false,true,true
545,.text,0x60000020,11213199,0xAB198F,11216271,0xAB258F,6453667215,0x180AB258F,0F05,true,true,false,true,31589,0xAA80F0,0xAB4141,49233,42143,0xA49F,false,true,syscall,2,,,0xAB4141,function_end,instruction_start,true,false,true,true
546,.text,0x60000020,11214145,0xAB1D41,11217217,0xAB2941,6453668161,0x180AB2941,0F05,true,true,false,true,31589,0xAA80F0,0xAB4141,49233,43089,0xA851,false,true,syscall,2,,,0xAB4141,function_end,instruction_start,true,false,true,true
547,.text,0x60000020,11217245,0xAB295D,11220317,0xAB355D,6453671261,0x180AB355D,0F05,true,true,false,true,31589,0xAA80F0,0xAB4141,49233,46189,0xB46D,false,true,syscall,2,,,0xAB4141,function_end,instruction_start,true,false,true,true
548,.text,0x60000020,11218142,0xAB2CDE,11221214,0xAB38DE,6453672158,0x180AB38DE,0F05,true,true,false,true,31589,0xAA80F0,0xAB4141,49233,47086,0xB7EE,false,true,syscall,2,,,0xAB4141,function_end,instruction_start,true,false,true,true
549,.text,0x60000020,11220144,0xAB34B0,11223216,0xAB40B0,6453674160,0x180AB40B0,0F05,true,true,false,true,31589,0xAA80F0,0xAB4141,49233,49088,0xBFC0,true,true,syscall,2,,,0xAB4141,function_end,instruction_start,true,false,true,true
550,.text,0x60000020,11239781,0xAB8165,11242853,0xAB8D65,6453693797,0x180AB8D65,0F05,true,true,false,true,31834,0xAB8D60,0xAB8D72,18,5,0x5,false,true,,0,0xAB8D61,"lea rax, [rip + 0x50f48]",0xAB8D72,function_end,covered_by_instruction,false,true,false,false
551,.text,0x60000020,11309076,0xAC9014,11312148,0xAC9C14,6453763092,0x180AC9C14,0F05,true,true,false,true,32864,0xAC9C10,0xAC9C22,18,4,0x4,true,true,,0,0xAC9C11,"lea rax, [rip + 0x8050f]",0xAC9C22,function_end,covered_by_instruction,false,true,false,false
552,.text,0x60000020,11484315,0xAF3C9B,11487387,0xAF489B,6453938331,0x180AF489B,0F05,true,true,false,true,33824,0xAF3D50,0xAF5EF9,8617,2891,0xB4B,false,true,syscall,2,,,0xAF5EF9,function_end,instruction_start,true,false,true,true
553,.text,0x60000020,11484714,0xAF3E2A,11487786,0xAF4A2A,6453938730,0x180AF4A2A,0F05,true,true,false,true,33824,0xAF3D50,0xAF5EF9,8617,3290,0xCDA,false,true,syscall,2,,,0xAF5EF9,function_end,instruction_start,true,false,true,true
554,.text,0x60000020,11485203,0xAF4013,11488275,0xAF4C13,6453939219,0x180AF4C13,0F05,true,true,false,true,33824,0xAF3D50,0xAF5EF9,8617,3779,0xEC3,false,true,syscall,2,,,0xAF5EF9,function_end,instruction_start,true,false,true,true
555,.text,0x60000020,11485634,0xAF41C2,11488706,0xAF4DC2,6453939650,0x180AF4DC2,0F05,true,true,false,true,33824,0xAF3D50,0xAF5EF9,8617,4210,0x1072,false,true,syscall,2,,,0xAF5EF9,function_end,instruction_start,true,false,true,true
556,.text,0x60000020,11486524,0xAF453C,11489596,0xAF513C,6453940540,0x180AF513C,0F05,true,true,false,true,33824,0xAF3D50,0xAF5EF9,8617,5100,0x13EC,true,true,syscall,2,,,0xAF5EF9,function_end,instruction_start,true,false,true,true
557,.text,0x60000020,11487618,0xAF4982,11490690,0xAF5582,6453941634,0x180AF5582,0F05,true,true,false,true,33824,0xAF3D50,0xAF5EF9,8617,6194,0x1832,false,true,syscall,2,,,0xAF5EF9,function_end,instruction_start,true,false,true,true
558,.text,0x60000020,11488019,0xAF4B13,11491091,0xAF5713,6453942035,0x180AF5713,0F05,true,true,false,true,33824,0xAF3D50,0xAF5EF9,8617,6595,0x19C3,false,true,syscall,2,,,0xAF5EF9,function_end,instruction_start,true,false,true,true
559,.text,0x60000020,11489395,0xAF5073,11492467,0xAF5C73,6453943411,0x180AF5C73,0F05,true,true,false,true,33824,0xAF3D50,0xAF5EF9,8617,7971,0x1F23,false,true,syscall,2,,,0xAF5EF9,function_end,instruction_start,true,false,true,true
560,.text,0x60000020,11592648,0xB0E3C8,11595720,0xB0EFC8,6454046664,0x180B0EFC8,0F05,true,true,false,true,33870,0xB0ECF0,0xB11817,11047,728,0x2D8,true,true,syscall,2,,,0xB11817,function_end,instruction_start,true,false,true,true
561,.text,0x60000020,11593071,0xB0E56F,11596143,0xB0F16F,6454047087,0x180B0F16F,0F05,true,true,false,true,33870,0xB0ECF0,0xB11817,11047,1151,0x47F,false,true,syscall,2,,,0xB11817,function_end,instruction_start,true,false,true,true
562,.text,0x60000020,11593472,0xB0E700,11596544,0xB0F300,6454047488,0x180B0F300,0F05,true,true,false,true,33870,0xB0ECF0,0xB11817,11047,1552,0x610,true,true,syscall,2,,,0xB11817,function_end,instruction_start,true,false,true,true
563,.text,0x60000020,11593935,0xB0E8CF,11597007,0xB0F4CF,6454047951,0x180B0F4CF,0F05,true,true,false,true,33870,0xB0ECF0,0xB11817,11047,2015,0x7DF,false,true,syscall,2,,,0xB11817,function_end,instruction_start,true,false,true,true
564,.text,0x60000020,11594360,0xB0EA78,11597432,0xB0F678,6454048376,0x180B0F678,0F05,true,true,false,true,33870,0xB0ECF0,0xB11817,11047,2440,0x988,true,true,syscall,2,,,0xB11817,function_end,instruction_start,true,false,true,true
565,.text,0x60000020,11594851,0xB0EC63,11597923,0xB0F863,6454048867,0x180B0F863,0F05,true,true,false,true,33870,0xB0ECF0,0xB11817,11047,2931,0xB73,false,true,syscall,2,,,0xB11817,function_end,instruction_start,true,false,true,true
566,.text,0x60000020,11595274,0xB0EE0A,11598346,0xB0FA0A,6454049290,0x180B0FA0A,0F05,true,true,false,true,33870,0xB0ECF0,0xB11817,11047,3354,0xD1A,false,true,syscall,2,,,0xB11817,function_end,instruction_start,true,false,true,true
567,.text,0x60000020,11595572,0xB0EF34,11598644,0xB0FB34,6454049588,0x180B0FB34,0F05,true,true,false,true,33870,0xB0ECF0,0xB11817,11047,3652,0xE44,true,true,syscall,2,,,0xB11817,function_end,instruction_start,true,false,true,true
568,.text,0x60000020,11596805,0xB0F405,11599877,0xB10005,6454050821,0x180B10005,0F05,true,true,false,true,33870,0xB0ECF0,0xB11817,11047,4885,0x1315,false,true,syscall,2,,,0xB11817,function_end,instruction_start,true,false,true,true
569,.text,0x60000020,11597248,0xB0F5C0,11600320,0xB101C0,6454051264,0x180B101C0,0F05,true,true,false,true,33870,0xB0ECF0,0xB11817,11047,5328,0x14D0,true,true,syscall,2,,,0xB11817,function_end,instruction_start,true,false,true,true
570,.text,0x60000020,11597674,0xB0F76A,11600746,0xB1036A,6454051690,0x180B1036A,0F05,true,true,false,true,33870,0xB0ECF0,0xB11817,11047,5754,0x167A,false,true,syscall,2,,,0xB11817,function_end,instruction_start,true,false,true,true
571,.text,0x60000020,11598174,0xB0F95E,11601246,0xB1055E,6454052190,0x180B1055E,0F05,true,true,false,true,33870,0xB0ECF0,0xB11817,11047,6254,0x186E,false,true,syscall,2,,,0xB11817,function_end,instruction_start,true,false,true,true
572,.text,0x60000020,11598624,0xB0FB20,11601696,0xB10720,6454052640,0x180B10720,0F05,true,true,false,true,33870,0xB0ECF0,0xB11817,11047,6704,0x1A30,true,true,syscall,2,,,0xB11817,function_end,instruction_start,true,false,true,true
573,.text,0x60000020,11599128,0xB0FD18,11602200,0xB10918,6454053144,0x180B10918,0F05,true,true,false,true,33870,0xB0ECF0,0xB11817,11047,7208,0x1C28,true,true,syscall,2,,,0xB11817,function_end,instruction_start,true,false,true,true
574,.text,0x60000020,11599571,0xB0FED3,11602643,0xB10AD3,6454053587,0x180B10AD3,0F05,true,true,false,true,33870,0xB0ECF0,0xB11817,11047,7651,0x1DE3,false,true,syscall,2,,,0xB11817,function_end,instruction_start,true,false,true,true
575,.text,0x60000020,11599882,0xB1000A,11602954,0xB10C0A,6454053898,0x180B10C0A,0F05,true,true,false,true,33870,0xB0ECF0,0xB11817,11047,7962,0x1F1A,false,true,syscall,2,,,0xB11817,function_end,instruction_start,true,false,true,true
576,.text,0x60000020,11600347,0xB101DB,11603419,0xB10DDB,6454054363,0x180B10DDB,0F05,true,true,false,true,33870,0xB0ECF0,0xB11817,11047,8427,0x20EB,false,true,syscall,2,,,0xB11817,function_end,instruction_start,true,false,true,true
577,.text,0x60000020,11600711,0xB10347,11603783,0xB10F47,6454054727,0x180B10F47,0F05,true,true,false,true,33870,0xB0ECF0,0xB11817,11047,8791,0x2257,false,true,syscall,2,,,0xB11817,function_end,instruction_start,true,false,true,true
578,.text,0x60000020,11601002,0xB1046A,11604074,0xB1106A,6454055018,0x180B1106A,0F05,true,true,false,true,33870,0xB0ECF0,0xB11817,11047,9082,0x237A,false,true,syscall,2,,,0xB11817,function_end,instruction_start,true,false,true,true
579,.text,0x60000020,11601396,0xB105F4,11604468,0xB111F4,6454055412,0x180B111F4,0F05,true,true,false,true,33870,0xB0ECF0,0xB11817,11047,9476,0x2504,true,true,syscall,2,,,0xB11817,function_end,instruction_start,true,false,true,true
580,.text,0x60000020,11601800,0xB10788,11604872,0xB11388,6454055816,0x180B11388,0F05,true,true,false,true,33870,0xB0ECF0,0xB11817,11047,9880,0x2698,true,true,syscall,2,,,0xB11817,function_end,instruction_start,true,false,true,true
581,.text,0x60000020,11602189,0xB1090D,11605261,0xB1150D,6454056205,0x180B1150D,0F05,true,true,false,true,33870,0xB0ECF0,0xB11817,11047,10269,0x281D,false,true,syscall,2,,,0xB11817,function_end,instruction_start,true,false,true,true
582,.text,0x60000020,11602553,0xB10A79,11605625,0xB11679,6454056569,0x180B11679,0F05,true,true,false,true,33870,0xB0ECF0,0xB11817,11047,10633,0x2989,false,true,syscall,2,,,0xB11817,function_end,instruction_start,true,false,true,true
583,.text,0x60000020,11602933,0xB10BF5,11606005,0xB117F5,6454056949,0x180B117F5,0F05,true,true,false,true,33870,0xB0ECF0,0xB11817,11047,11013,0x2B05,false,true,syscall,2,,,0xB11817,function_end,instruction_start,true,false,true,true
584,.text,0x60000020,11603258,0xB10D3A,11606330,0xB1193A,6454057274,0x180B1193A,0F05,true,true,false,true,33871,0xB11820,0xB1195E,318,282,0x11A,false,true,syscall,2,,,0xB1195E,function_end,instruction_start,true,false,true,true
585,.text,0x60000020,11603688,0xB10EE8,11606760,0xB11AE8,6454057704,0x180B11AE8,0F05,true,true,false,true,33872,0xB11960,0xB11B0A,426,392,0x188,true,true,syscall,2,,,0xB11B0A,function_end,instruction_start,true,false,true,true
586,.text,0x60000020,11604092,0xB1107C,11607164,0xB11C7C,6454058108,0x180B11C7C,0F05,true,true,false,true,33873,0xB11B10,0xB11CA0,400,364,0x16C,true,true,syscall,2,,,0xB11CA0,function_end,instruction_start,true,false,true,true
587,.text,0x60000020,11604526,0xB1122E,11607598,0xB11E2E,6454058542,0x180B11E2E,0F05,true,true,false,true,33874,0xB11CA0,0xB11E50,432,398,0x18E,false,true,syscall,2,,,0xB11E50,function_end,instruction_start,true,false,true,true
588,.text,0x60000020,11604787,0xB11333,11607859,0xB11F33,6454058803,0x180B11F33,0F05,true,true,false,true,33875,0xB11E50,0xB11F4A,250,227,0xE3,false,true,syscall,2,,,0xB11F4A,function_end,instruction_start,true,false,true,true
589,.text,0x60000020,11605213,0xB114DD,11608285,0xB120DD,6454059229,0x180B120DD,0F05,true,true,false,true,33876,0xB11F50,0xB120FF,431,397,0x18D,false,true,syscall,2,,,0xB120FF,function_end,instruction_start,true,false,true,true
590,.text,0x60000020,11690730,0xB262EA,11693802,0xB26EEA,6454144746,0x180B26EEA,0F05,true,true,false,true,34232,0xB26510,0xB4AB9F,149135,2522,0x9DA,false,true,syscall,2,,,0xB4AB9F,function_end,instruction_start,true,false,true,true
591,.text,0x60000020,11692721,0xB26AB1,11695793,0xB276B1,6454146737,0x180B276B1,0F05,true,true,false,true,34232,0xB26510,0xB4AB9F,149135,4513,0x11A1,false,true,syscall,2,,,0xB4AB9F,function_end,instruction_start,true,false,true,true
592,.text,0x60000020,11693325,0xB26D0D,11696397,0xB2790D,6454147341,0x180B2790D,0F05,true,true,false,true,34232,0xB26510,0xB4AB9F,149135,5117,0x13FD,false,true,syscall,2,,,0xB4AB9F,function_end,instruction_start,true,false,true,true
593,.text,0x60000020,11694170,0xB2705A,11697242,0xB27C5A,6454148186,0x180B27C5A,0F05,true,true,false,true,34232,0xB26510,0xB4AB9F,149135,5962,0x174A,false,true,syscall,2,,,0xB4AB9F,function_end,instruction_start,true,false,true,true
594,.text,0x60000020,11695290,0xB274BA,11698362,0xB280BA,6454149306,0x180B280BA,0F05,true,true,false,true,34232,0xB26510,0xB4AB9F,149135,7082,0x1BAA,false,true,syscall,2,,,0xB4AB9F,function_end,instruction_start,true,false,true,true
595,.text,0x60000020,11700750,0xB28A0E,11703822,0xB2960E,6454154766,0x180B2960E,0F05,true,true,false,true,34232,0xB26510,0xB4AB9F,149135,12542,0x30FE,false,true,syscall,2,,,0xB4AB9F,function_end,instruction_start,true,false,true,true
596,.text,0x60000020,11702853,0xB29245,11705925,0xB29E45,6454156869,0x180B29E45,0F05,true,true,false,true,34232,0xB26510,0xB4AB9F,149135,14645,0x3935,false,true,syscall,2,,,0xB4AB9F,function_end,instruction_start,true,false,true,true
597,.text,0x60000020,11710481,0xB2B011,11713553,0xB2BC11,6454164497,0x180B2BC11,0F05,true,true,false,true,34232,0xB26510,0xB4AB9F,149135,22273,0x5701,false,true,syscall,2,,,0xB4AB9F,function_end,instruction_start,true,false,true,true
598,.text,0x60000020,11715228,0xB2C29C,11718300,0xB2CE9C,6454169244,0x180B2CE9C,0F05,true,true,false,true,34232,0xB26510,0xB4AB9F,149135,27020,0x698C,true,true,syscall,2,,,0xB4AB9F,function_end,instruction_start,true,false,true,true
599,.text,0x60000020,11718349,0xB2CECD,11721421,0xB2DACD,6454172365,0x180B2DACD,0F05,true,true,false,true,34232,0xB26510,0xB4AB9F,149135,30141,0x75BD,false,true,syscall,2,,,0xB4AB9F,function_end,instruction_start,true,false,true,true
600,.text,0x60000020,11719547,0xB2D37B,11722619,0xB2DF7B,6454173563,0x180B2DF7B,0F05,true,true,false,true,34232,0xB26510,0xB4AB9F,149135,31339,0x7A6B,false,true,syscall,2,,,0xB4AB9F,function_end,instruction_start,true,false,true,true
601,.text,0x60000020,11720435,0xB2D6F3,11723507,0xB2E2F3,6454174451,0x180B2E2F3,0F05,true,true,false,true,34232,0xB26510,0xB4AB9F,149135,32227,0x7DE3,false,true,syscall,2,,,0xB4AB9F,function_end,instruction_start,true,false,true,true
602,.text,0x60000020,11721466,0xB2DAFA,11724538,0xB2E6FA,6454175482,0x180B2E6FA,0F05,true,true,false,true,34232,0xB26510,0xB4AB9F,149135,33258,0x81EA,false,true,syscall,2,,,0xB4AB9F,function_end,instruction_start,true,false,true,true
603,.text,0x60000020,11735703,0xB31297,11738775,0xB31E97,6454189719,0x180B31E97,0F05,true,true,false,true,34232,0xB26510,0xB4AB9F,149135,47495,0xB987,false,true,syscall,2,,,0xB4AB9F,function_end,instruction_start,true,false,true,true
604,.text,0x60000020,11736774,0xB316C6,11739846,0xB322C6,6454190790,0x180B322C6,0F05,true,true,false,true,34232,0xB26510,0xB4AB9F,149135,48566,0xBDB6,false,true,syscall,2,,,0xB4AB9F,function_end,instruction_start,true,false,true,true
605,.text,0x60000020,11739286,0xB32096,11742358,0xB32C96,6454193302,0x180B32C96,0F05,true,true,false,true,34232,0xB26510,0xB4AB9F,149135,51078,0xC786,false,true,syscall,2,,,0xB4AB9F,function_end,instruction_start,true,false,true,true
606,.text,0x60000020,11740854,0xB326B6,11743926,0xB332B6,6454194870,0x180B332B6,0F05,true,true,false,true,34232,0xB26510,0xB4AB9F,149135,52646,0xCDA6,false,true,syscall,2,,,0xB4AB9F,function_end,instruction_start,true,false,true,true
607,.text,0x60000020,11750494,0xB34C5E,11753566,0xB3585E,6454204510,0x180B3585E,0F05,true,true,false,true,34232,0xB26510,0xB4AB9F,149135,62286,0xF34E,false,true,syscall,2,,,0xB4AB9F,function_end,instruction_start,true,false,true,true
608,.text,0x60000020,11770341,0xB399E5,11773413,0xB3A5E5,6454224357,0x180B3A5E5,0F05,true,true,false,true,34232,0xB26510,0xB4AB9F,149135,82133,0x140D5,false,true,syscall,2,,,0xB4AB9F,function_end,instruction_start,true,false,true,true
609,.text,0x60000020,11771768,0xB39F78,11774840,0xB3AB78,6454225784,0x180B3AB78,0F05,true,true,false,true,34232,0xB26510,0xB4AB9F,149135,83560,0x14668,true,true,syscall,2,,,0xB4AB9F,function_end,instruction_start,true,false,true,true
610,.text,0x60000020,11772256,0xB3A160,11775328,0xB3AD60,6454226272,0x180B3AD60,0F05,true,true,false,true,34232,0xB26510,0xB4AB9F,149135,84048,0x14850,true,true,syscall,2,,,0xB4AB9F,function_end,instruction_start,true,false,true,true
611,.text,0x60000020,11776899,0xB3B383,11779971,0xB3BF83,6454230915,0x180B3BF83,0F05,true,true,false,true,34232,0xB26510,0xB4AB9F,149135,88691,0x15A73,false,true,syscall,2,,,0xB4AB9F,function_end,instruction_start,true,false,true,true
612,.text,0x60000020,11778273,0xB3B8E1,11781345,0xB3C4E1,6454232289,0x180B3C4E1,0F05,true,true,false,true,34232,0xB26510,0xB4AB9F,149135,90065,0x15FD1,false,true,syscall,2,,,0xB4AB9F,function_end,instruction_start,true,false,true,true
613,.text,0x60000020,11780731,0xB3C27B,11783803,0xB3CE7B,6454234747,0x180B3CE7B,0F05,true,true,false,true,34232,0xB26510,0xB4AB9F,149135,92523,0x1696B,false,true,syscall,2,,,0xB4AB9F,function_end,instruction_start,true,false,true,true
614,.text,0x60000020,11782766,0xB3CA6E,11785838,0xB3D66E,6454236782,0x180B3D66E,0F05,true,true,false,true,34232,0xB26510,0xB4AB9F,149135,94558,0x1715E,false,true,,0,0xB3D66B,"movabs rdx, 0xa6c4e1de42050f3a",0xB4AB9F,function_end,covered_by_instruction,false,true,false,false
615,.text,0x60000020,11786004,0xB3D714,11789076,0xB3E314,6454240020,0x180B3E314,0F05,true,true,false,true,34232,0xB26510,0xB4AB9F,149135,97796,0x17E04,true,true,syscall,2,,,0xB4AB9F,function_end,instruction_start,true,false,true,true
616,.text,0x60000020,11786981,0xB3DAE5,11790053,0xB3E6E5,6454240997,0x180B3E6E5,0F05,true,true,false,true,34232,0xB26510,0xB4AB9F,149135,98773,0x181D5,false,true,syscall,2,,,0xB4AB9F,function_end,instruction_start,true,false,true,true
617,.text,0x60000020,11787663,0xB3DD8F,11790735,0xB3E98F,6454241679,0x180B3E98F,0F05,true,true,false,true,34232,0xB26510,0xB4AB9F,149135,99455,0x1847F,false,true,syscall,2,,,0xB4AB9F,function_end,instruction_start,true,false,true,true
618,.text,0x60000020,11788835,0xB3E223,11791907,0xB3EE23,6454242851,0x180B3EE23,0F05,true,true,false,true,34232,0xB26510,0xB4AB9F,149135,100627,0x18913,false,true,syscall,2,,,0xB4AB9F,function_end,instruction_start,true,false,true,true
619,.text,0x60000020,11789305,0xB3E3F9,11792377,0xB3EFF9,6454243321,0x180B3EFF9,0F05,true,true,false,true,34232,0xB26510,0xB4AB9F,149135,101097,0x18AE9,false,true,syscall,2,,,0xB4AB9F,function_end,instruction_start,true,false,true,true
620,.text,0x60000020,11790796,0xB3E9CC,11793868,0xB3F5CC,6454244812,0x180B3F5CC,0F05,true,true,false,true,34232,0xB26510,0xB4AB9F,149135,102588,0x190BC,true,true,syscall,2,,,0xB4AB9F,function_end,instruction_start,true,false,true,true
621,.text,0x60000020,11797911,0xB40597,11800983,0xB41197,6454251927,0x180B41197,0F05,true,true,false,true,34232,0xB26510,0xB4AB9F,149135,109703,0x1AC87,false,true,syscall,2,,,0xB4AB9F,function_end,instruction_start,true,false,true,true
622,.text,0x60000020,11800607,0xB4101F,11803679,0xB41C1F,6454254623,0x180B41C1F,0F05,true,true,false,true,34232,0xB26510,0xB4AB9F,149135,112399,0x1B70F,false,true,syscall,2,,,0xB4AB9F,function_end,instruction_start,true,false,true,true
623,.text,0x60000020,11802104,0xB415F8,11805176,0xB421F8,6454256120,0x180B421F8,0F05,true,true,false,true,34232,0xB26510,0xB4AB9F,149135,113896,0x1BCE8,true,true,syscall,2,,,0xB4AB9F,function_end,instruction_start,true,false,true,true
624,.text,0x60000020,11808029,0xB42D1D,11811101,0xB4391D,6454262045,0x180B4391D,0F05,true,true,false,true,34232,0xB26510,0xB4AB9F,149135,119821,0x1D40D,false,true,syscall,2,,,0xB4AB9F,function_end,instruction_start,true,false,true,true
625,.text,0x60000020,11817805,0xB4534D,11820877,0xB45F4D,6454271821,0x180B45F4D,0F05,true,true,false,true,34232,0xB26510,0xB4AB9F,149135,129597,0x1FA3D,false,true,syscall,2,,,0xB4AB9F,function_end,instruction_start,true,false,true,true
626,.text,0x60000020,11818261,0xB45515,11821333,0xB46115,6454272277,0x180B46115,0F05,true,true,false,true,34232,0xB26510,0xB4AB9F,149135,130053,0x1FC05,false,true,syscall,2,,,0xB4AB9F,function_end,instruction_start,true,false,true,true
627,.text,0x60000020,11828800,0xB47E40,11831872,0xB48A40,6454282816,0x180B48A40,0F05,true,true,false,true,34232,0xB26510,0xB4AB9F,149135,140592,0x22530,true,true,syscall,2,,,0xB4AB9F,function_end,instruction_start,true,false,true,true
628,.text,0x60000020,11829487,0xB480EF,11832559,0xB48CEF,6454283503,0x180B48CEF,0F05,true,true,false,true,34232,0xB26510,0xB4AB9F,149135,141279,0x227DF,false,true,syscall,2,,,0xB4AB9F,function_end,instruction_start,true,false,true,true
629,.text,0x60000020,11831657,0xB48969,11834729,0xB49569,6454285673,0x180B49569,0F05,true,true,false,true,34232,0xB26510,0xB4AB9F,149135,143449,0x23059,false,true,syscall,2,,,0xB4AB9F,function_end,instruction_start,true,false,true,true
630,.text,0x60000020,11833501,0xB4909D,11836573,0xB49C9D,6454287517,0x180B49C9D,0F05,true,true,false,true,34232,0xB26510,0xB4AB9F,149135,145293,0x2378D,false,true,syscall,2,,,0xB4AB9F,function_end,instruction_start,true,false,true,true
631,.text,0x60000020,11838476,0xB4A40C,11841548,0xB4B00C,6454292492,0x180B4B00C,0F05,true,true,false,true,34246,0xB4ADA0,0xB4E4E7,14151,620,0x26C,true,true,syscall,2,,,0xB4E4E7,function_end,instruction_start,true,false,true,true
632,.text,0x60000020,11839805,0xB4A93D,11842877,0xB4B53D,6454293821,0x180B4B53D,0F05,true,true,false,true,34246,0xB4ADA0,0xB4E4E7,14151,1949,0x79D,false,true,syscall,2,,,0xB4E4E7,function_end,instruction_start,true,false,true,true
633,.text,0x60000020,11840907,0xB4AD8B,11843979,0xB4B98B,6454294923,0x180B4B98B,0F05,true,true,false,true,34246,0xB4ADA0,0xB4E4E7,14151,3051,0xBEB,false,true,syscall,2,,,0xB4E4E7,function_end,instruction_start,true,false,true,true
634,.text,0x60000020,11841330,0xB4AF32,11844402,0xB4BB32,6454295346,0x180B4BB32,0F05,true,true,false,true,34246,0xB4ADA0,0xB4E4E7,14151,3474,0xD92,false,true,syscall,2,,,0xB4E4E7,function_end,instruction_start,true,false,true,true
635,.text,0x60000020,11844829,0xB4BCDD,11847901,0xB4C8DD,6454298845,0x180B4C8DD,0F05,true,true,false,true,34246,0xB4ADA0,0xB4E4E7,14151,6973,0x1B3D,false,true,syscall,2,,,0xB4E4E7,function_end,instruction_start,true,false,true,true
636,.text,0x60000020,11845604,0xB4BFE4,11848676,0xB4CBE4,6454299620,0x180B4CBE4,0F05,true,true,false,true,34246,0xB4ADA0,0xB4E4E7,14151,7748,0x1E44,true,true,syscall,2,,,0xB4E4E7,function_end,instruction_start,true,false,true,true
637,.text,0x60000020,11847078,0xB4C5A6,11850150,0xB4D1A6,6454301094,0x180B4D1A6,0F05,true,true,false,true,34246,0xB4ADA0,0xB4E4E7,14151,9222,0x2406,false,true,syscall,2,,,0xB4E4E7,function_end,instruction_start,true,false,true,true
638,.text,0x60000020,11849832,0xB4D068,11852904,0xB4DC68,6454303848,0x180B4DC68,0F05,true,true,false,true,34246,0xB4ADA0,0xB4E4E7,14151,11976,0x2EC8,true,true,syscall,2,,,0xB4E4E7,function_end,instruction_start,true,false,true,true
639,.text,0x60000020,11860703,0xB4FADF,11863775,0xB506DF,6454314719,0x180B506DF,0F05,true,true,false,true,34250,0xB4F3B0,0xB74A71,153281,4911,0x132F,false,true,syscall,2,,,0xB74A71,function_end,instruction_start,true,false,true,true
640,.text,0x60000020,11862941,0xB5039D,11866013,0xB50F9D,6454316957,0x180B50F9D,0F05,true,true,false,true,34250,0xB4F3B0,0xB74A71,153281,7149,0x1BED,false,true,syscall,2,,,0xB74A71,function_end,instruction_start,true,false,true,true
641,.text,0x60000020,11867728,0xB51650,11870800,0xB52250,6454321744,0x180B52250,0F05,true,true,false,true,34250,0xB4F3B0,0xB74A71,153281,11936,0x2EA0,true,true,syscall,2,,,0xB74A71,function_end,instruction_start,true,false,true,true
642,.text,0x60000020,11869355,0xB51CAB,11872427,0xB528AB,6454323371,0x180B528AB,0F05,true,true,false,true,34250,0xB4F3B0,0xB74A71,153281,13563,0x34FB,false,true,syscall,2,,,0xB74A71,function_end,instruction_start,true,false,true,true
643,.text,0x60000020,11870353,0xB52091,11873425,0xB52C91,6454324369,0x180B52C91,0F05,true,true,false,true,34250,0xB4F3B0,0xB74A71,153281,14561,0x38E1,false,true,syscall,2,,,0xB74A71,function_end,instruction_start,true,false,true,true
644,.text,0x60000020,11876066,0xB536E2,11879138,0xB542E2,6454330082,0x180B542E2,0F05,true,true,false,true,34250,0xB4F3B0,0xB74A71,153281,20274,0x4F32,false,true,syscall,2,,,0xB74A71,function_end,instruction_start,true,false,true,true
645,.text,0x60000020,11877635,0xB53D03,11880707,0xB54903,6454331651,0x180B54903,0F05,true,true,false,true,34250,0xB4F3B0,0xB74A71,153281,21843,0x5553,false,true,syscall,2,,,0xB74A71,function_end,instruction_start,true,false,true,true
646,.text,0x60000020,11878327,0xB53FB7,11881399,0xB54BB7,6454332343,0x180B54BB7,0F05,true,true,false,true,34250,0xB4F3B0,0xB74A71,153281,22535,0x5807,false,true,syscall,2,,,0xB74A71,function_end,instruction_start,true,false,true,true
647,.text,0x60000020,11879047,0xB54287,11882119,0xB54E87,6454333063,0x180B54E87,0F05,true,true,false,true,34250,0xB4F3B0,0xB74A71,153281,23255,0x5AD7,false,true,syscall,2,,,0xB74A71,function_end,instruction_start,true,false,true,true
648,.text,0x60000020,11881123,0xB54AA3,11884195,0xB556A3,6454335139,0x180B556A3,0F05,true,true,false,true,34250,0xB4F3B0,0xB74A71,153281,25331,0x62F3,false,true,syscall,2,,,0xB74A71,function_end,instruction_start,true,false,true,true
649,.text,0x60000020,11883809,0xB55521,11886881,0xB56121,6454337825,0x180B56121,0F05,true,true,false,true,34250,0xB4F3B0,0xB74A71,153281,28017,0x6D71,false,true,syscall,2,,,0xB74A71,function_end,instruction_start,true,false,true,true
650,.text,0x60000020,11884655,0xB5586F,11887727,0xB5646F,6454338671,0x180B5646F,0F05,true,true,false,true,34250,0xB4F3B0,0xB74A71,153281,28863,0x70BF,false,true,syscall,2,,,0xB74A71,function_end,instruction_start,true,false,true,true
651,.text,0x60000020,11885449,0xB55B89,11888521,0xB56789,6454339465,0x180B56789,0F05,true,true,false,true,34250,0xB4F3B0,0xB74A71,153281,29657,0x73D9,false,true,syscall,2,,,0xB74A71,function_end,instruction_start,true,false,true,true
652,.text,0x60000020,11887493,0xB56385,11890565,0xB56F85,6454341509,0x180B56F85,0F05,true,true,false,true,34250,0xB4F3B0,0xB74A71,153281,31701,0x7BD5,false,true,syscall,2,,,0xB74A71,function_end,instruction_start,true,false,true,true
653,.text,0x60000020,11888003,0xB56583,11891075,0xB57183,6454342019,0x180B57183,0F05,true,true,false,true,34250,0xB4F3B0,0xB74A71,153281,32211,0x7DD3,false,true,syscall,2,,,0xB74A71,function_end,instruction_start,true,false,true,true
654,.text,0x60000020,11889069,0xB569AD,11892141,0xB575AD,6454343085,0x180B575AD,0F05,true,true,false,true,34250,0xB4F3B0,0xB74A71,153281,33277,0x81FD,false,true,syscall,2,,,0xB74A71,function_end,instruction_start,true,false,true,true
655,.text,0x60000020,11896095,0xB5851F,11899167,0xB5911F,6454350111,0x180B5911F,0F05,true,true,false,true,34250,0xB4F3B0,0xB74A71,153281,40303,0x9D6F,false,true,syscall,2,,,0xB74A71,function_end,instruction_start,true,false,true,true
656,.text,0x60000020,11898960,0xB59050,11902032,0xB59C50,6454352976,0x180B59C50,0F05,true,true,false,true,34250,0xB4F3B0,0xB74A71,153281,43168,0xA8A0,true,true,syscall,2,,,0xB74A71,function_end,instruction_start,true,false,true,true
657,.text,0x60000020,11900973,0xB5982D,11904045,0xB5A42D,6454354989,0x180B5A42D,0F05,true,true,false,true,34250,0xB4F3B0,0xB74A71,153281,45181,0xB07D,false,true,syscall,2,,,0xB74A71,function_end,instruction_start,true,false,true,true
658,.text,0x60000020,11901476,0xB59A24,11904548,0xB5A624,6454355492,0x180B5A624,0F05,true,true,false,true,34250,0xB4F3B0,0xB74A71,153281,45684,0xB274,true,true,syscall,2,,,0xB74A71,function_end,instruction_start,true,false,true,true
659,.text,0x60000020,11902462,0xB59DFE,11905534,0xB5A9FE,6454356478,0x180B5A9FE,0F05,true,true,false,true,34250,0xB4F3B0,0xB74A71,153281,46670,0xB64E,false,true,syscall,2,,,0xB74A71,function_end,instruction_start,true,false,true,true
660,.text,0x60000020,11905930,0xB5AB8A,11909002,0xB5B78A,6454359946,0x180B5B78A,0F05,true,true,false,true,34250,0xB4F3B0,0xB74A71,153281,50138,0xC3DA,false,true,syscall,2,,,0xB74A71,function_end,instruction_start,true,false,true,true
661,.text,0x60000020,11909220,0xB5B864,11912292,0xB5C464,6454363236,0x180B5C464,0F05,true,true,false,true,34250,0xB4F3B0,0xB74A71,153281,53428,0xD0B4,true,true,syscall,2,,,0xB74A71,function_end,instruction_start,true,false,true,true
662,.text,0x60000020,11909921,0xB5BB21,11912993,0xB5C721,6454363937,0x180B5C721,0F05,true,true,false,true,34250,0xB4F3B0,0xB74A71,153281,54129,0xD371,false,true,syscall,2,,,0xB74A71,function_end,instruction_start,true,false,true,true
663,.text,0x60000020,11911367,0xB5C0C7,11914439,0xB5CCC7,6454365383,0x180B5CCC7,0F05,true,true,false,true,34250,0xB4F3B0,0xB74A71,153281,55575,0xD917,false,true,syscall,2,,,0xB74A71,function_end,instruction_start,true,false,true,true
664,.text,0x60000020,11915921,0xB5D291,11918993,0xB5DE91,6454369937,0x180B5DE91,0F05,true,true,false,true,34250,0xB4F3B0,0xB74A71,153281,60129,0xEAE1,false,true,syscall,2,,,0xB74A71,function_end,instruction_start,true,false,true,true
665,.text,0x60000020,11916688,0xB5D590,11919760,0xB5E190,6454370704,0x180B5E190,0F05,true,true,false,true,34250,0xB4F3B0,0xB74A71,153281,60896,0xEDE0,true,true,syscall,2,,,0xB74A71,function_end,instruction_start,true,false,true,true
666,.text,0x60000020,11919589,0xB5E0E5,11922661,0xB5ECE5,6454373605,0x180B5ECE5,0F05,true,true,false,true,34250,0xB4F3B0,0xB74A71,153281,63797,0xF935,false,true,syscall,2,,,0xB74A71,function_end,instruction_start,true,false,true,true
667,.text,0x60000020,11927234,0xB5FEC2,11930306,0xB60AC2,6454381250,0x180B60AC2,0F05,true,true,false,true,34250,0xB4F3B0,0xB74A71,153281,71442,0x11712,false,true,syscall,2,,,0xB74A71,function_end,instruction_start,true,false,true,true
668,.text,0x60000020,11934125,0xB619AD,11937197,0xB625AD,6454388141,0x180B625AD,0F05,true,true,false,true,34250,0xB4F3B0,0xB74A71,153281,78333,0x131FD,false,true,syscall,2,,,0xB74A71,function_end,instruction_start,true,false,true,true
669,.text,0x60000020,11935091,0xB61D73,11938163,0xB62973,6454389107,0x180B62973,0F05,true,true,false,true,34250,0xB4F3B0,0xB74A71,153281,79299,0x135C3,false,true,syscall,2,,,0xB74A71,function_end,instruction_start,true,false,true,true
670,.text,0x60000020,11935835,0xB6205B,11938907,0xB62C5B,6454389851,0x180B62C5B,0F05,true,true,false,true,34250,0xB4F3B0,0xB74A71,153281,80043,0x138AB,false,true,syscall,2,,,0xB74A71,function_end,instruction_start,true,false,true,true
671,.text,0x60000020,11938631,0xB62B47,11941703,0xB63747,6454392647,0x180B63747,0F05,true,true,false,true,34250,0xB4F3B0,0xB74A71,153281,82839,0x14397,false,true,syscall,2,,,0xB74A71,function_end,instruction_start,true,false,true,true
672,.text,0x60000020,11947104,0xB64C60,11950176,0xB65860,6454401120,0x180B65860,0F05,true,true,false,true,34250,0xB4F3B0,0xB74A71,153281,91312,0x164B0,true,true,syscall,2,,,0xB74A71,function_end,instruction_start,true,false,true,true
673,.text,0x60000020,11949175,0xB65477,11952247,0xB66077,6454403191,0x180B66077,0F05,true,true,false,true,34250,0xB4F3B0,0xB74A71,153281,93383,0x16CC7,false,true,syscall,2,,,0xB74A71,function_end,instruction_start,true,false,true,true
674,.text,0x60000020,11951424,0xB65D40,11954496,0xB66940,6454405440,0x180B66940,0F05,true,true,false,true,34250,0xB4F3B0,0xB74A71,153281,95632,0x17590,true,true,syscall,2,,,0xB74A71,function_end,instruction_start,true,false,true,true
675,.text,0x60000020,11952283,0xB6609B,11955355,0xB66C9B,6454406299,0x180B66C9B,0F05,true,true,false,true,34250,0xB4F3B0,0xB74A71,153281,96491,0x178EB,false,true,syscall,2,,,0xB74A71,function_end,instruction_start,true,false,true,true
676,.text,0x60000020,11955364,0xB66CA4,11958436,0xB678A4,6454409380,0x180B678A4,0F05,true,true,false,true,34250,0xB4F3B0,0xB74A71,153281,99572,0x184F4,true,true,syscall,2,,,0xB74A71,function_end,instruction_start,true,false,true,true
677,.text,0x60000020,11958865,0xB67A51,11961937,0xB68651,6454412881,0x180B68651,0F05,true,true,false,true,34250,0xB4F3B0,0xB74A71,153281,103073,0x192A1,false,true,syscall,2,,,0xB74A71,function_end,instruction_start,true,false,true,true
678,.text,0x60000020,11961877,0xB68615,11964949,0xB69215,6454415893,0x180B69215,0F05,true,true,false,true,34250,0xB4F3B0,0xB74A71,153281,106085,0x19E65,false,true,syscall,2,,,0xB74A71,function_end,instruction_start,true,false,true,true
679,.text,0x60000020,11965217,0xB69321,11968289,0xB69F21,6454419233,0x180B69F21,0F05,true,true,false,true,34250,0xB4F3B0,0xB74A71,153281,109425,0x1AB71,false,true,syscall,2,,,0xB74A71,function_end,instruction_start,true,false,true,true
680,.text,0x60000020,11966563,0xB69863,11969635,0xB6A463,6454420579,0x180B6A463,0F05,true,true,false,true,34250,0xB4F3B0,0xB74A71,153281,110771,0x1B0B3,false,true,syscall,2,,,0xB74A71,function_end,instruction_start,true,false,true,true
681,.text,0x60000020,11969195,0xB6A2AB,11972267,0xB6AEAB,6454423211,0x180B6AEAB,0F05,true,true,false,true,34250,0xB4F3B0,0xB74A71,153281,113403,0x1BAFB,false,true,syscall,2,,,0xB74A71,function_end,instruction_start,true,false,true,true
682,.text,0x60000020,11970412,0xB6A76C,11973484,0xB6B36C,6454424428,0x180B6B36C,0F05,true,true,false,true,34250,0xB4F3B0,0xB74A71,153281,114620,0x1BFBC,true,true,syscall,2,,,0xB74A71,function_end,instruction_start,true,false,true,true
683,.text,0x60000020,11971014,0xB6A9C6,11974086,0xB6B5C6,6454425030,0x180B6B5C6,0F05,true,true,false,true,34250,0xB4F3B0,0xB74A71,153281,115222,0x1C216,false,true,syscall,2,,,0xB74A71,function_end,instruction_start,true,false,true,true
684,.text,0x60000020,11973946,0xB6B53A,11977018,0xB6C13A,6454427962,0x180B6C13A,0F05,true,true,false,true,34250,0xB4F3B0,0xB74A71,153281,118154,0x1CD8A,false,true,syscall,2,,,0xB74A71,function_end,instruction_start,true,false,true,true
685,.text,0x60000020,11975800,0xB6BC78,11978872,0xB6C878,6454429816,0x180B6C878,0F05,true,true,false,true,34250,0xB4F3B0,0xB74A71,153281,120008,0x1D4C8,true,true,syscall,2,,,0xB74A71,function_end,instruction_start,true,false,true,true
686,.text,0x60000020,11978616,0xB6C778,11981688,0xB6D378,6454432632,0x180B6D378,0F05,true,true,false,true,34250,0xB4F3B0,0xB74A71,153281,122824,0x1DFC8,true,true,syscall,2,,,0xB74A71,function_end,instruction_start,true,false,true,true
687,.text,0x60000020,11984319,0xB6DDBF,11987391,0xB6E9BF,6454438335,0x180B6E9BF,0F05,true,true,false,true,34250,0xB4F3B0,0xB74A71,153281,128527,0x1F60F,false,true,syscall,2,,,0xB74A71,function_end,instruction_start,true,false,true,true
688,.text,0x60000020,11993875,0xB70313,11996947,0xB70F13,6454447891,0x180B70F13,0F05,true,true,false,true,34250,0xB4F3B0,0xB74A71,153281,138083,0x21B63,false,true,syscall,2,,,0xB74A71,function_end,instruction_start,true,false,true,true
689,.text,0x60000020,11994389,0xB70515,11997461,0xB71115,6454448405,0x180B71115,0F05,true,true,false,true,34250,0xB4F3B0,0xB74A71,153281,138597,0x21D65,false,true,syscall,2,,,0xB74A71,function_end,instruction_start,true,false,true,true
690,.text,0x60000020,11998762,0xB7162A,12001834,0xB7222A,6454452778,0x180B7222A,0F05,true,true,false,true,34250,0xB4F3B0,0xB74A71,153281,142970,0x22E7A,false,true,syscall,2,,,0xB74A71,function_end,instruction_start,true,false,true,true
691,.text,0x60000020,12000325,0xB71C45,12003397,0xB72845,6454454341,0x180B72845,0F05,true,true,false,true,34250,0xB4F3B0,0xB74A71,153281,144533,0x23495,false,true,syscall,2,,,0xB74A71,function_end,instruction_start,true,false,true,true
692,.text,0x60000020,12004229,0xB72B85,12007301,0xB73785,6454458245,0x180B73785,0F05,true,true,false,true,34250,0xB4F3B0,0xB74A71,153281,148437,0x243D5,false,true,syscall,2,,,0xB74A71,function_end,instruction_start,true,false,true,true
693,.text,0x60000020,12005748,0xB73174,12008820,0xB73D74,6454459764,0x180B73D74,0F05,true,true,false,true,34250,0xB4F3B0,0xB74A71,153281,149956,0x249C4,true,true,syscall,2,,,0xB74A71,function_end,instruction_start,true,false,true,true
694,.text,0x60000020,12007783,0xB73967,12010855,0xB74567,6454461799,0x180B74567,0F05,true,true,false,true,34250,0xB4F3B0,0xB74A71,153281,151991,0x251B7,false,true,syscall,2,,,0xB74A71,function_end,instruction_start,true,false,true,true
695,.text,0x60000020,12029435,0xB78DFB,12032507,0xB799FB,6454483451,0x180B799FB,0F05,true,true,false,true,34291,0xB79870,0xB79A24,436,395,0x18B,false,true,syscall,2,,,0xB79A24,function_end,instruction_start,true,false,true,true
696,.text,0x60000020,12029994,0xB7902A,12033066,0xB79C2A,6454484010,0x180B79C2A,0F05,true,true,false,true,34292,0xB79A30,0xB79C53,547,506,0x1FA,false,true,syscall,2,,,0xB79C53,function_end,instruction_start,true,false,true,true
697,.text,0x60000020,12030498,0xB79222,12033570,0xB79E22,6454484514,0x180B79E22,0F05,true,true,false,true,34293,0xB79C60,0xB79E4B,491,450,0x1C2,false,true,syscall,2,,,0xB79E4B,function_end,instruction_start,true,false,true,true
698,.text,0x60000020,12031331,0xB79563,12034403,0xB7A163,6454485347,0x180B7A163,0F05,true,true,false,true,34294,0xB79E50,0xB7A176,806,787,0x313,false,true,syscall,2,,,0xB7A176,function_end,instruction_start,true,false,true,true
699,.text,0x60000020,12031855,0xB7976F,12034927,0xB7A36F,6454485871,0x180B7A36F,0F05,true,true,false,true,34295,0xB7A180,0xB7A398,536,495,0x1EF,false,true,syscall,2,,,0xB7A398,function_end,instruction_start,true,false,true,true
700,.text,0x60000020,12032244,0xB798F4,12035316,0xB7A4F4,6454486260,0x180B7A4F4,0F05,true,true,false,true,34296,0xB7A3A0,0xB7A51D,381,340,0x154,true,true,syscall,2,,,0xB7A51D,function_end,instruction_start,true,false,true,true
701,.text,0x60000020,12060313,0xB80699,12063385,0xB81299,6454514329,0x180B81299,0F05,true,true,false,true,34305,0xB81120,0xB812B9,409,377,0x179,false,true,syscall,2,,,0xB812B9,function_end,instruction_start,true,false,true,true
702,.text,0x60000020,12060767,0xB8085F,12063839,0xB8145F,6454514783,0x180B8145F,0F05,true,true,false,true,34306,0xB812C0,0xB8147A,442,415,0x19F,false,true,syscall,2,,,0xB8147A,function_end,instruction_start,true,false,true,true
703,.text,0x60000020,12061199,0xB80A0F,12064271,0xB8160F,6454515215,0x180B8160F,0F05,true,true,false,true,34307,0xB81480,0xB8162B,427,399,0x18F,false,true,syscall,2,,,0xB8162B,function_end,instruction_start,true,false,true,true
704,.text,0x60000020,12061509,0xB80B45,12064581,0xB81745,6454515525,0x180B81745,0F05,true,true,false,true,34308,0xB81630,0xB81760,304,277,0x115,false,true,syscall,2,,,0xB81760,function_end,instruction_start,true,false,true,true
705,.text,0x60000020,12062023,0xB80D47,12065095,0xB81947,6454516039,0x180B81947,0F05,true,true,false,true,34309,0xB81760,0xB81962,514,487,0x1E7,false,true,syscall,2,,,0xB81962,function_end,instruction_start,true,false,true,true
706,.text,0x60000020,12062515,0xB80F33,12065587,0xB81B33,6454516531,0x180B81B33,0F05,true,true,false,true,34310,0xB81970,0xB81B4E,478,451,0x1C3,false,true,syscall,2,,,0xB81B4E,function_end,instruction_start,true,false,true,true
707,.text,0x60000020,12062766,0xB8102E,12065838,0xB81C2E,6454516782,0x180B81C2E,0F05,true,true,false,true,34311,0xB81B50,0xB81C4E,254,222,0xDE,false,true,syscall,2,,,0xB81C4E,function_end,instruction_start,true,false,true,true
708,.text,0x60000020,12063202,0xB811E2,12066274,0xB81DE2,6454517218,0x180B81DE2,0F05,true,true,false,true,34312,0xB81C50,0xB81E02,434,402,0x192,false,true,syscall,2,,,0xB81E02,function_end,instruction_start,true,false,true,true
709,.text,0x60000020,12063667,0xB813B3,12066739,0xB81FB3,6454517683,0x180B81FB3,0F05,true,true,false,true,34313,0xB81E10,0xB81FD2,450,419,0x1A3,false,true,syscall,2,,,0xB81FD2,function_end,instruction_start,true,false,true,true
710,.text,0x60000020,12063998,0xB814FE,12067070,0xB820FE,6454518014,0x180B820FE,0F05,true,true,false,true,34314,0xB81FE0,0xB82122,322,286,0x11E,false,true,syscall,2,,,0xB82122,function_end,instruction_start,true,false,true,true
711,.text,0x60000020,12064343,0xB81657,12067415,0xB82257,6454518359,0x180B82257,0F05,true,true,false,true,34315,0xB82130,0xB82277,327,295,0x127,false,true,syscall,2,,,0xB82277,function_end,instruction_start,true,false,true,true
712,.text,0x60000020,12064785,0xB81811,12067857,0xB82411,6454518801,0x180B82411,0F05,true,true,false,true,34316,0xB82280,0xB82431,433,401,0x191,false,true,syscall,2,,,0xB82431,function_end,instruction_start,true,false,true,true
713,.text,0x60000020,12067903,0xB8243F,12070975,0xB8303F,6454521919,0x180B8303F,0F05,true,true,false,true,34326,0xB82F70,0xB83048,216,207,0xCF,false,true,syscall,2,,,0xB83048,function_end,instruction_start,true,false,true,true
714,.text,0x60000020,12068295,0xB825C7,12071367,0xB831C7,6454522311,0x180B831C7,0F05,true,true,false,true,34327,0xB83050,0xB831ED,413,375,0x177,false,true,syscall,2,,,0xB831ED,function_end,instruction_start,true,false,true,true
715,.text,0x60000020,12068706,0xB82762,12071778,0xB83362,6454522722,0x180B83362,0F05,true,true,false,true,34328,0xB831F0,0xB83388,408,370,0x172,false,true,syscall,2,,,0xB83388,function_end,instruction_start,true,false,true,true
716,.text,0x60000020,12069158,0xB82926,12072230,0xB83526,6454523174,0x180B83526,0F05,true,true,false,true,34329,0xB83390,0xB83532,418,406,0x196,false,true,syscall,2,,,0xB83532,function_end,instruction_start,true,false,true,true
717,.text,0x60000020,12069690,0xB82B3A,12072762,0xB8373A,6454523706,0x180B8373A,0F05,true,true,false,true,34330,0xB83540,0xB83762,546,506,0x1FA,false,true,syscall,2,,,0xB83762,function_end,instruction_start,true,false,true,true
718,.text,0x60000020,12070230,0xB82D56,12073302,0xB83956,6454524246,0x180B83956,0F05,true,true,false,true,34331,0xB83770,0xB8397C,524,486,0x1E6,false,true,syscall,2,,,0xB8397C,function_end,instruction_start,true,false,true,true
719,.text,0x60000020,12070821,0xB82FA5,12073893,0xB83BA5,6454524837,0x180B83BA5,0F05,true,true,false,true,34332,0xB83980,0xB83BC0,576,549,0x225,false,true,syscall,2,,,0xB83BC0,function_end,instruction_start,true,false,true,true
720,.text,0x60000020,12071299,0xB83183,12074371,0xB83D83,6454525315,0x180B83D83,0F05,true,true,false,true,34333,0xB83BC0,0xB83D9D,477,451,0x1C3,false,true,syscall,2,,,0xB83D9D,function_end,instruction_start,true,false,true,true
721,.text,0x60000020,12071676,0xB832FC,12074748,0xB83EFC,6454525692,0x180B83EFC,0F05,true,true,false,true,34334,0xB83DA0,0xB83F17,375,348,0x15C,true,true,syscall,2,,,0xB83F17,function_end,instruction_start,true,false,true,true
722,.text,0x60000020,12072080,0xB83490,12075152,0xB84090,6454526096,0x180B84090,0F05,true,true,false,true,34335,0xB83F20,0xB840AC,396,368,0x170,true,true,syscall,2,,,0xB840AC,function_end,instruction_start,true,false,true,true
723,.text,0x60000020,12072573,0xB8367D,12075645,0xB8427D,6454526589,0x180B8427D,0F05,true,true,false,true,34336,0xB840B0,0xB84298,488,461,0x1CD,false,true,syscall,2,,,0xB84298,function_end,instruction_start,true,false,true,true
724,.text,0x60000020,12072975,0xB8380F,12076047,0xB8440F,6454526991,0x180B8440F,0F05,true,true,false,true,34337,0xB842A0,0xB8442D,397,367,0x16F,false,true,syscall,2,,,0xB8442D,function_end,instruction_start,true,false,true,true
725,.text,0x60000020,12273546,0xBB478A,12276618,0xBB538A,6454727562,0x180BB538A,0F05,true,true,false,true,34943,0xBB4E90,0xBB746B,9691,1274,0x4FA,false,true,syscall,2,,,0xBB746B,function_end,instruction_start,true,false,true,true
726,.text,0x60000020,12274937,0xBB4CF9,12278009,0xBB58F9,6454728953,0x180BB58F9,0F05,true,true,false,true,34943,0xBB4E90,0xBB746B,9691,2665,0xA69,false,true,syscall,2,,,0xBB746B,function_end,instruction_start,true,false,true,true
727,.text,0x60000020,12276376,0xBB5298,12279448,0xBB5E98,6454730392,0x180BB5E98,0F05,true,true,false,true,34943,0xBB4E90,0xBB746B,9691,4104,0x1008,true,true,syscall,2,,,0xBB746B,function_end,instruction_start,true,false,true,true
728,.text,0x60000020,12277061,0xBB5545,12280133,0xBB6145,6454731077,0x180BB6145,0F05,true,true,false,true,34943,0xBB4E90,0xBB746B,9691,4789,0x12B5,false,true,syscall,2,,,0xBB746B,function_end,instruction_start,true,false,true,true
729,.text,0x60000020,12277917,0xBB589D,12280989,0xBB649D,6454731933,0x180BB649D,0F05,true,true,false,true,34943,0xBB4E90,0xBB746B,9691,5645,0x160D,false,true,syscall,2,,,0xBB746B,function_end,instruction_start,true,false,true,true
730,.text,0x60000020,12278844,0xBB5C3C,12281916,0xBB683C,6454732860,0x180BB683C,0F05,true,true,false,true,34943,0xBB4E90,0xBB746B,9691,6572,0x19AC,true,true,syscall,2,,,0xBB746B,function_end,instruction_start,true,false,true,true
731,.text,0x60000020,12281394,0xBB6632,12284466,0xBB7232,6454735410,0x180BB7232,0F05,true,true,false,true,34943,0xBB4E90,0xBB746B,9691,9122,0x23A2,false,true,syscall,2,,,0xBB746B,function_end,instruction_start,true,false,true,true
732,.text,0x60000020,12281821,0xBB67DD,12284893,0xBB73DD,6454735837,0x180BB73DD,0F05,true,true,false,true,34943,0xBB4E90,0xBB746B,9691,9549,0x254D,false,true,syscall,2,,,0xBB746B,function_end,instruction_start,true,false,true,true
733,.text,0x60000020,12282535,0xBB6AA7,12285607,0xBB76A7,6454736551,0x180BB76A7,0F05,true,true,false,true,34945,0xBB7520,0xBB9701,8673,391,0x187,false,true,syscall,2,,,0xBB9701,function_end,instruction_start,true,false,true,true
734,.text,0x60000020,12283924,0xBB7014,12286996,0xBB7C14,6454737940,0x180BB7C14,0F05,true,true,false,true,34945,0xBB7520,0xBB9701,8673,1780,0x6F4,true,true,syscall,2,,,0xBB9701,function_end,instruction_start,true,false,true,true
735,.text,0x60000020,12285664,0xBB76E0,12288736,0xBB82E0,6454739680,0x180BB82E0,0F05,true,true,false,true,34945,0xBB7520,0xBB9701,8673,3520,0xDC0,true,true,syscall,2,,,0xBB9701,function_end,instruction_start,true,false,true,true
736,.text,0x60000020,12286079,0xBB787F,12289151,0xBB847F,6454740095,0x180BB847F,0F05,true,true,false,true,34945,0xBB7520,0xBB9701,8673,3935,0xF5F,false,true,syscall,2,,,0xBB9701,function_end,instruction_start,true,false,true,true
737,.text,0x60000020,12287916,0xBB7FAC,12290988,0xBB8BAC,6454741932,0x180BB8BAC,0F05,true,true,false,true,34945,0xBB7520,0xBB9701,8673,5772,0x168C,true,true,syscall,2,,,0xBB9701,function_end,instruction_start,true,false,true,true
738,.text,0x60000020,12288791,0xBB8317,12291863,0xBB8F17,6454742807,0x180BB8F17,0F05,true,true,false,true,34945,0xBB7520,0xBB9701,8673,6647,0x19F7,false,true,syscall,2,,,0xBB9701,function_end,instruction_start,true,false,true,true
739,.text,0x60000020,12290083,0xBB8823,12293155,0xBB9423,6454744099,0x180BB9423,0F05,true,true,false,true,34945,0xBB7520,0xBB9701,8673,7939,0x1F03,false,true,syscall,2,,,0xBB9701,function_end,instruction_start,true,false,true,true
740,.text,0x60000020,12290565,0xBB8A05,12293637,0xBB9605,6454744581,0x180BB9605,0F05,true,true,false,true,34945,0xBB7520,0xBB9701,8673,8421,0x20E5,false,true,syscall,2,,,0xBB9701,function_end,instruction_start,true,false,true,true
741,.text,0x60000020,12339115,0xBC47AB,12342187,0xBC53AB,6454793131,0x180BC53AB,0F05,true,true,false,true,35110,0xBC5170,0xBC7995,10277,571,0x23B,false,true,syscall,2,,,0xBC7995,function_end,instruction_start,true,false,true,true
742,.text,0x60000020,12339863,0xBC4A97,12342935,0xBC5697,6454793879,0x180BC5697,0F05,true,true,false,true,35110,0xBC5170,0xBC7995,10277,1319,0x527,false,true,syscall,2,,,0xBC7995,function_end,instruction_start,true,false,true,true
743,.text,0x60000020,12340853,0xBC4E75,12343925,0xBC5A75,6454794869,0x180BC5A75,0F05,true,true,false,true,35110,0xBC5170,0xBC7995,10277,2309,0x905,false,true,syscall,2,,,0xBC7995,function_end,instruction_start,true,false,true,true
744,.text,0x60000020,12341366,0xBC5076,12344438,0xBC5C76,6454795382,0x180BC5C76,0F05,true,true,false,true,35110,0xBC5170,0xBC7995,10277,2822,0xB06,false,true,syscall,2,,,0xBC7995,function_end,instruction_start,true,false,true,true
745,.text,0x60000020,12341942,0xBC52B6,12345014,0xBC5EB6,6454795958,0x180BC5EB6,0F05,true,true,false,true,35110,0xBC5170,0xBC7995,10277,3398,0xD46,false,true,syscall,2,,,0xBC7995,function_end,instruction_start,true,false,true,true
746,.text,0x60000020,12342454,0xBC54B6,12345526,0xBC60B6,6454796470,0x180BC60B6,0F05,true,true,false,true,35110,0xBC5170,0xBC7995,10277,3910,0xF46,false,true,syscall,2,,,0xBC7995,function_end,instruction_start,true,false,true,true
747,.text,0x60000020,12343179,0xBC578B,12346251,0xBC638B,6454797195,0x180BC638B,0F05,true,true,false,true,35110,0xBC5170,0xBC7995,10277,4635,0x121B,false,true,syscall,2,,,0xBC7995,function_end,instruction_start,true,false,true,true
748,.text,0x60000020,12347143,0xBC6707,12350215,0xBC7307,6454801159,0x180BC7307,0F05,true,true,false,true,35110,0xBC5170,0xBC7995,10277,8599,0x2197,false,true,syscall,2,,,0xBC7995,function_end,instruction_start,true,false,true,true
749,.text,0x60000020,12350907,0xBC75BB,12353979,0xBC81BB,6454804923,0x180BC81BB,0F05,true,true,false,true,35115,0xBC7DA0,0xBCA371,9681,1051,0x41B,false,true,syscall,2,,,0xBCA371,function_end,instruction_start,true,false,true,true
750,.text,0x60000020,12352410,0xBC7B9A,12355482,0xBC879A,6454806426,0x180BC879A,0F05,true,true,false,true,35115,0xBC7DA0,0xBCA371,9681,2554,0x9FA,false,true,syscall,2,,,0xBCA371,function_end,instruction_start,true,false,true,true
751,.text,0x60000020,12353122,0xBC7E62,12356194,0xBC8A62,6454807138,0x180BC8A62,0F05,true,true,false,true,35115,0xBC7DA0,0xBCA371,9681,3266,0xCC2,false,true,syscall,2,,,0xBCA371,function_end,instruction_start,true,false,true,true
752,.text,0x60000020,12354468,0xBC83A4,12357540,0xBC8FA4,6454808484,0x180BC8FA4,0F05,true,true,false,true,35115,0xBC7DA0,0xBCA371,9681,4612,0x1204,true,true,syscall,2,,,0xBCA371,function_end,instruction_start,true,false,true,true
753,.text,0x60000020,12354954,0xBC858A,12358026,0xBC918A,6454808970,0x180BC918A,0F05,true,true,false,true,35115,0xBC7DA0,0xBCA371,9681,5098,0x13EA,false,true,syscall,2,,,0xBCA371,function_end,instruction_start,true,false,true,true
754,.text,0x60000020,12355436,0xBC876C,12358508,0xBC936C,6454809452,0x180BC936C,0F05,true,true,false,true,35115,0xBC7DA0,0xBCA371,9681,5580,0x15CC,true,true,syscall,2,,,0xBCA371,function_end,instruction_start,true,false,true,true
755,.text,0x60000020,12358388,0xBC92F4,12361460,0xBC9EF4,6454812404,0x180BC9EF4,0F05,true,true,false,true,35115,0xBC7DA0,0xBCA371,9681,8532,0x2154,true,true,syscall,2,,,0xBCA371,function_end,instruction_start,true,false,true,true
756,.text,0x60000020,12359436,0xBC970C,12362508,0xBCA30C,6454813452,0x180BCA30C,0F05,true,true,false,true,35115,0xBC7DA0,0xBCA371,9681,9580,0x256C,true,true,syscall,2,,,0xBCA371,function_end,instruction_start,true,false,true,true
757,.text,0x60000020,12373673,0xBCCEA9,12376745,0xBCDAA9,6454827689,0x180BCDAA9,0F05,true,true,false,true,35171,0xBCCFF0,0xBCFA82,10898,2745,0xAB9,false,true,syscall,2,,,0xBCFA82,function_end,instruction_start,true,false,true,true
758,.text,0x60000020,12374450,0xBCD1B2,12377522,0xBCDDB2,6454828466,0x180BCDDB2,0F05,true,true,false,true,35171,0xBCCFF0,0xBCFA82,10898,3522,0xDC2,false,true,syscall,2,,,0xBCFA82,function_end,instruction_start,true,false,true,true
759,.text,0x60000020,12375592,0xBCD628,12378664,0xBCE228,6454829608,0x180BCE228,0F05,true,true,false,true,35171,0xBCCFF0,0xBCFA82,10898,4664,0x1238,true,true,syscall,2,,,0xBCFA82,function_end,instruction_start,true,false,true,true
760,.text,0x60000020,12376452,0xBCD984,12379524,0xBCE584,6454830468,0x180BCE584,0F05,true,true,false,true,35171,0xBCCFF0,0xBCFA82,10898,5524,0x1594,true,true,syscall,2,,,0xBCFA82,function_end,instruction_start,true,false,true,true
761,.text,0x60000020,12377681,0xBCDE51,12380753,0xBCEA51,6454831697,0x180BCEA51,0F05,true,true,false,true,35171,0xBCCFF0,0xBCFA82,10898,6753,0x1A61,false,true,syscall,2,,,0xBCFA82,function_end,instruction_start,true,false,true,true
762,.text,0x60000020,12378224,0xBCE070,12381296,0xBCEC70,6454832240,0x180BCEC70,0F05,true,true,false,true,35171,0xBCCFF0,0xBCFA82,10898,7296,0x1C80,true,true,syscall,2,,,0xBCFA82,function_end,instruction_start,true,false,true,true
763,.text,0x60000020,12379896,0xBCE6F8,12382968,0xBCF2F8,6454833912,0x180BCF2F8,0F05,true,true,false,true,35171,0xBCCFF0,0xBCFA82,10898,8968,0x2308,true,true,syscall,2,,,0xBCFA82,function_end,instruction_start,true,false,true,true
764,.text,0x60000020,12381717,0xBCEE15,12384789,0xBCFA15,6454835733,0x180BCFA15,0F05,true,true,false,true,35171,0xBCCFF0,0xBCFA82,10898,10789,0x2A25,false,true,syscall,2,,,0xBCFA82,function_end,instruction_start,true,false,true,true
765,.text,0x60000020,12395929,0xBD2599,12399001,0xBD3199,6454849945,0x180BD3199,0F05,true,true,false,true,35220,0xBD2FA0,0xBD36DE,1854,505,0x1F9,false,true,,0,0xBD3197,call 0xc240c0,0xBD36DE,function_end,covered_by_instruction,false,true,false,false
766,.text,0x60000020,12395937,0xBD25A1,12399009,0xBD31A1,6454849953,0x180BD31A1,0F05,true,true,false,true,35220,0xBD2FA0,0xBD36DE,1854,513,0x201,false,true,,0,0xBD319F,call 0xc240e0,0xBD36DE,function_end,covered_by_instruction,false,true,false,false
767,.text,0x60000020,12395963,0xBD25BB,12399035,0xBD31BB,6454849979,0x180BD31BB,0F05,true,true,false,true,35220,0xBD2FA0,0xBD36DE,1854,539,0x21B,false,true,,0,0xBD31B9,call 0xc240f0,0xBD36DE,function_end,covered_by_instruction,false,true,false,false
768,.text,0x60000020,12395987,0xBD25D3,12399059,0xBD31D3,6454850003,0x180BD31D3,0F05,true,true,false,true,35220,0xBD2FA0,0xBD36DE,1854,563,0x233,false,true,,0,0xBD31D1,call 0xc24100,0xBD36DE,function_end,covered_by_instruction,false,true,false,false
769,.text,0x60000020,12396046,0xBD260E,12399118,0xBD320E,6454850062,0x180BD320E,0F05,true,true,false,true,35220,0xBD2FA0,0xBD36DE,1854,622,0x26E,false,true,,0,0xBD320C,call 0xc24120,0xBD36DE,function_end,covered_by_instruction,false,true,false,false
770,.text,0x60000020,12396054,0xBD2616,12399126,0xBD3216,6454850070,0x180BD3216,0F05,true,true,false,true,35220,0xBD2FA0,0xBD36DE,1854,630,0x276,false,true,,0,0xBD3214,call 0xc24140,0xBD36DE,function_end,covered_by_instruction,false,true,false,false
771,.text,0x60000020,12404523,0xBD472B,12407595,0xBD532B,6454858539,0x180BD532B,0F05,true,true,false,true,35239,0xBD4520,0xBD6A61,9537,3595,0xE0B,false,true,syscall,2,,,0xBD6A61,function_end,instruction_start,true,false,true,true
772,.text,0x60000020,12405556,0xBD4B34,12408628,0xBD5734,6454859572,0x180BD5734,0F05,true,true,false,true,35239,0xBD4520,0xBD6A61,9537,4628,0x1214,true,true,syscall,2,,,0xBD6A61,function_end,instruction_start,true,false,true,true
773,.text,0x60000020,12406415,0xBD4E8F,12409487,0xBD5A8F,6454860431,0x180BD5A8F,0F05,true,true,false,true,35239,0xBD4520,0xBD6A61,9537,5487,0x156F,false,true,syscall,2,,,0xBD6A61,function_end,instruction_start,true,false,true,true
774,.text,0x60000020,12406883,0xBD5063,12409955,0xBD5C63,6454860899,0x180BD5C63,0F05,true,true,false,true,35239,0xBD4520,0xBD6A61,9537,5955,0x1743,false,true,syscall,2,,,0xBD6A61,function_end,instruction_start,true,false,true,true
775,.text,0x60000020,12407518,0xBD52DE,12410590,0xBD5EDE,6454861534,0x180BD5EDE,0F05,true,true,false,true,35239,0xBD4520,0xBD6A61,9537,6590,0x19BE,false,true,syscall,2,,,0xBD6A61,function_end,instruction_start,true,false,true,true
776,.text,0x60000020,12408319,0xBD55FF,12411391,0xBD61FF,6454862335,0x180BD61FF,0F05,true,true,false,true,35239,0xBD4520,0xBD6A61,9537,7391,0x1CDF,false,true,syscall,2,,,0xBD6A61,function_end,instruction_start,true,false,true,true
777,.text,0x60000020,12409269,0xBD59B5,12412341,0xBD65B5,6454863285,0x180BD65B5,0F05,true,true,false,true,35239,0xBD4520,0xBD6A61,9537,8341,0x2095,false,true,syscall,2,,,0xBD6A61,function_end,instruction_start,true,false,true,true
778,.text,0x60000020,12409968,0xBD5C70,12413040,0xBD6870,6454863984,0x180BD6870,0F05,true,true,false,true,35239,0xBD4520,0xBD6A61,9537,9040,0x2350,true,true,syscall,2,,,0xBD6A61,function_end,instruction_start,true,false,true,true
779,.text,0x60000020,12734503,0xC25027,12737575,0xC25C27,6455188519,0x180C25C27,0F05,true,true,false,false,,,,,,,false,false,,0,,,,no_pdata_function,no_pdata_function,false,true,false,false
780,.text,0x60000020,12743784,0xC27468,12746856,0xC28068,6455197800,0x180C28068,0F05,true,true,false,true,37802,0xC27E90,0xC57A1D,195469,472,0x1D8,true,true,syscall,2,,,0xC57A1D,function_end,instruction_start,true,false,true,true
781,.text,0x60000020,12744283,0xC2765B,12747355,0xC2825B,6455198299,0x180C2825B,0F05,true,true,false,true,37802,0xC27E90,0xC57A1D,195469,971,0x3CB,false,true,syscall,2,,,0xC57A1D,function_end,instruction_start,true,false,true,true
782,.text,0x60000020,12745217,0xC27A01,12748289,0xC28601,6455199233,0x180C28601,0F05,true,true,false,true,37802,0xC27E90,0xC57A1D,195469,1905,0x771,false,true,syscall,2,,,0xC57A1D,function_end,instruction_start,true,false,true,true
783,.text,0x60000020,12749673,0xC28B69,12752745,0xC29769,6455203689,0x180C29769,0F05,true,true,false,true,37802,0xC27E90,0xC57A1D,195469,6361,0x18D9,false,true,syscall,2,,,0xC57A1D,function_end,instruction_start,true,false,true,true
784,.text,0x60000020,12753437,0xC29A1D,12756509,0xC2A61D,6455207453,0x180C2A61D,0F05,true,true,false,true,37802,0xC27E90,0xC57A1D,195469,10125,0x278D,false,true,syscall,2,,,0xC57A1D,function_end,instruction_start,true,false,true,true
785,.text,0x60000020,12755167,0xC2A0DF,12758239,0xC2ACDF,6455209183,0x180C2ACDF,0F05,true,true,false,true,37802,0xC27E90,0xC57A1D,195469,11855,0x2E4F,false,true,syscall,2,,,0xC57A1D,function_end,instruction_start,true,false,true,true
786,.text,0x60000020,12756482,0xC2A602,12759554,0xC2B202,6455210498,0x180C2B202,0F05,true,true,false,true,37802,0xC27E90,0xC57A1D,195469,13170,0x3372,false,true,syscall,2,,,0xC57A1D,function_end,instruction_start,true,false,true,true
787,.text,0x60000020,12757118,0xC2A87E,12760190,0xC2B47E,6455211134,0x180C2B47E,0F05,true,true,false,true,37802,0xC27E90,0xC57A1D,195469,13806,0x35EE,false,true,syscall,2,,,0xC57A1D,function_end,instruction_start,true,false,true,true
788,.text,0x60000020,12758632,0xC2AE68,12761704,0xC2BA68,6455212648,0x180C2BA68,0F05,true,true,false,true,37802,0xC27E90,0xC57A1D,195469,15320,0x3BD8,true,true,syscall,2,,,0xC57A1D,function_end,instruction_start,true,false,true,true
789,.text,0x60000020,12760402,0xC2B552,12763474,0xC2C152,6455214418,0x180C2C152,0F05,true,true,false,true,37802,0xC27E90,0xC57A1D,195469,17090,0x42C2,false,true,syscall,2,,,0xC57A1D,function_end,instruction_start,true,false,true,true
790,.text,0x60000020,12765817,0xC2CA79,12768889,0xC2D679,6455219833,0x180C2D679,0F05,true,true,false,true,37802,0xC27E90,0xC57A1D,195469,22505,0x57E9,false,true,syscall,2,,,0xC57A1D,function_end,instruction_start,true,false,true,true
791,.text,0x60000020,12766220,0xC2CC0C,12769292,0xC2D80C,6455220236,0x180C2D80C,0F05,true,true,false,true,37802,0xC27E90,0xC57A1D,195469,22908,0x597C,true,true,syscall,2,,,0xC57A1D,function_end,instruction_start,true,false,true,true
792,.text,0x60000020,12767063,0xC2CF57,12770135,0xC2DB57,6455221079,0x180C2DB57,0F05,true,true,false,true,37802,0xC27E90,0xC57A1D,195469,23751,0x5CC7,false,true,syscall,2,,,0xC57A1D,function_end,instruction_start,true,false,true,true
793,.text,0x60000020,12768010,0xC2D30A,12771082,0xC2DF0A,6455222026,0x180C2DF0A,0F05,true,true,false,true,37802,0xC27E90,0xC57A1D,195469,24698,0x607A,false,true,syscall,2,,,0xC57A1D,function_end,instruction_start,true,false,true,true
794,.text,0x60000020,12769249,0xC2D7E1,12772321,0xC2E3E1,6455223265,0x180C2E3E1,0F05,true,true,false,true,37802,0xC27E90,0xC57A1D,195469,25937,0x6551,false,true,syscall,2,,,0xC57A1D,function_end,instruction_start,true,false,true,true
795,.text,0x60000020,12770367,0xC2DC3F,12773439,0xC2E83F,6455224383,0x180C2E83F,0F05,true,true,false,true,37802,0xC27E90,0xC57A1D,195469,27055,0x69AF,false,true,syscall,2,,,0xC57A1D,function_end,instruction_start,true,false,true,true
796,.text,0x60000020,12771562,0xC2E0EA,12774634,0xC2ECEA,6455225578,0x180C2ECEA,0F05,true,true,false,true,37802,0xC27E90,0xC57A1D,195469,28250,0x6E5A,false,true,syscall,2,,,0xC57A1D,function_end,instruction_start,true,false,true,true
797,.text,0x60000020,12772398,0xC2E42E,12775470,0xC2F02E,6455226414,0x180C2F02E,0F05,true,true,false,true,37802,0xC27E90,0xC57A1D,195469,29086,0x719E,false,true,syscall,2,,,0xC57A1D,function_end,instruction_start,true,false,true,true
798,.text,0x60000020,12773649,0xC2E911,12776721,0xC2F511,6455227665,0x180C2F511,0F05,true,true,false,true,37802,0xC27E90,0xC57A1D,195469,30337,0x7681,false,true,syscall,2,,,0xC57A1D,function_end,instruction_start,true,false,true,true
799,.text,0x60000020,12774484,0xC2EC54,12777556,0xC2F854,6455228500,0x180C2F854,0F05,true,true,false,true,37802,0xC27E90,0xC57A1D,195469,31172,0x79C4,true,true,syscall,2,,,0xC57A1D,function_end,instruction_start,true,false,true,true
800,.text,0x60000020,12774853,0xC2EDC5,12777925,0xC2F9C5,6455228869,0x180C2F9C5,0F05,true,true,false,true,37802,0xC27E90,0xC57A1D,195469,31541,0x7B35,false,true,syscall,2,,,0xC57A1D,function_end,instruction_start,true,false,true,true
801,.text,0x60000020,12777391,0xC2F7AF,12780463,0xC303AF,6455231407,0x180C303AF,0F05,true,true,false,true,37802,0xC27E90,0xC57A1D,195469,34079,0x851F,false,true,syscall,2,,,0xC57A1D,function_end,instruction_start,true,false,true,true
802,.text,0x60000020,12777926,0xC2F9C6,12780998,0xC305C6,6455231942,0x180C305C6,0F05,true,true,false,true,37802,0xC27E90,0xC57A1D,195469,34614,0x8736,false,true,syscall,2,,,0xC57A1D,function_end,instruction_start,true,false,true,true
803,.text,0x60000020,12783653,0xC31025,12786725,0xC31C25,6455237669,0x180C31C25,0F05,true,true,false,true,37802,0xC27E90,0xC57A1D,195469,40341,0x9D95,false,true,syscall,2,,,0xC57A1D,function_end,instruction_start,true,false,true,true
804,.text,0x60000020,12784940,0xC3152C,12788012,0xC3212C,6455238956,0x180C3212C,0F05,true,true,false,true,37802,0xC27E90,0xC57A1D,195469,41628,0xA29C,true,true,syscall,2,,,0xC57A1D,function_end,instruction_start,true,false,true,true
805,.text,0x60000020,12793446,0xC33666,12796518,0xC34266,6455247462,0x180C34266,0F05,true,true,false,true,37802,0xC27E90,0xC57A1D,195469,50134,0xC3D6,false,true,syscall,2,,,0xC57A1D,function_end,instruction_start,true,false,true,true
806,.text,0x60000020,12794182,0xC33946,12797254,0xC34546,6455248198,0x180C34546,0F05,true,true,false,true,37802,0xC27E90,0xC57A1D,195469,50870,0xC6B6,false,true,syscall,2,,,0xC57A1D,function_end,instruction_start,true,false,true,true
807,.text,0x60000020,12825312,0xC3B2E0,12828384,0xC3BEE0,6455279328,0x180C3BEE0,0F05,true,true,false,true,37802,0xC27E90,0xC57A1D,195469,82000,0x14050,true,true,syscall,2,,,0xC57A1D,function_end,instruction_start,true,false,true,true
808,.text,0x60000020,12826608,0xC3B7F0,12829680,0xC3C3F0,6455280624,0x180C3C3F0,0F05,true,true,false,true,37802,0xC27E90,0xC57A1D,195469,83296,0x14560,true,true,syscall,2,,,0xC57A1D,function_end,instruction_start,true,false,true,true
809,.text,0x60000020,12857952,0xC43260,12861024,0xC43E60,6455311968,0x180C43E60,0F05,true,true,false,true,37802,0xC27E90,0xC57A1D,195469,114640,0x1BFD0,true,true,syscall,2,,,0xC57A1D,function_end,instruction_start,true,false,true,true
810,.text,0x60000020,12859083,0xC436CB,12862155,0xC442CB,6455313099,0x180C442CB,0F05,true,true,false,true,37802,0xC27E90,0xC57A1D,195469,115771,0x1C43B,false,true,syscall,2,,,0xC57A1D,function_end,instruction_start,true,false,true,true
811,.text,0x60000020,12861643,0xC440CB,12864715,0xC44CCB,6455315659,0x180C44CCB,0F05,true,true,false,true,37802,0xC27E90,0xC57A1D,195469,118331,0x1CE3B,false,true,syscall,2,,,0xC57A1D,function_end,instruction_start,true,false,true,true
812,.text,0x60000020,12866385,0xC45351,12869457,0xC45F51,6455320401,0x180C45F51,0F05,true,true,false,true,37802,0xC27E90,0xC57A1D,195469,123073,0x1E0C1,false,true,syscall,2,,,0xC57A1D,function_end,instruction_start,true,false,true,true
813,.text,0x60000020,12867416,0xC45758,12870488,0xC46358,6455321432,0x180C46358,0F05,true,true,false,true,37802,0xC27E90,0xC57A1D,195469,124104,0x1E4C8,true,true,syscall,2,,,0xC57A1D,function_end,instruction_start,true,false,true,true
814,.text,0x60000020,12868038,0xC459C6,12871110,0xC465C6,6455322054,0x180C465C6,0F05,true,true,false,true,37802,0xC27E90,0xC57A1D,195469,124726,0x1E736,false,true,syscall,2,,,0xC57A1D,function_end,instruction_start,true,false,true,true
815,.text,0x60000020,12868748,0xC45C8C,12871820,0xC4688C,6455322764,0x180C4688C,0F05,true,true,false,true,37802,0xC27E90,0xC57A1D,195469,125436,0x1E9FC,true,true,syscall,2,,,0xC57A1D,function_end,instruction_start,true,false,true,true
816,.text,0x60000020,12870552,0xC46398,12873624,0xC46F98,6455324568,0x180C46F98,0F05,true,true,false,true,37802,0xC27E90,0xC57A1D,195469,127240,0x1F108,true,true,syscall,2,,,0xC57A1D,function_end,instruction_start,true,false,true,true
817,.text,0x60000020,12872711,0xC46C07,12875783,0xC47807,6455326727,0x180C47807,0F05,true,true,false,true,37802,0xC27E90,0xC57A1D,195469,129399,0x1F977,false,true,syscall,2,,,0xC57A1D,function_end,instruction_start,true,false,true,true
818,.text,0x60000020,12873226,0xC46E0A,12876298,0xC47A0A,6455327242,0x180C47A0A,0F05,true,true,false,true,37802,0xC27E90,0xC57A1D,195469,129914,0x1FB7A,false,true,syscall,2,,,0xC57A1D,function_end,instruction_start,true,false,true,true
819,.text,0x60000020,12902566,0xC4E0A6,12905638,0xC4ECA6,6455356582,0x180C4ECA6,0F05,true,true,false,true,37802,0xC27E90,0xC57A1D,195469,159254,0x26E16,false,true,syscall,2,,,0xC57A1D,function_end,instruction_start,true,false,true,true
820,.text,0x60000020,12904363,0xC4E7AB,12907435,0xC4F3AB,6455358379,0x180C4F3AB,0F05,true,true,false,true,37802,0xC27E90,0xC57A1D,195469,161051,0x2751B,false,true,syscall,2,,,0xC57A1D,function_end,instruction_start,true,false,true,true
821,.text,0x60000020,12906343,0xC4EF67,12909415,0xC4FB67,6455360359,0x180C4FB67,0F05,true,true,false,true,37802,0xC27E90,0xC57A1D,195469,163031,0x27CD7,false,true,syscall,2,,,0xC57A1D,function_end,instruction_start,true,false,true,true
822,.text,0x60000020,12907484,0xC4F3DC,12910556,0xC4FFDC,6455361500,0x180C4FFDC,0F05,true,true,false,true,37802,0xC27E90,0xC57A1D,195469,164172,0x2814C,true,true,syscall,2,,,0xC57A1D,function_end,instruction_start,true,false,true,true
823,.text,0x60000020,12910970,0xC5017A,12914042,0xC50D7A,6455364986,0x180C50D7A,0F05,true,true,false,true,37802,0xC27E90,0xC57A1D,195469,167658,0x28EEA,false,true,syscall,2,,,0xC57A1D,function_end,instruction_start,true,false,true,true
824,.text,0x60000020,12911694,0xC5044E,12914766,0xC5104E,6455365710,0x180C5104E,0F05,true,true,false,true,37802,0xC27E90,0xC57A1D,195469,168382,0x291BE,false,true,syscall,2,,,0xC57A1D,function_end,instruction_start,true,false,true,true
825,.text,0x60000020,12915141,0xC511C5,12918213,0xC51DC5,6455369157,0x180C51DC5,0F05,true,true,false,true,37802,0xC27E90,0xC57A1D,195469,171829,0x29F35,false,true,syscall,2,,,0xC57A1D,function_end,instruction_start,true,false,true,true
826,.text,0x60000020,12917997,0xC51CED,12921069,0xC528ED,6455372013,0x180C528ED,0F05,true,true,false,true,37802,0xC27E90,0xC57A1D,195469,174685,0x2AA5D,false,true,syscall,2,,,0xC57A1D,function_end,instruction_start,true,false,true,true
827,.text,0x60000020,12922124,0xC52D0C,12925196,0xC5390C,6455376140,0x180C5390C,0F05,true,true,false,true,37802,0xC27E90,0xC57A1D,195469,178812,0x2BA7C,true,true,syscall,2,,,0xC57A1D,function_end,instruction_start,true,false,true,true
828,.text,0x60000020,12925262,0xC5394E,12928334,0xC5454E,6455379278,0x180C5454E,0F05,true,true,false,true,37802,0xC27E90,0xC57A1D,195469,181950,0x2C6BE,false,true,syscall,2,,,0xC57A1D,function_end,instruction_start,true,false,true,true
829,.text,0x60000020,12926436,0xC53DE4,12929508,0xC549E4,6455380452,0x180C549E4,0F05,true,true,false,true,37802,0xC27E90,0xC57A1D,195469,183124,0x2CB54,true,true,syscall,2,,,0xC57A1D,function_end,instruction_start,true,false,true,true
830,.text,0x60000020,12927075,0xC54063,12930147,0xC54C63,6455381091,0x180C54C63,0F05,true,true,false,true,37802,0xC27E90,0xC57A1D,195469,183763,0x2CDD3,false,true,syscall,2,,,0xC57A1D,function_end,instruction_start,true,false,true,true
831,.text,0x60000020,12932911,0xC5572F,12935983,0xC5632F,6455386927,0x180C5632F,0F05,true,true,false,true,37802,0xC27E90,0xC57A1D,195469,189599,0x2E49F,false,true,syscall,2,,,0xC57A1D,function_end,instruction_start,true,false,true,true
832,.text,0x60000020,12933348,0xC558E4,12936420,0xC564E4,6455387364,0x180C564E4,0F05,true,true,false,true,37802,0xC27E90,0xC57A1D,195469,190036,0x2E654,true,true,syscall,2,,,0xC57A1D,function_end,instruction_start,true,false,true,true
833,.text,0x60000020,12934504,0xC55D68,12937576,0xC56968,6455388520,0x180C56968,0F05,true,true,false,true,37802,0xC27E90,0xC57A1D,195469,191192,0x2EAD8,true,true,syscall,2,,,0xC57A1D,function_end,instruction_start,true,false,true,true
834,.text,0x60000020,12935339,0xC560AB,12938411,0xC56CAB,6455389355,0x180C56CAB,0F05,true,true,false,true,37802,0xC27E90,0xC57A1D,195469,192027,0x2EE1B,false,true,syscall,2,,,0xC57A1D,function_end,instruction_start,true,false,true,true
835,.text,0x60000020,12935784,0xC56268,12938856,0xC56E68,6455389800,0x180C56E68,0F05,true,true,false,true,37802,0xC27E90,0xC57A1D,195469,192472,0x2EFD8,true,true,syscall,2,,,0xC57A1D,function_end,instruction_start,true,false,true,true
836,.text,0x60000020,12942533,0xC57CC5,12945605,0xC588C5,6455396549,0x180C588C5,0F05,true,true,false,true,37821,0xC58730,0xC588ED,445,405,0x195,false,true,syscall,2,,,0xC588ED,function_end,instruction_start,true,false,true,true
837,.text,0x60000020,12942984,0xC57E88,12946056,0xC58A88,6455397000,0x180C58A88,0F05,true,true,false,true,37822,0xC588F0,0xC58AB1,449,408,0x198,true,true,syscall,2,,,0xC58AB1,function_end,instruction_start,true,false,true,true
838,.text,0x60000020,12943441,0xC58051,12946513,0xC58C51,6455397457,0x180C58C51,0F05,true,true,false,true,37823,0xC58AC0,0xC58C79,441,401,0x191,false,true,syscall,2,,,0xC58C79,function_end,instruction_start,true,false,true,true
839,.text,0x60000020,12943928,0xC58238,12947000,0xC58E38,6455397944,0x180C58E38,0F05,true,true,false,true,37824,0xC58C80,0xC58E61,481,440,0x1B8,true,true,syscall,2,,,0xC58E61,function_end,instruction_start,true,false,true,true
840,.text,0x60000020,12944384,0xC58400,12947456,0xC59000,6455398400,0x180C59000,0F05,true,true,false,true,37825,0xC58E70,0xC59029,441,400,0x190,true,true,syscall,2,,,0xC59029,function_end,instruction_start,true,false,true,true
841,.text,0x60000020,12944843,0xC585CB,12947915,0xC591CB,6455398859,0x180C591CB,0F05,true,true,false,true,37826,0xC59030,0xC591F3,451,411,0x19B,false,true,syscall,2,,,0xC591F3,function_end,instruction_start,true,false,true,true
842,.text,0x60000020,13023799,0xC6BA37,13026871,0xC6C637,6455477815,0x180C6C637,0F05,true,true,false,true,38520,0xC6B610,0xC819AF,91039,4135,0x1027,false,true,syscall,2,,,0xC819AF,function_end,instruction_start,true,false,true,true
843,.text,0x60000020,13026557,0xC6C4FD,13029629,0xC6D0FD,6455480573,0x180C6D0FD,0F05,true,true,false,true,38520,0xC6B610,0xC819AF,91039,6893,0x1AED,false,true,syscall,2,,,0xC819AF,function_end,instruction_start,true,false,true,true
844,.text,0x60000020,13030183,0xC6D327,13033255,0xC6DF27,6455484199,0x180C6DF27,0F05,true,true,false,true,38520,0xC6B610,0xC819AF,91039,10519,0x2917,false,true,syscall,2,,,0xC819AF,function_end,instruction_start,true,false,true,true
845,.text,0x60000020,13034513,0xC6E411,13037585,0xC6F011,6455488529,0x180C6F011,0F05,true,true,false,true,38520,0xC6B610,0xC819AF,91039,14849,0x3A01,false,true,syscall,2,,,0xC819AF,function_end,instruction_start,true,false,true,true
846,.text,0x60000020,13037159,0xC6EE67,13040231,0xC6FA67,6455491175,0x180C6FA67,0F05,true,true,false,true,38520,0xC6B610,0xC819AF,91039,17495,0x4457,false,true,syscall,2,,,0xC819AF,function_end,instruction_start,true,false,true,true
847,.text,0x60000020,13040080,0xC6F9D0,13043152,0xC705D0,6455494096,0x180C705D0,0F05,true,true,false,true,38520,0xC6B610,0xC819AF,91039,20416,0x4FC0,true,true,syscall,2,,,0xC819AF,function_end,instruction_start,true,false,true,true
848,.text,0x60000020,13042542,0xC7036E,13045614,0xC70F6E,6455496558,0x180C70F6E,0F05,true,true,false,true,38520,0xC6B610,0xC819AF,91039,22878,0x595E,false,true,syscall,2,,,0xC819AF,function_end,instruction_start,true,false,true,true
849,.text,0x60000020,13044839,0xC70C67,13047911,0xC71867,6455498855,0x180C71867,0F05,true,true,false,true,38520,0xC6B610,0xC819AF,91039,25175,0x6257,false,true,syscall,2,,,0xC819AF,function_end,instruction_start,true,false,true,true
850,.text,0x60000020,13045972,0xC710D4,13049044,0xC71CD4,6455499988,0x180C71CD4,0F05,true,true,false,true,38520,0xC6B610,0xC819AF,91039,26308,0x66C4,true,true,syscall,2,,,0xC819AF,function_end,instruction_start,true,false,true,true
851,.text,0x60000020,13047599,0xC7172F,13050671,0xC7232F,6455501615,0x180C7232F,0F05,true,true,false,true,38520,0xC6B610,0xC819AF,91039,27935,0x6D1F,false,true,syscall,2,,,0xC819AF,function_end,instruction_start,true,false,true,true
852,.text,0x60000020,13050866,0xC723F2,13053938,0xC72FF2,6455504882,0x180C72FF2,0F05,true,true,false,true,38520,0xC6B610,0xC819AF,91039,31202,0x79E2,false,true,syscall,2,,,0xC819AF,function_end,instruction_start,true,false,true,true
853,.text,0x60000020,13055260,0xC7351C,13058332,0xC7411C,6455509276,0x180C7411C,0F05,true,true,false,true,38520,0xC6B610,0xC819AF,91039,35596,0x8B0C,true,true,syscall,2,,,0xC819AF,function_end,instruction_start,true,false,true,true
854,.text,0x60000020,13059935,0xC7475F,13063007,0xC7535F,6455513951,0x180C7535F,0F05,true,true,false,true,38520,0xC6B610,0xC819AF,91039,40271,0x9D4F,false,true,syscall,2,,,0xC819AF,function_end,instruction_start,true,false,true,true
855,.text,0x60000020,13060971,0xC74B6B,13064043,0xC7576B,6455514987,0x180C7576B,0F05,true,true,false,true,38520,0xC6B610,0xC819AF,91039,41307,0xA15B,false,true,syscall,2,,,0xC819AF,function_end,instruction_start,true,false,true,true
856,.text,0x60000020,13067874,0xC76662,13070946,0xC77262,6455521890,0x180C77262,0F05,true,true,false,true,38520,0xC6B610,0xC819AF,91039,48210,0xBC52,false,true,syscall,2,,,0xC819AF,function_end,instruction_start,true,false,true,true
857,.text,0x60000020,13071025,0xC772B1,13074097,0xC77EB1,6455525041,0x180C77EB1,0F05,true,true,false,true,38520,0xC6B610,0xC819AF,91039,51361,0xC8A1,false,true,syscall,2,,,0xC819AF,function_end,instruction_start,true,false,true,true
858,.text,0x60000020,13073366,0xC77BD6,13076438,0xC787D6,6455527382,0x180C787D6,0F05,true,true,false,true,38520,0xC6B610,0xC819AF,91039,53702,0xD1C6,false,true,syscall,2,,,0xC819AF,function_end,instruction_start,true,false,true,true
859,.text,0x60000020,13073789,0xC77D7D,13076861,0xC7897D,6455527805,0x180C7897D,0F05,true,true,false,true,38520,0xC6B610,0xC819AF,91039,54125,0xD36D,false,true,syscall,2,,,0xC819AF,function_end,instruction_start,true,false,true,true
860,.text,0x60000020,13074866,0xC781B2,13077938,0xC78DB2,6455528882,0x180C78DB2,0F05,true,true,false,true,38520,0xC6B610,0xC819AF,91039,55202,0xD7A2,false,true,syscall,2,,,0xC819AF,function_end,instruction_start,true,false,true,true
861,.text,0x60000020,13085164,0xC7A9EC,13088236,0xC7B5EC,6455539180,0x180C7B5EC,0F05,true,true,false,true,38520,0xC6B610,0xC819AF,91039,65500,0xFFDC,true,true,syscall,2,,,0xC819AF,function_end,instruction_start,true,false,true,true
862,.text,0x60000020,13093435,0xC7CA3B,13096507,0xC7D63B,6455547451,0x180C7D63B,0F05,true,true,false,true,38520,0xC6B610,0xC819AF,91039,73771,0x1202B,false,true,syscall,2,,,0xC819AF,function_end,instruction_start,true,false,true,true
863,.text,0x60000020,13105224,0xC7F848,13108296,0xC80448,6455559240,0x180C80448,0F05,true,true,false,true,38520,0xC6B610,0xC819AF,91039,85560,0x14E38,true,true,syscall,2,,,0xC819AF,function_end,instruction_start,true,false,true,true
864,.text,0x60000020,13107041,0xC7FF61,13110113,0xC80B61,6455561057,0x180C80B61,0F05,true,true,false,true,38520,0xC6B610,0xC819AF,91039,87377,0x15551,false,true,syscall,2,,,0xC819AF,function_end,instruction_start,true,false,true,true
865,.text,0x60000020,13110402,0xC80C82,13113474,0xC81882,6455564418,0x180C81882,0F05,true,true,false,true,38520,0xC6B610,0xC819AF,91039,90738,0x16272,false,true,syscall,2,,,0xC819AF,function_end,instruction_start,true,false,true,true
866,.text,0x60000020,13126880,0xC84CE0,13129952,0xC858E0,6455580896,0x180C858E0,0F05,true,true,false,true,38550,0xC856C0,0xC87104,6724,544,0x220,true,true,syscall,2,,,0xC87104,function_end,instruction_start,true,false,true,true
867,.text,0x60000020,13127322,0xC84E9A,13130394,0xC85A9A,6455581338,0x180C85A9A,0F05,true,true,false,true,38550,0xC856C0,0xC87104,6724,986,0x3DA,false,true,syscall,2,,,0xC87104,function_end,instruction_start,true,false,true,true
868,.text,0x60000020,13127600,0xC84FB0,13130672,0xC85BB0,6455581616,0x180C85BB0,0F05,true,true,false,true,38550,0xC856C0,0xC87104,6724,1264,0x4F0,true,true,syscall,2,,,0xC87104,function_end,instruction_start,true,false,true,true
869,.text,0x60000020,13128131,0xC851C3,13131203,0xC85DC3,6455582147,0x180C85DC3,0F05,true,true,false,true,38550,0xC856C0,0xC87104,6724,1795,0x703,false,true,syscall,2,,,0xC87104,function_end,instruction_start,true,false,true,true
870,.text,0x60000020,13128652,0xC853CC,13131724,0xC85FCC,6455582668,0x180C85FCC,0F05,true,true,false,true,38550,0xC856C0,0xC87104,6724,2316,0x90C,true,true,syscall,2,,,0xC87104,function_end,instruction_start,true,false,true,true
871,.text,0x60000020,13129024,0xC85540,13132096,0xC86140,6455583040,0x180C86140,0F05,true,true,false,true,38550,0xC856C0,0xC87104,6724,2688,0xA80,true,true,syscall,2,,,0xC87104,function_end,instruction_start,true,false,true,true
872,.text,0x60000020,13129466,0xC856FA,13132538,0xC862FA,6455583482,0x180C862FA,0F05,true,true,false,true,38550,0xC856C0,0xC87104,6724,3130,0xC3A,false,true,syscall,2,,,0xC87104,function_end,instruction_start,true,false,true,true
873,.text,0x60000020,13129760,0xC85820,13132832,0xC86420,6455583776,0x180C86420,0F05,true,true,false,true,38550,0xC856C0,0xC87104,6724,3424,0xD60,true,true,syscall,2,,,0xC87104,function_end,instruction_start,true,false,true,true
874,.text,0x60000020,13130221,0xC859ED,13133293,0xC865ED,6455584237,0x180C865ED,0F05,true,true,false,true,38550,0xC856C0,0xC87104,6724,3885,0xF2D,false,true,syscall,2,,,0xC87104,function_end,instruction_start,true,false,true,true
875,.text,0x60000020,13130551,0xC85B37,13133623,0xC86737,6455584567,0x180C86737,0F05,true,true,false,true,38550,0xC856C0,0xC87104,6724,4215,0x1077,false,true,syscall,2,,,0xC87104,function_end,instruction_start,true,false,true,true
876,.text,0x60000020,13131087,0xC85D4F,13134159,0xC8694F,6455585103,0x180C8694F,0F05,true,true,false,true,38550,0xC856C0,0xC87104,6724,4751,0x128F,false,true,syscall,2,,,0xC87104,function_end,instruction_start,true,false,true,true
877,.text,0x60000020,13131468,0xC85ECC,13134540,0xC86ACC,6455585484,0x180C86ACC,0F05,true,true,false,true,38550,0xC856C0,0xC87104,6724,5132,0x140C,true,true,syscall,2,,,0xC87104,function_end,instruction_start,true,false,true,true
878,.text,0x60000020,13131964,0xC860BC,13135036,0xC86CBC,6455585980,0x180C86CBC,0F05,true,true,false,true,38550,0xC856C0,0xC87104,6724,5628,0x15FC,true,true,syscall,2,,,0xC87104,function_end,instruction_start,true,false,true,true
879,.text,0x60000020,13132298,0xC8620A,13135370,0xC86E0A,6455586314,0x180C86E0A,0F05,true,true,false,true,38550,0xC856C0,0xC87104,6724,5962,0x174A,false,true,syscall,2,,,0xC87104,function_end,instruction_start,true,false,true,true
880,.text,0x60000020,13132628,0xC86354,13135700,0xC86F54,6455586644,0x180C86F54,0F05,true,true,false,true,38550,0xC856C0,0xC87104,6724,6292,0x1894,true,true,syscall,2,,,0xC87104,function_end,instruction_start,true,false,true,true
881,.text,0x60000020,13133019,0xC864DB,13136091,0xC870DB,6455587035,0x180C870DB,0F05,true,true,false,true,38550,0xC856C0,0xC87104,6724,6683,0x1A1B,false,true,syscall,2,,,0xC87104,function_end,instruction_start,true,false,true,true
882,.text,0x60000020,13139004,0xC87C3C,13142076,0xC8883C,6455593020,0x180C8883C,0F05,true,true,false,true,38560,0xC87900,0xC8CE4E,21838,3900,0xF3C,true,true,syscall,2,,,0xC8CE4E,function_end,instruction_start,true,false,true,true
883,.text,0x60000020,13140134,0xC880A6,13143206,0xC88CA6,6455594150,0x180C88CA6,0F05,true,true,false,true,38560,0xC87900,0xC8CE4E,21838,5030,0x13A6,false,true,syscall,2,,,0xC8CE4E,function_end,instruction_start,true,false,true,true
884,.text,0x60000020,13146441,0xC89949,13149513,0xC8A549,6455600457,0x180C8A549,0F05,true,true,false,true,38560,0xC87900,0xC8CE4E,21838,11337,0x2C49,false,true,syscall,2,,,0xC8CE4E,function_end,instruction_start,true,false,true,true
885,.text,0x60000020,13147920,0xC89F10,13150992,0xC8AB10,6455601936,0x180C8AB10,0F05,true,true,false,true,38560,0xC87900,0xC8CE4E,21838,12816,0x3210,true,true,syscall,2,,,0xC8CE4E,function_end,instruction_start,true,false,true,true
886,.text,0x60000020,13148680,0xC8A208,13151752,0xC8AE08,6455602696,0x180C8AE08,0F05,true,true,false,true,38560,0xC87900,0xC8CE4E,21838,13576,0x3508,true,true,syscall,2,,,0xC8CE4E,function_end,instruction_start,true,false,true,true
887,.text,0x60000020,13149666,0xC8A5E2,13152738,0xC8B1E2,6455603682,0x180C8B1E2,0F05,true,true,false,true,38560,0xC87900,0xC8CE4E,21838,14562,0x38E2,false,true,syscall,2,,,0xC8CE4E,function_end,instruction_start,true,false,true,true
888,.text,0x60000020,13150054,0xC8A766,13153126,0xC8B366,6455604070,0x180C8B366,0F05,true,true,false,true,38560,0xC87900,0xC8CE4E,21838,14950,0x3A66,false,true,syscall,2,,,0xC8CE4E,function_end,instruction_start,true,false,true,true
889,.text,0x60000020,13150658,0xC8A9C2,13153730,0xC8B5C2,6455604674,0x180C8B5C2,0F05,true,true,false,true,38560,0xC87900,0xC8CE4E,21838,15554,0x3CC2,false,true,syscall,2,,,0xC8CE4E,function_end,instruction_start,true,false,true,true
890,.text,0x60000020,13167692,0xC8EC4C,13170764,0xC8F84C,6455621708,0x180C8F84C,0F05,true,true,false,true,38572,0xC8F650,0xC8F872,546,508,0x1FC,true,true,syscall,2,,,0xC8F872,function_end,instruction_start,true,false,true,true
891,.text,0x60000020,13168236,0xC8EE6C,13171308,0xC8FA6C,6455622252,0x180C8FA6C,0F05,true,true,false,true,38573,0xC8F880,0xC8FA92,530,492,0x1EC,true,true,syscall,2,,,0xC8FA92,function_end,instruction_start,true,false,true,true
892,.text,0x60000020,13168589,0xC8EFCD,13171661,0xC8FBCD,6455622605,0x180C8FBCD,0F05,true,true,false,true,38574,0xC8FAA0,0xC8FBF3,339,301,0x12D,false,true,syscall,2,,,0xC8FBF3,function_end,instruction_start,true,false,true,true
893,.text,0x60000020,13169068,0xC8F1AC,13172140,0xC8FDAC,6455623084,0x180C8FDAC,0F05,true,true,false,true,38575,0xC8FC00,0xC8FDD2,466,428,0x1AC,true,true,syscall,2,,,0xC8FDD2,function_end,instruction_start,true,false,true,true
894,.text,0x60000020,13169466,0xC8F33A,13172538,0xC8FF3A,6455623482,0x180C8FF3A,0F05,true,true,false,true,38576,0xC8FDE0,0xC8FF60,384,346,0x15A,false,true,syscall,2,,,0xC8FF60,function_end,instruction_start,true,false,true,true
895,.text,0x60000020,13169950,0xC8F51E,13173022,0xC9011E,6455623966,0x180C9011E,0F05,true,true,false,true,38577,0xC8FF60,0xC90144,484,446,0x1BE,false,true,syscall,2,,,0xC90144,function_end,instruction_start,true,false,true,true
896,.text,0x60000020,13258145,0xCA4DA1,13261217,0xCA59A1,6455712161,0x180CA59A1,0F05,true,true,false,true,38730,0xCA5050,0xCA85C3,13683,2385,0x951,false,true,syscall,2,,,0xCA85C3,function_end,instruction_start,true,false,true,true
897,.text,0x60000020,13258520,0xCA4F18,13261592,0xCA5B18,6455712536,0x180CA5B18,0F05,true,true,false,true,38730,0xCA5050,0xCA85C3,13683,2760,0xAC8,true,true,syscall,2,,,0xCA85C3,function_end,instruction_start,true,false,true,true
898,.text,0x60000020,13258820,0xCA5044,13261892,0xCA5C44,6455712836,0x180CA5C44,0F05,true,true,false,true,38730,0xCA5050,0xCA85C3,13683,3060,0xBF4,true,true,syscall,2,,,0xCA85C3,function_end,instruction_start,true,false,true,true
899,.text,0x60000020,13259241,0xCA51E9,13262313,0xCA5DE9,6455713257,0x180CA5DE9,0F05,true,true,false,true,38730,0xCA5050,0xCA85C3,13683,3481,0xD99,false,true,syscall,2,,,0xCA85C3,function_end,instruction_start,true,false,true,true
900,.text,0x60000020,13259551,0xCA531F,13262623,0xCA5F1F,6455713567,0x180CA5F1F,0F05,true,true,false,true,38730,0xCA5050,0xCA85C3,13683,3791,0xECF,false,true,syscall,2,,,0xCA85C3,function_end,instruction_start,true,false,true,true
901,.text,0x60000020,13259869,0xCA545D,13262941,0xCA605D,6455713885,0x180CA605D,0F05,true,true,false,true,38730,0xCA5050,0xCA85C3,13683,4109,0x100D,false,true,syscall,2,,,0xCA85C3,function_end,instruction_start,true,false,true,true
902,.text,0x60000020,13260244,0xCA55D4,13263316,0xCA61D4,6455714260,0x180CA61D4,0F05,true,true,false,true,38730,0xCA5050,0xCA85C3,13683,4484,0x1184,true,true,syscall,2,,,0xCA85C3,function_end,instruction_start,true,false,true,true
903,.text,0x60000020,13260539,0xCA56FB,13263611,0xCA62FB,6455714555,0x180CA62FB,0F05,true,true,false,true,38730,0xCA5050,0xCA85C3,13683,4779,0x12AB,false,true,syscall,2,,,0xCA85C3,function_end,instruction_start,true,false,true,true
904,.text,0x60000020,13264350,0xCA65DE,13267422,0xCA71DE,6455718366,0x180CA71DE,0F05,true,true,false,true,38730,0xCA5050,0xCA85C3,13683,8590,0x218E,false,true,syscall,2,,,0xCA85C3,function_end,instruction_start,true,false,true,true
905,.text,0x60000020,13264636,0xCA66FC,13267708,0xCA72FC,6455718652,0x180CA72FC,0F05,true,true,false,true,38730,0xCA5050,0xCA85C3,13683,8876,0x22AC,true,true,syscall,2,,,0xCA85C3,function_end,instruction_start,true,false,true,true
906,.text,0x60000020,13264936,0xCA6828,13268008,0xCA7428,6455718952,0x180CA7428,0F05,true,true,false,true,38730,0xCA5050,0xCA85C3,13683,9176,0x23D8,true,true,syscall,2,,,0xCA85C3,function_end,instruction_start,true,false,true,true
907,.text,0x60000020,13265357,0xCA69CD,13268429,0xCA75CD,6455719373,0x180CA75CD,0F05,true,true,false,true,38730,0xCA5050,0xCA85C3,13683,9597,0x257D,false,true,syscall,2,,,0xCA85C3,function_end,instruction_start,true,false,true,true
908,.text,0x60000020,13265667,0xCA6B03,13268739,0xCA7703,6455719683,0x180CA7703,0F05,true,true,false,true,38730,0xCA5050,0xCA85C3,13683,9907,0x26B3,false,true,syscall,2,,,0xCA85C3,function_end,instruction_start,true,false,true,true
909,.text,0x60000020,13265985,0xCA6C41,13269057,0xCA7841,6455720001,0x180CA7841,0F05,true,true,false,true,38730,0xCA5050,0xCA85C3,13683,10225,0x27F1,false,true,syscall,2,,,0xCA85C3,function_end,instruction_start,true,false,true,true
910,.text,0x60000020,13266271,0xCA6D5F,13269343,0xCA795F,6455720287,0x180CA795F,0F05,true,true,false,true,38730,0xCA5050,0xCA85C3,13683,10511,0x290F,false,true,syscall,2,,,0xCA85C3,function_end,instruction_start,true,false,true,true
911,.text,0x60000020,13266566,0xCA6E86,13269638,0xCA7A86,6455720582,0x180CA7A86,0F05,true,true,false,true,38730,0xCA5050,0xCA85C3,13683,10806,0x2A36,false,true,syscall,2,,,0xCA85C3,function_end,instruction_start,true,false,true,true
912,.text,0x60000020,13271708,0xCA829C,13274780,0xCA8E9C,6455725724,0x180CA8E9C,0F05,true,true,false,true,38734,0xCA8D30,0xCA8EBC,396,364,0x16C,true,true,syscall,2,,,0xCA8EBC,function_end,instruction_start,true,false,true,true
913,.text,0x60000020,13272057,0xCA83F9,13275129,0xCA8FF9,6455726073,0x180CA8FF9,0F05,true,true,false,true,38735,0xCA8EC0,0xCA901B,347,313,0x139,false,true,syscall,2,,,0xCA901B,function_end,instruction_start,true,false,true,true
914,.text,0x60000020,13272439,0xCA8577,13275511,0xCA9177,6455726455,0x180CA9177,0F05,true,true,false,true,38736,0xCA9020,0xCA9199,377,343,0x157,false,true,syscall,2,,,0xCA9199,function_end,instruction_start,true,false,true,true
915,.text,0x60000020,13272803,0xCA86E3,13275875,0xCA92E3,6455726819,0x180CA92E3,0F05,true,true,false,true,38737,0xCA91A0,0xCA9305,357,323,0x143,false,true,syscall,2,,,0xCA9305,function_end,instruction_start,true,false,true,true
916,.text,0x60000020,13273132,0xCA882C,13276204,0xCA942C,6455727148,0x180CA942C,0F05,true,true,false,true,38738,0xCA9310,0xCA943E,302,284,0x11C,true,true,syscall,2,,,0xCA943E,function_end,instruction_start,true,false,true,true
917,.text,0x60000020,13273509,0xCA89A5,13276581,0xCA95A5,6455727525,0x180CA95A5,0F05,true,true,false,true,38739,0xCA9440,0xCA95C5,389,357,0x165,false,true,syscall,2,,,0xCA95C5,function_end,instruction_start,true,false,true,true
918,.text,0x60000020,13305629,0xCB071D,13308701,0xCB131D,6455759645,0x180CB131D,0F05,true,true,false,false,,,,,,,false,false,,0,,,,no_pdata_function,no_pdata_function,false,true,false,false
919,.text,0x60000020,13356432,0xCBCD90,13359504,0xCBD990,6455810448,0x180CBD990,0F05,true,true,false,true,38921,0xCBD320,0xCC3C02,26850,1648,0x670,true,true,syscall,2,,,0xCC3C02,function_end,instruction_start,true,false,true,true
920,.text,0x60000020,13357643,0xCBD24B,13360715,0xCBDE4B,6455811659,0x180CBDE4B,0F05,true,true,false,true,38921,0xCBD320,0xCC3C02,26850,2859,0xB2B,false,true,syscall,2,,,0xCC3C02,function_end,instruction_start,true,false,true,true
921,.text,0x60000020,13365562,0xCBF13A,13368634,0xCBFD3A,6455819578,0x180CBFD3A,0F05,true,true,false,true,38921,0xCBD320,0xCC3C02,26850,10778,0x2A1A,false,true,syscall,2,,,0xCC3C02,function_end,instruction_start,true,false,true,true
922,.text,0x60000020,13366805,0xCBF615,13369877,0xCC0215,6455820821,0x180CC0215,0F05,true,true,false,true,38921,0xCBD320,0xCC3C02,26850,12021,0x2EF5,false,true,syscall,2,,,0xCC3C02,function_end,instruction_start,true,false,true,true
923,.text,0x60000020,13367725,0xCBF9AD,13370797,0xCC05AD,6455821741,0x180CC05AD,0F05,true,true,false,true,38921,0xCBD320,0xCC3C02,26850,12941,0x328D,false,true,syscall,2,,,0xCC3C02,function_end,instruction_start,true,false,true,true
924,.text,0x60000020,13375909,0xCC19A5,13378981,0xCC25A5,6455829925,0x180CC25A5,0F05,true,true,false,true,38921,0xCBD320,0xCC3C02,26850,21125,0x5285,false,true,syscall,2,,,0xCC3C02,function_end,instruction_start,true,false,true,true
925,.text,0x60000020,13377782,0xCC20F6,13380854,0xCC2CF6,6455831798,0x180CC2CF6,0F05,true,true,false,true,38921,0xCBD320,0xCC3C02,26850,22998,0x59D6,false,true,syscall,2,,,0xCC3C02,function_end,instruction_start,true,false,true,true
926,.text,0x60000020,13380662,0xCC2C36,13383734,0xCC3836,6455834678,0x180CC3836,0F05,true,true,false,true,38921,0xCBD320,0xCC3C02,26850,25878,0x6516,false,true,syscall,2,,,0xCC3C02,function_end,instruction_start,true,false,true,true
927,.text,0x60000020,14129651,0xD799F3,14132723,0xD7A5F3,6456583667,0x180D7A5F3,0F05,true,true,false,true,39973,0xD7A400,0xD7CF5B,11099,499,0x1F3,false,true,syscall,2,,,0xD7CF5B,function_end,instruction_start,true,false,true,true
928,.text,0x60000020,14130289,0xD79C71,14133361,0xD7A871,6456584305,0x180D7A871,0F05,true,true,false,true,39973,0xD7A400,0xD7CF5B,11099,1137,0x471,false,true,syscall,2,,,0xD7CF5B,function_end,instruction_start,true,false,true,true
929,.text,0x60000020,14132398,0xD7A4AE,14135470,0xD7B0AE,6456586414,0x180D7B0AE,0F05,true,true,false,true,39973,0xD7A400,0xD7CF5B,11099,3246,0xCAE,false,true,syscall,2,,,0xD7CF5B,function_end,instruction_start,true,false,true,true
930,.text,0x60000020,14133433,0xD7A8B9,14136505,0xD7B4B9,6456587449,0x180D7B4B9,0F05,true,true,false,true,39973,0xD7A400,0xD7CF5B,11099,4281,0x10B9,false,true,syscall,2,,,0xD7CF5B,function_end,instruction_start,true,false,true,true
931,.text,0x60000020,14136492,0xD7B4AC,14139564,0xD7C0AC,6456590508,0x180D7C0AC,0F05,true,true,false,true,39973,0xD7A400,0xD7CF5B,11099,7340,0x1CAC,true,true,syscall,2,,,0xD7CF5B,function_end,instruction_start,true,false,true,true
932,.text,0x60000020,14137787,0xD7B9BB,14140859,0xD7C5BB,6456591803,0x180D7C5BB,0F05,true,true,false,true,39973,0xD7A400,0xD7CF5B,11099,8635,0x21BB,false,true,syscall,2,,,0xD7CF5B,function_end,instruction_start,true,false,true,true
933,.text,0x60000020,14138659,0xD7BD23,14141731,0xD7C923,6456592675,0x180D7C923,0F05,true,true,false,true,39973,0xD7A400,0xD7CF5B,11099,9507,0x2523,false,true,syscall,2,,,0xD7CF5B,function_end,instruction_start,true,false,true,true
934,.text,0x60000020,14139374,0xD7BFEE,14142446,0xD7CBEE,6456593390,0x180D7CBEE,0F05,true,true,false,true,39973,0xD7A400,0xD7CF5B,11099,10222,0x27EE,false,true,syscall,2,,,0xD7CF5B,function_end,instruction_start,true,false,true,true
935,.text,0x60000020,14323741,0xDA901D,14326813,0xDA9C1D,6456777757,0x180DA9C1D,0F05,true,true,false,true,41590,0xDA99A0,0xDAF897,24311,637,0x27D,false,true,syscall,2,,,0xDAF897,function_end,instruction_start,true,false,true,true
936,.text,0x60000020,14324165,0xDA91C5,14327237,0xDA9DC5,6456778181,0x180DA9DC5,0F05,true,true,false,true,41590,0xDA99A0,0xDAF897,24311,1061,0x425,false,true,syscall,2,,,0xDAF897,function_end,instruction_start,true,false,true,true
937,.text,0x60000020,14324446,0xDA92DE,14327518,0xDA9EDE,6456778462,0x180DA9EDE,0F05,true,true,false,true,41590,0xDA99A0,0xDAF897,24311,1342,0x53E,false,true,syscall,2,,,0xDAF897,function_end,instruction_start,true,false,true,true
938,.text,0x60000020,14324957,0xDA94DD,14328029,0xDAA0DD,6456778973,0x180DAA0DD,0F05,true,true,false,true,41590,0xDA99A0,0xDAF897,24311,1853,0x73D,false,true,syscall,2,,,0xDAF897,function_end,instruction_start,true,false,true,true
939,.text,0x60000020,14325454,0xDA96CE,14328526,0xDAA2CE,6456779470,0x180DAA2CE,0F05,true,true,false,true,41590,0xDA99A0,0xDAF897,24311,2350,0x92E,false,true,syscall,2,,,0xDAF897,function_end,instruction_start,true,false,true,true
940,.text,0x60000020,14325816,0xDA9838,14328888,0xDAA438,6456779832,0x180DAA438,0F05,true,true,false,true,41590,0xDA99A0,0xDAF897,24311,2712,0xA98,true,true,syscall,2,,,0xDAF897,function_end,instruction_start,true,false,true,true
941,.text,0x60000020,14326240,0xDA99E0,14329312,0xDAA5E0,6456780256,0x180DAA5E0,0F05,true,true,false,true,41590,0xDA99A0,0xDAF897,24311,3136,0xC40,true,true,syscall,2,,,0xDAF897,function_end,instruction_start,true,false,true,true
942,.text,0x60000020,14326518,0xDA9AF6,14329590,0xDAA6F6,6456780534,0x180DAA6F6,0F05,true,true,false,true,41590,0xDA99A0,0xDAF897,24311,3414,0xD56,false,true,syscall,2,,,0xDAF897,function_end,instruction_start,true,false,true,true
943,.text,0x60000020,14329680,0xDAA750,14332752,0xDAB350,6456783696,0x180DAB350,0F05,true,true,false,true,41590,0xDA99A0,0xDAF897,24311,6576,0x19B0,true,true,syscall,2,,,0xDAF897,function_end,instruction_start,true,false,true,true
944,.text,0x60000020,14330114,0xDAA902,14333186,0xDAB502,6456784130,0x180DAB502,0F05,true,true,false,true,41590,0xDA99A0,0xDAF897,24311,7010,0x1B62,false,true,syscall,2,,,0xDAF897,function_end,instruction_start,true,false,true,true
945,.text,0x60000020,14330402,0xDAAA22,14333474,0xDAB622,6456784418,0x180DAB622,0F05,true,true,false,true,41590,0xDA99A0,0xDAF897,24311,7298,0x1C82,false,true,syscall,2,,,0xDAF897,function_end,instruction_start,true,false,true,true
946,.text,0x60000020,14330937,0xDAAC39,14334009,0xDAB839,6456784953,0x180DAB839,0F05,true,true,false,true,41590,0xDA99A0,0xDAF897,24311,7833,0x1E99,false,true,syscall,2,,,0xDAF897,function_end,instruction_start,true,false,true,true
947,.text,0x60000020,14331444,0xDAAE34,14334516,0xDABA34,6456785460,0x180DABA34,0F05,true,true,false,true,41590,0xDA99A0,0xDAF897,24311,8340,0x2094,true,true,syscall,2,,,0xDAF897,function_end,instruction_start,true,false,true,true
948,.text,0x60000020,14331806,0xDAAF9E,14334878,0xDABB9E,6456785822,0x180DABB9E,0F05,true,true,false,true,41590,0xDA99A0,0xDAF897,24311,8702,0x21FE,false,true,syscall,2,,,0xDAF897,function_end,instruction_start,true,false,true,true
949,.text,0x60000020,14332240,0xDAB150,14335312,0xDABD50,6456786256,0x180DABD50,0F05,true,true,false,true,41590,0xDA99A0,0xDAF897,24311,9136,0x23B0,true,true,syscall,2,,,0xDAF897,function_end,instruction_start,true,false,true,true
950,.text,0x60000020,14332521,0xDAB269,14335593,0xDABE69,6456786537,0x180DABE69,0F05,true,true,false,true,41590,0xDA99A0,0xDAF897,24311,9417,0x24C9,false,true,syscall,2,,,0xDAF897,function_end,instruction_start,true,false,true,true
951,.text,0x60000020,14335885,0xDABF8D,14338957,0xDACB8D,6456789901,0x180DACB8D,0F05,true,true,false,true,41590,0xDA99A0,0xDAF897,24311,12781,0x31ED,false,true,syscall,2,,,0xDAF897,function_end,instruction_start,true,false,true,true
952,.text,0x60000020,14336313,0xDAC139,14339385,0xDACD39,6456790329,0x180DACD39,0F05,true,true,false,true,41590,0xDA99A0,0xDAF897,24311,13209,0x3399,false,true,syscall,2,,,0xDAF897,function_end,instruction_start,true,false,true,true
953,.text,0x60000020,14336598,0xDAC256,14339670,0xDACE56,6456790614,0x180DACE56,0F05,true,true,false,true,41590,0xDA99A0,0xDAF897,24311,13494,0x34B6,false,true,syscall,2,,,0xDAF897,function_end,instruction_start,true,false,true,true
954,.text,0x60000020,14337117,0xDAC45D,14340189,0xDAD05D,6456791133,0x180DAD05D,0F05,true,true,false,true,41590,0xDA99A0,0xDAF897,24311,14013,0x36BD,false,true,syscall,2,,,0xDAF897,function_end,instruction_start,true,false,true,true
955,.text,0x60000020,14337618,0xDAC652,14340690,0xDAD252,6456791634,0x180DAD252,0F05,true,true,false,true,41590,0xDA99A0,0xDAF897,24311,14514,0x38B2,false,true,syscall,2,,,0xDAF897,function_end,instruction_start,true,false,true,true
956,.text,0x60000020,14337980,0xDAC7BC,14341052,0xDAD3BC,6456791996,0x180DAD3BC,0F05,true,true,false,true,41590,0xDA99A0,0xDAF897,24311,14876,0x3A1C,true,true,syscall,2,,,0xDAF897,function_end,instruction_start,true,false,true,true
957,.text,0x60000020,14338408,0xDAC968,14341480,0xDAD568,6456792424,0x180DAD568,0F05,true,true,false,true,41590,0xDA99A0,0xDAF897,24311,15304,0x3BC8,true,true,syscall,2,,,0xDAF897,function_end,instruction_start,true,false,true,true
958,.text,0x60000020,14338686,0xDACA7E,14341758,0xDAD67E,6456792702,0x180DAD67E,0F05,true,true,false,true,41590,0xDA99A0,0xDAF897,24311,15582,0x3CDE,false,true,syscall,2,,,0xDAF897,function_end,instruction_start,true,false,true,true
959,.text,0x60000020,14341537,0xDAD5A1,14344609,0xDAE1A1,6456795553,0x180DAE1A1,0F05,true,true,false,true,41590,0xDA99A0,0xDAF897,24311,18433,0x4801,false,true,syscall,2,,,0xDAF897,function_end,instruction_start,true,false,true,true
960,.text,0x60000020,14341961,0xDAD749,14345033,0xDAE349,6456795977,0x180DAE349,0F05,true,true,false,true,41590,0xDA99A0,0xDAF897,24311,18857,0x49A9,false,true,syscall,2,,,0xDAF897,function_end,instruction_start,true,false,true,true
961,.text,0x60000020,14342242,0xDAD862,14345314,0xDAE462,6456796258,0x180DAE462,0F05,true,true,false,true,41590,0xDA99A0,0xDAF897,24311,19138,0x4AC2,false,true,syscall,2,,,0xDAF897,function_end,instruction_start,true,false,true,true
962,.text,0x60000020,14342753,0xDADA61,14345825,0xDAE661,6456796769,0x180DAE661,0F05,true,true,false,true,41590,0xDA99A0,0xDAF897,24311,19649,0x4CC1,false,true,syscall,2,,,0xDAF897,function_end,instruction_start,true,false,true,true
963,.text,0x60000020,14343250,0xDADC52,14346322,0xDAE852,6456797266,0x180DAE852,0F05,true,true,false,true,41590,0xDA99A0,0xDAF897,24311,20146,0x4EB2,false,true,syscall,2,,,0xDAF897,function_end,instruction_start,true,false,true,true
964,.text,0x60000020,14343612,0xDADDBC,14346684,0xDAE9BC,6456797628,0x180DAE9BC,0F05,true,true,false,true,41590,0xDA99A0,0xDAF897,24311,20508,0x501C,true,true,syscall,2,,,0xDAF897,function_end,instruction_start,true,false,true,true
965,.text,0x60000020,14344036,0xDADF64,14347108,0xDAEB64,6456798052,0x180DAEB64,0F05,true,true,false,true,41590,0xDA99A0,0xDAF897,24311,20932,0x51C4,true,true,syscall,2,,,0xDAF897,function_end,instruction_start,true,false,true,true
966,.text,0x60000020,14344314,0xDAE07A,14347386,0xDAEC7A,6456798330,0x180DAEC7A,0F05,true,true,false,true,41590,0xDA99A0,0xDAF897,24311,21210,0x52DA,false,true,syscall,2,,,0xDAF897,function_end,instruction_start,true,false,true,true
967,.text,0x60000020,14361048,0xDB21D8,14364120,0xDB2DD8,6456815064,0x180DB2DD8,0F05,true,true,false,true,41610,0xDB2B00,0xDB564C,11084,728,0x2D8,true,true,syscall,2,,,0xDB564C,function_end,instruction_start,true,false,true,true
968,.text,0x60000020,14361471,0xDB237F,14364543,0xDB2F7F,6456815487,0x180DB2F7F,0F05,true,true,false,true,41610,0xDB2B00,0xDB564C,11084,1151,0x47F,false,true,syscall,2,,,0xDB564C,function_end,instruction_start,true,false,true,true
969,.text,0x60000020,14361872,0xDB2510,14364944,0xDB3110,6456815888,0x180DB3110,0F05,true,true,false,true,41610,0xDB2B00,0xDB564C,11084,1552,0x610,true,true,syscall,2,,,0xDB564C,function_end,instruction_start,true,false,true,true
970,.text,0x60000020,14362335,0xDB26DF,14365407,0xDB32DF,6456816351,0x180DB32DF,0F05,true,true,false,true,41610,0xDB2B00,0xDB564C,11084,2015,0x7DF,false,true,syscall,2,,,0xDB564C,function_end,instruction_start,true,false,true,true
971,.text,0x60000020,14362760,0xDB2888,14365832,0xDB3488,6456816776,0x180DB3488,0F05,true,true,false,true,41610,0xDB2B00,0xDB564C,11084,2440,0x988,true,true,syscall,2,,,0xDB564C,function_end,instruction_start,true,false,true,true
972,.text,0x60000020,14363251,0xDB2A73,14366323,0xDB3673,6456817267,0x180DB3673,0F05,true,true,false,true,41610,0xDB2B00,0xDB564C,11084,2931,0xB73,false,true,syscall,2,,,0xDB564C,function_end,instruction_start,true,false,true,true
973,.text,0x60000020,14363674,0xDB2C1A,14366746,0xDB381A,6456817690,0x180DB381A,0F05,true,true,false,true,41610,0xDB2B00,0xDB564C,11084,3354,0xD1A,false,true,syscall,2,,,0xDB564C,function_end,instruction_start,true,false,true,true
974,.text,0x60000020,14363972,0xDB2D44,14367044,0xDB3944,6456817988,0x180DB3944,0F05,true,true,false,true,41610,0xDB2B00,0xDB564C,11084,3652,0xE44,true,true,syscall,2,,,0xDB564C,function_end,instruction_start,true,false,true,true
975,.text,0x60000020,14365242,0xDB323A,14368314,0xDB3E3A,6456819258,0x180DB3E3A,0F05,true,true,false,true,41610,0xDB2B00,0xDB564C,11084,4922,0x133A,false,true,syscall,2,,,0xDB564C,function_end,instruction_start,true,false,true,true
976,.text,0x60000020,14365685,0xDB33F5,14368757,0xDB3FF5,6456819701,0x180DB3FF5,0F05,true,true,false,true,41610,0xDB2B00,0xDB564C,11084,5365,0x14F5,false,true,syscall,2,,,0xDB564C,function_end,instruction_start,true,false,true,true
977,.text,0x60000020,14366111,0xDB359F,14369183,0xDB419F,6456820127,0x180DB419F,0F05,true,true,false,true,41610,0xDB2B00,0xDB564C,11084,5791,0x169F,false,true,syscall,2,,,0xDB564C,function_end,instruction_start,true,false,true,true
978,.text,0x60000020,14366611,0xDB3793,14369683,0xDB4393,6456820627,0x180DB4393,0F05,true,true,false,true,41610,0xDB2B00,0xDB564C,11084,6291,0x1893,false,true,syscall,2,,,0xDB564C,function_end,instruction_start,true,false,true,true
979,.text,0x60000020,14367061,0xDB3955,14370133,0xDB4555,6456821077,0x180DB4555,0F05,true,true,false,true,41610,0xDB2B00,0xDB564C,11084,6741,0x1A55,false,true,syscall,2,,,0xDB564C,function_end,instruction_start,true,false,true,true
980,.text,0x60000020,14367565,0xDB3B4D,14370637,0xDB474D,6456821581,0x180DB474D,0F05,true,true,false,true,41610,0xDB2B00,0xDB564C,11084,7245,0x1C4D,false,true,syscall,2,,,0xDB564C,function_end,instruction_start,true,false,true,true
981,.text,0x60000020,14368008,0xDB3D08,14371080,0xDB4908,6456822024,0x180DB4908,0F05,true,true,false,true,41610,0xDB2B00,0xDB564C,11084,7688,0x1E08,true,true,syscall,2,,,0xDB564C,function_end,instruction_start,true,false,true,true
982,.text,0x60000020,14368319,0xDB3E3F,14371391,0xDB4A3F,6456822335,0x180DB4A3F,0F05,true,true,false,true,41610,0xDB2B00,0xDB564C,11084,7999,0x1F3F,false,true,syscall,2,,,0xDB564C,function_end,instruction_start,true,false,true,true
983,.text,0x60000020,14368784,0xDB4010,14371856,0xDB4C10,6456822800,0x180DB4C10,0F05,true,true,false,true,41610,0xDB2B00,0xDB564C,11084,8464,0x2110,true,true,syscall,2,,,0xDB564C,function_end,instruction_start,true,false,true,true
984,.text,0x60000020,14369148,0xDB417C,14372220,0xDB4D7C,6456823164,0x180DB4D7C,0F05,true,true,false,true,41610,0xDB2B00,0xDB564C,11084,8828,0x227C,true,true,syscall,2,,,0xDB564C,function_end,instruction_start,true,false,true,true
985,.text,0x60000020,14369439,0xDB429F,14372511,0xDB4E9F,6456823455,0x180DB4E9F,0F05,true,true,false,true,41610,0xDB2B00,0xDB564C,11084,9119,0x239F,false,true,syscall,2,,,0xDB564C,function_end,instruction_start,true,false,true,true
986,.text,0x60000020,14369833,0xDB4429,14372905,0xDB5029,6456823849,0x180DB5029,0F05,true,true,false,true,41610,0xDB2B00,0xDB564C,11084,9513,0x2529,false,true,syscall,2,,,0xDB564C,function_end,instruction_start,true,false,true,true
987,.text,0x60000020,14370237,0xDB45BD,14373309,0xDB51BD,6456824253,0x180DB51BD,0F05,true,true,false,true,41610,0xDB2B00,0xDB564C,11084,9917,0x26BD,false,true,syscall,2,,,0xDB564C,function_end,instruction_start,true,false,true,true
988,.text,0x60000020,14370626,0xDB4742,14373698,0xDB5342,6456824642,0x180DB5342,0F05,true,true,false,true,41610,0xDB2B00,0xDB564C,11084,10306,0x2842,false,true,syscall,2,,,0xDB564C,function_end,instruction_start,true,false,true,true
989,.text,0x60000020,14370990,0xDB48AE,14374062,0xDB54AE,6456825006,0x180DB54AE,0F05,true,true,false,true,41610,0xDB2B00,0xDB564C,11084,10670,0x29AE,false,true,syscall,2,,,0xDB564C,function_end,instruction_start,true,false,true,true
990,.text,0x60000020,14371370,0xDB4A2A,14374442,0xDB562A,6456825386,0x180DB562A,0F05,true,true,false,true,41610,0xDB2B00,0xDB564C,11084,11050,0x2B2A,false,true,syscall,2,,,0xDB564C,function_end,instruction_start,true,false,true,true
991,.text,0x60000020,14451425,0xDC82E1,14454497,0xDC8EE1,6456905441,0x180DC8EE1,0F05,true,true,false,true,41672,0xDC82F0,0xDCC54B,16987,3057,0xBF1,false,true,syscall,2,,,0xDCC54B,function_end,instruction_start,true,false,true,true
992,.text,0x60000020,14451859,0xDC8493,14454931,0xDC9093,6456905875,0x180DC9093,0F05,true,true,false,true,41672,0xDC82F0,0xDCC54B,16987,3491,0xDA3,false,true,syscall,2,,,0xDCC54B,function_end,instruction_start,true,false,true,true
993,.text,0x60000020,14454667,0xDC8F8B,14457739,0xDC9B8B,6456908683,0x180DC9B8B,0F05,true,true,false,true,41672,0xDC82F0,0xDCC54B,16987,6299,0x189B,false,true,syscall,2,,,0xDCC54B,function_end,instruction_start,true,false,true,true
994,.text,0x60000020,14458518,0xDC9E96,14461590,0xDCAA96,6456912534,0x180DCAA96,0F05,true,true,false,true,41672,0xDC82F0,0xDCC54B,16987,10150,0x27A6,false,true,syscall,2,,,0xDCC54B,function_end,instruction_start,true,false,true,true
995,.text,0x60000020,14460042,0xDCA48A,14463114,0xDCB08A,6456914058,0x180DCB08A,0F05,true,true,false,true,41672,0xDC82F0,0xDCC54B,16987,11674,0x2D9A,false,true,syscall,2,,,0xDCC54B,function_end,instruction_start,true,false,true,true
996,.text,0x60000020,14462110,0xDCAC9E,14465182,0xDCB89E,6456916126,0x180DCB89E,0F05,true,true,false,true,41672,0xDC82F0,0xDCC54B,16987,13742,0x35AE,false,true,syscall,2,,,0xDCC54B,function_end,instruction_start,true,false,true,true
997,.text,0x60000020,14464218,0xDCB4DA,14467290,0xDCC0DA,6456918234,0x180DCC0DA,0F05,true,true,false,true,41672,0xDC82F0,0xDCC54B,16987,15850,0x3DEA,false,true,syscall,2,,,0xDCC54B,function_end,instruction_start,true,false,true,true
998,.text,0x60000020,14464865,0xDCB761,14467937,0xDCC361,6456918881,0x180DCC361,0F05,true,true,false,true,41672,0xDC82F0,0xDCC54B,16987,16497,0x4071,false,true,syscall,2,,,0xDCC54B,function_end,instruction_start,true,false,true,true
999,.text,0x60000020,14496677,0xDD33A5,14499749,0xDD3FA5,6456950693,0x180DD3FA5,0F05,true,true,false,true,41806,0xDD3D70,0xDD82F2,17794,565,0x235,false,true,syscall,2,,,0xDD82F2,function_end,instruction_start,true,false,true,true
1000,.text,0x60000020,14498733,0xDD3BAD,14501805,0xDD47AD,6456952749,0x180DD47AD,0F05,true,true,false,true,41806,0xDD3D70,0xDD82F2,17794,2621,0xA3D,false,true,syscall,2,,,0xDD82F2,function_end,instruction_start,true,false,true,true
1001,.text,0x60000020,14501941,0xDD4835,14505013,0xDD5435,6456955957,0x180DD5435,0F05,true,true,false,true,41806,0xDD3D70,0xDD82F2,17794,5829,0x16C5,false,true,syscall,2,,,0xDD82F2,function_end,instruction_start,true,false,true,true
1002,.text,0x60000020,14503456,0xDD4E20,14506528,0xDD5A20,6456957472,0x180DD5A20,0F05,true,true,false,true,41806,0xDD3D70,0xDD82F2,17794,7344,0x1CB0,true,true,syscall,2,,,0xDD82F2,function_end,instruction_start,true,false,true,true
1003,.text,0x60000020,14506053,0xDD5845,14509125,0xDD6445,6456960069,0x180DD6445,0F05,true,true,false,true,41806,0xDD3D70,0xDD82F2,17794,9941,0x26D5,false,true,syscall,2,,,0xDD82F2,function_end,instruction_start,true,false,true,true
1004,.text,0x60000020,14510937,0xDD6B59,14514009,0xDD7759,6456964953,0x180DD7759,0F05,true,true,false,true,41806,0xDD3D70,0xDD82F2,17794,14825,0x39E9,false,true,syscall,2,,,0xDD82F2,function_end,instruction_start,true,false,true,true
1005,.text,0x60000020,14511944,0xDD6F48,14515016,0xDD7B48,6456965960,0x180DD7B48,0F05,true,true,false,true,41806,0xDD3D70,0xDD82F2,17794,15832,0x3DD8,true,true,syscall,2,,,0xDD82F2,function_end,instruction_start,true,false,true,true
1006,.text,0x60000020,14512482,0xDD7162,14515554,0xDD7D62,6456966498,0x180DD7D62,0F05,true,true,false,true,41806,0xDD3D70,0xDD82F2,17794,16370,0x3FF2,false,true,syscall,2,,,0xDD82F2,function_end,instruction_start,true,false,true,true
1007,.text,0x60000020,14818597,0xE21D25,14821669,0xE22925,6457272613,0x180E22925,0F05,true,true,false,true,42313,0xE22920,0xE22932,18,5,0x5,false,true,,0,0xE22921,"lea rax, [rip + 0x50f20]",0xE22932,function_end,covered_by_instruction,false,true,false,false
1008,.text,0x60000020,14870045,0xE2E61D,14873117,0xE2F21D,6457324061,0x180E2F21D,0F05,true,true,false,true,42526,0xE27CD0,0xE3E1D1,91393,30029,0x754D,false,true,syscall,2,,,0xE3E1D1,function_end,instruction_start,true,false,true,true
1009,.text,0x60000020,14870372,0xE2E764,14873444,0xE2F364,6457324388,0x180E2F364,0F05,true,true,false,true,42526,0xE27CD0,0xE3E1D1,91393,30356,0x7694,true,true,syscall,2,,,0xE3E1D1,function_end,instruction_start,true,false,true,true
1010,.text,0x60000020,14870840,0xE2E938,14873912,0xE2F538,6457324856,0x180E2F538,0F05,true,true,false,true,42526,0xE27CD0,0xE3E1D1,91393,30824,0x7868,true,true,syscall,2,,,0xE3E1D1,function_end,instruction_start,true,false,true,true
1011,.text,0x60000020,14871547,0xE2EBFB,14874619,0xE2F7FB,6457325563,0x180E2F7FB,0F05,true,true,false,true,42526,0xE27CD0,0xE3E1D1,91393,31531,0x7B2B,false,true,syscall,2,,,0xE3E1D1,function_end,instruction_start,true,false,true,true
1012,.text,0x60000020,14872284,0xE2EEDC,14875356,0xE2FADC,6457326300,0x180E2FADC,0F05,true,true,false,true,42526,0xE27CD0,0xE3E1D1,91393,32268,0x7E0C,true,true,syscall,2,,,0xE3E1D1,function_end,instruction_start,true,false,true,true
1013,.text,0x60000020,14873841,0xE2F4F1,14876913,0xE300F1,6457327857,0x180E300F1,0F05,true,true,false,true,42526,0xE27CD0,0xE3E1D1,91393,33825,0x8421,false,true,syscall,2,,,0xE3E1D1,function_end,instruction_start,true,false,true,true
1014,.text,0x60000020,14874744,0xE2F878,14877816,0xE30478,6457328760,0x180E30478,0F05,true,true,false,true,42526,0xE27CD0,0xE3E1D1,91393,34728,0x87A8,true,true,syscall,2,,,0xE3E1D1,function_end,instruction_start,true,false,true,true
1015,.text,0x60000020,14875107,0xE2F9E3,14878179,0xE305E3,6457329123,0x180E305E3,0F05,true,true,false,true,42526,0xE27CD0,0xE3E1D1,91393,35091,0x8913,false,true,syscall,2,,,0xE3E1D1,function_end,instruction_start,true,false,true,true
1016,.text,0x60000020,14875846,0xE2FCC6,14878918,0xE308C6,6457329862,0x180E308C6,0F05,true,true,false,true,42526,0xE27CD0,0xE3E1D1,91393,35830,0x8BF6,false,true,syscall,2,,,0xE3E1D1,function_end,instruction_start,true,false,true,true
1017,.text,0x60000020,14876456,0xE2FF28,14879528,0xE30B28,6457330472,0x180E30B28,0F05,true,true,false,true,42526,0xE27CD0,0xE3E1D1,91393,36440,0x8E58,true,true,syscall,2,,,0xE3E1D1,function_end,instruction_start,true,false,true,true
1018,.text,0x60000020,14876938,0xE3010A,14880010,0xE30D0A,6457330954,0x180E30D0A,0F05,true,true,false,true,42526,0xE27CD0,0xE3E1D1,91393,36922,0x903A,false,true,syscall,2,,,0xE3E1D1,function_end,instruction_start,true,false,true,true
1019,.text,0x60000020,14877426,0xE302F2,14880498,0xE30EF2,6457331442,0x180E30EF2,0F05,true,true,false,true,42526,0xE27CD0,0xE3E1D1,91393,37410,0x9222,false,true,syscall,2,,,0xE3E1D1,function_end,instruction_start,true,false,true,true
1020,.text,0x60000020,14878681,0xE307D9,14881753,0xE313D9,6457332697,0x180E313D9,0F05,true,true,false,true,42526,0xE27CD0,0xE3E1D1,91393,38665,0x9709,false,true,syscall,2,,,0xE3E1D1,function_end,instruction_start,true,false,true,true
1021,.text,0x60000020,14879695,0xE30BCF,14882767,0xE317CF,6457333711,0x180E317CF,0F05,true,true,false,true,42526,0xE27CD0,0xE3E1D1,91393,39679,0x9AFF,false,true,syscall,2,,,0xE3E1D1,function_end,instruction_start,true,false,true,true
1022,.text,0x60000020,14880732,0xE30FDC,14883804,0xE31BDC,6457334748,0x180E31BDC,0F05,true,true,false,true,42526,0xE27CD0,0xE3E1D1,91393,40716,0x9F0C,true,true,syscall,2,,,0xE3E1D1,function_end,instruction_start,true,false,true,true
1023,.text,0x60000020,14881443,0xE312A3,14884515,0xE31EA3,6457335459,0x180E31EA3,0F05,true,true,false,true,42526,0xE27CD0,0xE3E1D1,91393,41427,0xA1D3,false,true,syscall,2,,,0xE3E1D1,function_end,instruction_start,true,false,true,true
1024,.text,0x60000020,14882908,0xE3185C,14885980,0xE3245C,6457336924,0x180E3245C,0F05,true,true,false,true,42526,0xE27CD0,0xE3E1D1,91393,42892,0xA78C,true,true,syscall,2,,,0xE3E1D1,function_end,instruction_start,true,false,true,true
1025,.text,0x60000020,14883379,0xE31A33,14886451,0xE32633,6457337395,0x180E32633,0F05,true,true,false,true,42526,0xE27CD0,0xE3E1D1,91393,43363,0xA963,false,true,syscall,2,,,0xE3E1D1,function_end,instruction_start,true,false,true,true
1026,.text,0x60000020,14883925,0xE31C55,14886997,0xE32855,6457337941,0x180E32855,0F05,true,true,false,true,42526,0xE27CD0,0xE3E1D1,91393,43909,0xAB85,false,true,syscall,2,,,0xE3E1D1,function_end,instruction_start,true,false,true,true
1027,.text,0x60000020,14884451,0xE31E63,14887523,0xE32A63,6457338467,0x180E32A63,0F05,true,true,false,true,42526,0xE27CD0,0xE3E1D1,91393,44435,0xAD93,false,true,syscall,2,,,0xE3E1D1,function_end,instruction_start,true,false,true,true
1028,.text,0x60000020,14884781,0xE31FAD,14887853,0xE32BAD,6457338797,0x180E32BAD,0F05,true,true,false,true,42526,0xE27CD0,0xE3E1D1,91393,44765,0xAEDD,false,true,syscall,2,,,0xE3E1D1,function_end,instruction_start,true,false,true,true
1029,.text,0x60000020,14885416,0xE32228,14888488,0xE32E28,6457339432,0x180E32E28,0F05,true,true,false,true,42526,0xE27CD0,0xE3E1D1,91393,45400,0xB158,true,true,syscall,2,,,0xE3E1D1,function_end,instruction_start,true,false,true,true
1030,.text,0x60000020,14885772,0xE3238C,14888844,0xE32F8C,6457339788,0x180E32F8C,0F05,true,true,false,true,42526,0xE27CD0,0xE3E1D1,91393,45756,0xB2BC,true,true,syscall,2,,,0xE3E1D1,function_end,instruction_start,true,false,true,true
1031,.text,0x60000020,14886360,0xE325D8,14889432,0xE331D8,6457340376,0x180E331D8,0F05,true,true,false,true,42526,0xE27CD0,0xE3E1D1,91393,46344,0xB508,true,true,syscall,2,,,0xE3E1D1,function_end,instruction_start,true,false,true,true
1032,.text,0x60000020,14887672,0xE32AF8,14890744,0xE336F8,6457341688,0x180E336F8,0F05,true,true,false,true,42526,0xE27CD0,0xE3E1D1,91393,47656,0xBA28,true,true,syscall,2,,,0xE3E1D1,function_end,instruction_start,true,false,true,true
1033,.text,0x60000020,14888495,0xE32E2F,14891567,0xE33A2F,6457342511,0x180E33A2F,0F05,true,true,false,true,42526,0xE27CD0,0xE3E1D1,91393,48479,0xBD5F,false,true,syscall,2,,,0xE3E1D1,function_end,instruction_start,true,false,true,true
1034,.text,0x60000020,14888968,0xE33008,14892040,0xE33C08,6457342984,0x180E33C08,0F05,true,true,false,true,42526,0xE27CD0,0xE3E1D1,91393,48952,0xBF38,true,true,syscall,2,,,0xE3E1D1,function_end,instruction_start,true,false,true,true
1035,.text,0x60000020,14890560,0xE33640,14893632,0xE34240,6457344576,0x180E34240,0F05,true,true,false,true,42526,0xE27CD0,0xE3E1D1,91393,50544,0xC570,true,true,syscall,2,,,0xE3E1D1,function_end,instruction_start,true,false,true,true
1036,.text,0x60000020,14891919,0xE33B8F,14894991,0xE3478F,6457345935,0x180E3478F,0F05,true,true,false,true,42526,0xE27CD0,0xE3E1D1,91393,51903,0xCABF,false,true,syscall,2,,,0xE3E1D1,function_end,instruction_start,true,false,true,true
1037,.text,0x60000020,14892751,0xE33ECF,14895823,0xE34ACF,6457346767,0x180E34ACF,0F05,true,true,false,true,42526,0xE27CD0,0xE3E1D1,91393,52735,0xCDFF,false,true,syscall,2,,,0xE3E1D1,function_end,instruction_start,true,false,true,true
1038,.text,0x60000020,14893494,0xE341B6,14896566,0xE34DB6,6457347510,0x180E34DB6,0F05,true,true,false,true,42526,0xE27CD0,0xE3E1D1,91393,53478,0xD0E6,false,true,syscall,2,,,0xE3E1D1,function_end,instruction_start,true,false,true,true
1039,.text,0x60000020,14894907,0xE3473B,14897979,0xE3533B,6457348923,0x180E3533B,0F05,true,true,false,true,42526,0xE27CD0,0xE3E1D1,91393,54891,0xD66B,false,true,syscall,2,,,0xE3E1D1,function_end,instruction_start,true,false,true,true
1040,.text,0x60000020,14895348,0xE348F4,14898420,0xE354F4,6457349364,0x180E354F4,0F05,true,true,false,true,42526,0xE27CD0,0xE3E1D1,91393,55332,0xD824,true,true,syscall,2,,,0xE3E1D1,function_end,instruction_start,true,false,true,true
1041,.text,0x60000020,14897628,0xE351DC,14900700,0xE35DDC,6457351644,0x180E35DDC,0F05,true,true,false,true,42526,0xE27CD0,0xE3E1D1,91393,57612,0xE10C,true,true,syscall,2,,,0xE3E1D1,function_end,instruction_start,true,false,true,true
1042,.text,0x60000020,14898780,0xE3565C,14901852,0xE3625C,6457352796,0x180E3625C,0F05,true,true,false,true,42526,0xE27CD0,0xE3E1D1,91393,58764,0xE58C,true,true,syscall,2,,,0xE3E1D1,function_end,instruction_start,true,false,true,true
1043,.text,0x60000020,14907847,0xE379C7,14910919,0xE385C7,6457361863,0x180E385C7,0F05,true,true,false,true,42526,0xE27CD0,0xE3E1D1,91393,67831,0x108F7,false,true,syscall,2,,,0xE3E1D1,function_end,instruction_start,true,false,true,true
1044,.text,0x60000020,14909346,0xE37FA2,14912418,0xE38BA2,6457363362,0x180E38BA2,0F05,true,true,false,true,42526,0xE27CD0,0xE3E1D1,91393,69330,0x10ED2,false,true,syscall,2,,,0xE3E1D1,function_end,instruction_start,true,false,true,true
1045,.text,0x60000020,14910217,0xE38309,14913289,0xE38F09,6457364233,0x180E38F09,0F05,true,true,false,true,42526,0xE27CD0,0xE3E1D1,91393,70201,0x11239,false,true,syscall,2,,,0xE3E1D1,function_end,instruction_start,true,false,true,true
1046,.text,0x60000020,14910864,0xE38590,14913936,0xE39190,6457364880,0x180E39190,0F05,true,true,false,true,42526,0xE27CD0,0xE3E1D1,91393,70848,0x114C0,true,true,syscall,2,,,0xE3E1D1,function_end,instruction_start,true,false,true,true
1047,.text,0x60000020,14913048,0xE38E18,14916120,0xE39A18,6457367064,0x180E39A18,0F05,true,true,false,true,42526,0xE27CD0,0xE3E1D1,91393,73032,0x11D48,true,true,syscall,2,,,0xE3E1D1,function_end,instruction_start,true,false,true,true
1048,.text,0x60000020,14914344,0xE39328,14917416,0xE39F28,6457368360,0x180E39F28,0F05,true,true,false,true,42526,0xE27CD0,0xE3E1D1,91393,74328,0x12258,true,true,syscall,2,,,0xE3E1D1,function_end,instruction_start,true,false,true,true
1049,.text,0x60000020,14914691,0xE39483,14917763,0xE3A083,6457368707,0x180E3A083,0F05,true,true,false,true,42526,0xE27CD0,0xE3E1D1,91393,74675,0x123B3,false,true,syscall,2,,,0xE3E1D1,function_end,instruction_start,true,false,true,true
1050,.text,0x60000020,14915054,0xE395EE,14918126,0xE3A1EE,6457369070,0x180E3A1EE,0F05,true,true,false,true,42526,0xE27CD0,0xE3E1D1,91393,75038,0x1251E,false,true,syscall,2,,,0xE3E1D1,function_end,instruction_start,true,false,true,true
1051,.text,0x60000020,14915885,0xE3992D,14918957,0xE3A52D,6457369901,0x180E3A52D,0F05,true,true,false,true,42526,0xE27CD0,0xE3E1D1,91393,75869,0x1285D,false,true,syscall,2,,,0xE3E1D1,function_end,instruction_start,true,false,true,true
1052,.text,0x60000020,14916329,0xE39AE9,14919401,0xE3A6E9,6457370345,0x180E3A6E9,0F05,true,true,false,true,42526,0xE27CD0,0xE3E1D1,91393,76313,0x12A19,false,true,syscall,2,,,0xE3E1D1,function_end,instruction_start,true,false,true,true
1053,.text,0x60000020,14918629,0xE3A3E5,14921701,0xE3AFE5,6457372645,0x180E3AFE5,0F05,true,true,false,true,42526,0xE27CD0,0xE3E1D1,91393,78613,0x13315,false,true,syscall,2,,,0xE3E1D1,function_end,instruction_start,true,false,true,true
1054,.text,0x60000020,14919258,0xE3A65A,14922330,0xE3B25A,6457373274,0x180E3B25A,0F05,true,true,false,true,42526,0xE27CD0,0xE3E1D1,91393,79242,0x1358A,false,true,syscall,2,,,0xE3E1D1,function_end,instruction_start,true,false,true,true
1055,.text,0x60000020,14921540,0xE3AF44,14924612,0xE3BB44,6457375556,0x180E3BB44,0F05,true,true,false,true,42526,0xE27CD0,0xE3E1D1,91393,81524,0x13E74,true,true,syscall,2,,,0xE3E1D1,function_end,instruction_start,true,false,true,true
1056,.text,0x60000020,14922028,0xE3B12C,14925100,0xE3BD2C,6457376044,0x180E3BD2C,0F05,true,true,false,true,42526,0xE27CD0,0xE3E1D1,91393,82012,0x1405C,true,true,syscall,2,,,0xE3E1D1,function_end,instruction_start,true,false,true,true
1057,.text,0x60000020,14922391,0xE3B297,14925463,0xE3BE97,6457376407,0x180E3BE97,0F05,true,true,false,true,42526,0xE27CD0,0xE3E1D1,91393,82375,0x141C7,false,true,syscall,2,,,0xE3E1D1,function_end,instruction_start,true,false,true,true
1058,.text,0x60000020,14922935,0xE3B4B7,14926007,0xE3C0B7,6457376951,0x180E3C0B7,0F05,true,true,false,true,42526,0xE27CD0,0xE3E1D1,91393,82919,0x143E7,false,true,syscall,2,,,0xE3E1D1,function_end,instruction_start,true,false,true,true
1059,.text,0x60000020,14923261,0xE3B5FD,14926333,0xE3C1FD,6457377277,0x180E3C1FD,0F05,true,true,false,true,42526,0xE27CD0,0xE3E1D1,91393,83245,0x1452D,false,true,syscall,2,,,0xE3E1D1,function_end,instruction_start,true,false,true,true
1060,.text,0x60000020,14925660,0xE3BF5C,14928732,0xE3CB5C,6457379676,0x180E3CB5C,0F05,true,true,false,true,42526,0xE27CD0,0xE3E1D1,91393,85644,0x14E8C,true,true,syscall,2,,,0xE3E1D1,function_end,instruction_start,true,false,true,true
1061,.text,0x60000020,14927924,0xE3C834,14930996,0xE3D434,6457381940,0x180E3D434,0F05,true,true,false,true,42526,0xE27CD0,0xE3E1D1,91393,87908,0x15764,true,true,syscall,2,,,0xE3E1D1,function_end,instruction_start,true,false,true,true
1062,.text,0x60000020,14928694,0xE3CB36,14931766,0xE3D736,6457382710,0x180E3D736,0F05,true,true,false,true,42526,0xE27CD0,0xE3E1D1,91393,88678,0x15A66,false,true,syscall,2,,,0xE3E1D1,function_end,instruction_start,true,false,true,true
1063,.text,0x60000020,14930048,0xE3D080,14933120,0xE3DC80,6457384064,0x180E3DC80,0F05,true,true,false,true,42526,0xE27CD0,0xE3E1D1,91393,90032,0x15FB0,true,true,syscall,2,,,0xE3E1D1,function_end,instruction_start,true,false,true,true
1064,.text,0x60000020,14976438,0xE485B6,14979510,0xE491B6,6457430454,0x180E491B6,0F05,true,true,false,true,42550,0xE48B60,0xE4BF2F,13263,1622,0x656,false,true,syscall,2,,,0xE4BF2F,function_end,instruction_start,true,false,true,true
1065,.text,0x60000020,14976966,0xE487C6,14980038,0xE493C6,6457430982,0x180E493C6,0F05,true,true,false,true,42550,0xE48B60,0xE4BF2F,13263,2150,0x866,false,true,syscall,2,,,0xE4BF2F,function_end,instruction_start,true,false,true,true
1066,.text,0x60000020,14977361,0xE48951,14980433,0xE49551,6457431377,0x180E49551,0F05,true,true,false,true,42550,0xE48B60,0xE4BF2F,13263,2545,0x9F1,false,true,syscall,2,,,0xE4BF2F,function_end,instruction_start,true,false,true,true
1067,.text,0x60000020,14978033,0xE48BF1,14981105,0xE497F1,6457432049,0x180E497F1,0F05,true,true,false,true,42550,0xE48B60,0xE4BF2F,13263,3217,0xC91,false,true,syscall,2,,,0xE4BF2F,function_end,instruction_start,true,false,true,true
1068,.text,0x60000020,14978634,0xE48E4A,14981706,0xE49A4A,6457432650,0x180E49A4A,0F05,true,true,false,true,42550,0xE48B60,0xE4BF2F,13263,3818,0xEEA,false,true,syscall,2,,,0xE4BF2F,function_end,instruction_start,true,false,true,true
1069,.text,0x60000020,14979053,0xE48FED,14982125,0xE49BED,6457433069,0x180E49BED,0F05,true,true,false,true,42550,0xE48B60,0xE4BF2F,13263,4237,0x108D,false,true,syscall,2,,,0xE4BF2F,function_end,instruction_start,true,false,true,true
1070,.text,0x60000020,14979581,0xE491FD,14982653,0xE49DFD,6457433597,0x180E49DFD,0F05,true,true,false,true,42550,0xE48B60,0xE4BF2F,13263,4765,0x129D,false,true,syscall,2,,,0xE4BF2F,function_end,instruction_start,true,false,true,true
1071,.text,0x60000020,14979906,0xE49342,14982978,0xE49F42,6457433922,0x180E49F42,0F05,true,true,false,true,42550,0xE48B60,0xE4BF2F,13263,5090,0x13E2,false,true,syscall,2,,,0xE4BF2F,function_end,instruction_start,true,false,true,true
1072,.text,0x60000020,14980521,0xE495A9,14983593,0xE4A1A9,6457434537,0x180E4A1A9,0F05,true,true,false,true,42550,0xE48B60,0xE4BF2F,13263,5705,0x1649,false,true,syscall,2,,,0xE4BF2F,function_end,instruction_start,true,false,true,true
1073,.text,0x60000020,14980928,0xE49740,14984000,0xE4A340,6457434944,0x180E4A340,0F05,true,true,false,true,42550,0xE48B60,0xE4BF2F,13263,6112,0x17E0,true,true,syscall,2,,,0xE4BF2F,function_end,instruction_start,true,false,true,true
1074,.text,0x60000020,14981308,0xE498BC,14984380,0xE4A4BC,6457435324,0x180E4A4BC,0F05,true,true,false,true,42550,0xE48B60,0xE4BF2F,13263,6492,0x195C,true,true,syscall,2,,,0xE4BF2F,function_end,instruction_start,true,false,true,true
1075,.text,0x60000020,14981763,0xE49A83,14984835,0xE4A683,6457435779,0x180E4A683,0F05,true,true,false,true,42550,0xE48B60,0xE4BF2F,13263,6947,0x1B23,false,true,syscall,2,,,0xE4BF2F,function_end,instruction_start,true,false,true,true
1076,.text,0x60000020,14982162,0xE49C12,14985234,0xE4A812,6457436178,0x180E4A812,0F05,true,true,false,true,42550,0xE48B60,0xE4BF2F,13263,7346,0x1CB2,false,true,syscall,2,,,0xE4BF2F,function_end,instruction_start,true,false,true,true
1077,.text,0x60000020,14982613,0xE49DD5,14985685,0xE4A9D5,6457436629,0x180E4A9D5,0F05,true,true,false,true,42550,0xE48B60,0xE4BF2F,13263,7797,0x1E75,false,true,syscall,2,,,0xE4BF2F,function_end,instruction_start,true,false,true,true
1078,.text,0x60000020,14983020,0xE49F6C,14986092,0xE4AB6C,6457437036,0x180E4AB6C,0F05,true,true,false,true,42550,0xE48B60,0xE4BF2F,13263,8204,0x200C,true,true,syscall,2,,,0xE4BF2F,function_end,instruction_start,true,false,true,true
1079,.text,0x60000020,14983312,0xE4A090,14986384,0xE4AC90,6457437328,0x180E4AC90,0F05,true,true,false,true,42550,0xE48B60,0xE4BF2F,13263,8496,0x2130,true,true,syscall,2,,,0xE4BF2F,function_end,instruction_start,true,false,true,true
1080,.text,0x60000020,14998700,0xE4DCAC,15001772,0xE4E8AC,6457452716,0x180E4E8AC,0F05,true,true,false,true,42569,0xE4E5B0,0xE55972,29634,764,0x2FC,true,true,syscall,2,,,0xE55972,function_end,instruction_start,true,false,true,true
1081,.text,0x60000020,14999148,0xE4DE6C,15002220,0xE4EA6C,6457453164,0x180E4EA6C,0F05,true,true,false,true,42569,0xE4E5B0,0xE55972,29634,1212,0x4BC,true,true,syscall,2,,,0xE55972,function_end,instruction_start,true,false,true,true
1082,.text,0x60000020,14999972,0xE4E1A4,15003044,0xE4EDA4,6457453988,0x180E4EDA4,0F05,true,true,false,true,42569,0xE4E5B0,0xE55972,29634,2036,0x7F4,true,true,syscall,2,,,0xE55972,function_end,instruction_start,true,false,true,true
1083,.text,0x60000020,15003089,0xE4EDD1,15006161,0xE4F9D1,6457457105,0x180E4F9D1,0F05,true,true,false,true,42569,0xE4E5B0,0xE55972,29634,5153,0x1421,false,true,syscall,2,,,0xE55972,function_end,instruction_start,true,false,true,true
1084,.text,0x60000020,15004364,0xE4F2CC,15007436,0xE4FECC,6457458380,0x180E4FECC,0F05,true,true,false,true,42569,0xE4E5B0,0xE55972,29634,6428,0x191C,true,true,syscall,2,,,0xE55972,function_end,instruction_start,true,false,true,true
1085,.text,0x60000020,15005700,0xE4F804,15008772,0xE50404,6457459716,0x180E50404,0F05,true,true,false,true,42569,0xE4E5B0,0xE55972,29634,7764,0x1E54,true,true,syscall,2,,,0xE55972,function_end,instruction_start,true,false,true,true
1086,.text,0x60000020,15006394,0xE4FABA,15009466,0xE506BA,6457460410,0x180E506BA,0F05,true,true,false,true,42569,0xE4E5B0,0xE55972,29634,8458,0x210A,false,true,syscall,2,,,0xE55972,function_end,instruction_start,true,false,true,true
1087,.text,0x60000020,15006901,0xE4FCB5,15009973,0xE508B5,6457460917,0x180E508B5,0F05,true,true,false,true,42569,0xE4E5B0,0xE55972,29634,8965,0x2305,false,true,syscall,2,,,0xE55972,function_end,instruction_start,true,false,true,true
1088,.text,0x60000020,15007382,0xE4FE96,15010454,0xE50A96,6457461398,0x180E50A96,0F05,true,true,false,true,42569,0xE4E5B0,0xE55972,29634,9446,0x24E6,false,true,syscall,2,,,0xE55972,function_end,instruction_start,true,false,true,true
1089,.text,0x60000020,15007767,0xE50017,15010839,0xE50C17,6457461783,0x180E50C17,0F05,true,true,false,true,42569,0xE4E5B0,0xE55972,29634,9831,0x2667,false,true,syscall,2,,,0xE55972,function_end,instruction_start,true,false,true,true
1090,.text,0x60000020,15010450,0xE50A92,15013522,0xE51692,6457464466,0x180E51692,0F05,true,true,false,true,42569,0xE4E5B0,0xE55972,29634,12514,0x30E2,false,true,syscall,2,,,0xE55972,function_end,instruction_start,true,false,true,true
1091,.text,0x60000020,15011564,0xE50EEC,15014636,0xE51AEC,6457465580,0x180E51AEC,0F05,true,true,false,true,42569,0xE4E5B0,0xE55972,29634,13628,0x353C,true,true,syscall,2,,,0xE55972,function_end,instruction_start,true,false,true,true
1092,.text,0x60000020,15011891,0xE51033,15014963,0xE51C33,6457465907,0x180E51C33,0F05,true,true,false,true,42569,0xE4E5B0,0xE55972,29634,13955,0x3683,false,true,syscall,2,,,0xE55972,function_end,instruction_start,true,false,true,true
1093,.text,0x60000020,15014262,0xE51976,15017334,0xE52576,6457468278,0x180E52576,0F05,true,true,false,true,42569,0xE4E5B0,0xE55972,29634,16326,0x3FC6,false,true,syscall,2,,,0xE55972,function_end,instruction_start,true,false,true,true
1094,.text,0x60000020,15015441,0xE51E11,15018513,0xE52A11,6457469457,0x180E52A11,0F05,true,true,false,true,42569,0xE4E5B0,0xE55972,29634,17505,0x4461,false,true,syscall,2,,,0xE55972,function_end,instruction_start,true,false,true,true
1095,.text,0x60000020,15015866,0xE51FBA,15018938,0xE52BBA,6457469882,0x180E52BBA,0F05,true,true,false,true,42569,0xE4E5B0,0xE55972,29634,17930,0x460A,false,true,syscall,2,,,0xE55972,function_end,instruction_start,true,false,true,true
1096,.text,0x60000020,15016578,0xE52282,15019650,0xE52E82,6457470594,0x180E52E82,0F05,true,true,false,true,42569,0xE4E5B0,0xE55972,29634,18642,0x48D2,false,true,syscall,2,,,0xE55972,function_end,instruction_start,true,false,true,true
1097,.text,0x60000020,15017261,0xE5252D,15020333,0xE5312D,6457471277,0x180E5312D,0F05,true,true,false,true,42569,0xE4E5B0,0xE55972,29634,19325,0x4B7D,false,true,syscall,2,,,0xE55972,function_end,instruction_start,true,false,true,true
1098,.text,0x60000020,15017961,0xE527E9,15021033,0xE533E9,6457471977,0x180E533E9,0F05,true,true,false,true,42569,0xE4E5B0,0xE55972,29634,20025,0x4E39,false,true,syscall,2,,,0xE55972,function_end,instruction_start,true,false,true,true
1099,.text,0x60000020,15020383,0xE5315F,15023455,0xE53D5F,6457474399,0x180E53D5F,0F05,true,true,false,true,42569,0xE4E5B0,0xE55972,29634,22447,0x57AF,false,true,syscall,2,,,0xE55972,function_end,instruction_start,true,false,true,true
1100,.text,0x60000020,15021350,0xE53526,15024422,0xE54126,6457475366,0x180E54126,0F05,true,true,false,true,42569,0xE4E5B0,0xE55972,29634,23414,0x5B76,false,true,syscall,2,,,0xE55972,function_end,instruction_start,true,false,true,true
1101,.text,0x60000020,15021963,0xE5378B,15025035,0xE5438B,6457475979,0x180E5438B,0F05,true,true,false,true,42569,0xE4E5B0,0xE55972,29634,24027,0x5DDB,false,true,syscall,2,,,0xE55972,function_end,instruction_start,true,false,true,true
1102,.text,0x60000020,15025023,0xE5437F,15028095,0xE54F7F,6457479039,0x180E54F7F,0F05,true,true,false,true,42569,0xE4E5B0,0xE55972,29634,27087,0x69CF,false,true,syscall,2,,,0xE55972,function_end,instruction_start,true,false,true,true
1103,.text,0x60000020,15025438,0xE5451E,15028510,0xE5511E,6457479454,0x180E5511E,0F05,true,true,false,true,42569,0xE4E5B0,0xE55972,29634,27502,0x6B6E,false,true,syscall,2,,,0xE55972,function_end,instruction_start,true,false,true,true
1104,.text,0x60000020,15029489,0xE554F1,15032561,0xE560F1,6457483505,0x180E560F1,0F05,true,true,false,true,42573,0xE55F50,0xE5D3D7,29831,417,0x1A1,false,true,syscall,2,,,0xE5D3D7,function_end,instruction_start,true,false,true,true
1105,.text,0x60000020,15030120,0xE55768,15033192,0xE56368,6457484136,0x180E56368,0F05,true,true,false,true,42573,0xE55F50,0xE5D3D7,29831,1048,0x418,true,true,syscall,2,,,0xE5D3D7,function_end,instruction_start,true,false,true,true
1106,.text,0x60000020,15031920,0xE55E70,15034992,0xE56A70,6457485936,0x180E56A70,0F05,true,true,false,true,42573,0xE55F50,0xE5D3D7,29831,2848,0xB20,true,true,syscall,2,,,0xE5D3D7,function_end,instruction_start,true,false,true,true
1107,.text,0x60000020,15032547,0xE560E3,15035619,0xE56CE3,6457486563,0x180E56CE3,0F05,true,true,false,true,42573,0xE55F50,0xE5D3D7,29831,3475,0xD93,false,true,syscall,2,,,0xE5D3D7,function_end,instruction_start,true,false,true,true
1108,.text,0x60000020,15033246,0xE5639E,15036318,0xE56F9E,6457487262,0x180E56F9E,0F05,true,true,false,true,42573,0xE55F50,0xE5D3D7,29831,4174,0x104E,false,true,syscall,2,,,0xE5D3D7,function_end,instruction_start,true,false,true,true
1109,.text,0x60000020,15034387,0xE56813,15037459,0xE57413,6457488403,0x180E57413,0F05,true,true,false,true,42573,0xE55F50,0xE5D3D7,29831,5315,0x14C3,false,true,syscall,2,,,0xE5D3D7,function_end,instruction_start,true,false,true,true
1110,.text,0x60000020,15035584,0xE56CC0,15038656,0xE578C0,6457489600,0x180E578C0,0F05,true,true,false,true,42573,0xE55F50,0xE5D3D7,29831,6512,0x1970,true,true,syscall,2,,,0xE5D3D7,function_end,instruction_start,true,false,true,true
1111,.text,0x60000020,15037478,0xE57426,15040550,0xE58026,6457491494,0x180E58026,0F05,true,true,false,true,42573,0xE55F50,0xE5D3D7,29831,8406,0x20D6,false,true,syscall,2,,,0xE5D3D7,function_end,instruction_start,true,false,true,true
1112,.text,0x60000020,15038241,0xE57721,15041313,0xE58321,6457492257,0x180E58321,0F05,true,true,false,true,42573,0xE55F50,0xE5D3D7,29831,9169,0x23D1,false,true,syscall,2,,,0xE5D3D7,function_end,instruction_start,true,false,true,true
1113,.text,0x60000020,15038532,0xE57844,15041604,0xE58444,6457492548,0x180E58444,0F05,true,true,false,true,42573,0xE55F50,0xE5D3D7,29831,9460,0x24F4,true,true,syscall,2,,,0xE5D3D7,function_end,instruction_start,true,false,true,true
1114,.text,0x60000020,15040734,0xE580DE,15043806,0xE58CDE,6457494750,0x180E58CDE,0F05,true,true,false,true,42573,0xE55F50,0xE5D3D7,29831,11662,0x2D8E,false,true,syscall,2,,,0xE5D3D7,function_end,instruction_start,true,false,true,true
1115,.text,0x60000020,15043444,0xE58B74,15046516,0xE59774,6457497460,0x180E59774,0F05,true,true,false,true,42573,0xE55F50,0xE5D3D7,29831,14372,0x3824,true,true,syscall,2,,,0xE5D3D7,function_end,instruction_start,true,false,true,true
1116,.text,0x60000020,15043919,0xE58D4F,15046991,0xE5994F,6457497935,0x180E5994F,0F05,true,true,false,true,42573,0xE55F50,0xE5D3D7,29831,14847,0x39FF,false,true,syscall,2,,,0xE5D3D7,function_end,instruction_start,true,false,true,true
1117,.text,0x60000020,15044256,0xE58EA0,15047328,0xE59AA0,6457498272,0x180E59AA0,0F05,true,true,false,true,42573,0xE55F50,0xE5D3D7,29831,15184,0x3B50,true,true,syscall,2,,,0xE5D3D7,function_end,instruction_start,true,false,true,true
1118,.text,0x60000020,15044655,0xE5902F,15047727,0xE59C2F,6457498671,0x180E59C2F,0F05,true,true,false,true,42573,0xE55F50,0xE5D3D7,29831,15583,0x3CDF,false,true,syscall,2,,,0xE5D3D7,function_end,instruction_start,true,false,true,true
1119,.text,0x60000020,15045067,0xE591CB,15048139,0xE59DCB,6457499083,0x180E59DCB,0F05,true,true,false,true,42573,0xE55F50,0xE5D3D7,29831,15995,0x3E7B,false,true,syscall,2,,,0xE5D3D7,function_end,instruction_start,true,false,true,true
1120,.text,0x60000020,15047517,0xE59B5D,15050589,0xE5A75D,6457501533,0x180E5A75D,0F05,true,true,false,true,42573,0xE55F50,0xE5D3D7,29831,18445,0x480D,false,true,syscall,2,,,0xE5D3D7,function_end,instruction_start,true,false,true,true
1121,.text,0x60000020,15048445,0xE59EFD,15051517,0xE5AAFD,6457502461,0x180E5AAFD,0F05,true,true,false,true,42573,0xE55F50,0xE5D3D7,29831,19373,0x4BAD,false,true,syscall,2,,,0xE5D3D7,function_end,instruction_start,true,false,true,true
1122,.text,0x60000020,15049112,0xE5A198,15052184,0xE5AD98,6457503128,0x180E5AD98,0F05,true,true,false,true,42573,0xE55F50,0xE5D3D7,29831,20040,0x4E48,true,true,syscall,2,,,0xE5D3D7,function_end,instruction_start,true,false,true,true
1123,.text,0x60000020,15049872,0xE5A490,15052944,0xE5B090,6457503888,0x180E5B090,0F05,true,true,false,true,42573,0xE55F50,0xE5D3D7,29831,20800,0x5140,true,true,syscall,2,,,0xE5D3D7,function_end,instruction_start,true,false,true,true
1124,.text,0x60000020,15050349,0xE5A66D,15053421,0xE5B26D,6457504365,0x180E5B26D,0F05,true,true,false,true,42573,0xE55F50,0xE5D3D7,29831,21277,0x531D,false,true,syscall,2,,,0xE5D3D7,function_end,instruction_start,true,false,true,true
1125,.text,0x60000020,15051987,0xE5ACD3,15055059,0xE5B8D3,6457506003,0x180E5B8D3,0F05,true,true,false,true,42573,0xE55F50,0xE5D3D7,29831,22915,0x5983,false,true,syscall,2,,,0xE5D3D7,function_end,instruction_start,true,false,true,true
1126,.text,0x60000020,15054007,0xE5B4B7,15057079,0xE5C0B7,6457508023,0x180E5C0B7,0F05,true,true,false,true,42573,0xE55F50,0xE5D3D7,29831,24935,0x6167,false,true,syscall,2,,,0xE5D3D7,function_end,instruction_start,true,false,true,true
1127,.text,0x60000020,15056304,0xE5BDB0,15059376,0xE5C9B0,6457510320,0x180E5C9B0,0F05,true,true,false,true,42573,0xE55F50,0xE5D3D7,29831,27232,0x6A60,true,true,syscall,2,,,0xE5D3D7,function_end,instruction_start,true,false,true,true
1128,.text,0x60000020,15060983,0xE5CFF7,15064055,0xE5DBF7,6457514999,0x180E5DBF7,0F05,true,true,false,true,42578,0xE5D940,0xE64AF7,29111,695,0x2B7,false,true,syscall,2,,,0xE64AF7,function_end,instruction_start,true,false,true,true
1129,.text,0x60000020,15061461,0xE5D1D5,15064533,0xE5DDD5,6457515477,0x180E5DDD5,0F05,true,true,false,true,42578,0xE5D940,0xE64AF7,29111,1173,0x495,false,true,syscall,2,,,0xE64AF7,function_end,instruction_start,true,false,true,true
1130,.text,0x60000020,15061959,0xE5D3C7,15065031,0xE5DFC7,6457515975,0x180E5DFC7,0F05,true,true,false,true,42578,0xE5D940,0xE64AF7,29111,1671,0x687,false,true,syscall,2,,,0xE64AF7,function_end,instruction_start,true,false,true,true
1131,.text,0x60000020,15062573,0xE5D62D,15065645,0xE5E22D,6457516589,0x180E5E22D,0F05,true,true,false,true,42578,0xE5D940,0xE64AF7,29111,2285,0x8ED,false,true,syscall,2,,,0xE64AF7,function_end,instruction_start,true,false,true,true
1132,.text,0x60000020,15064054,0xE5DBF6,15067126,0xE5E7F6,6457518070,0x180E5E7F6,0F05,true,true,false,true,42578,0xE5D940,0xE64AF7,29111,3766,0xEB6,false,true,syscall,2,,,0xE64AF7,function_end,instruction_start,true,false,true,true
1133,.text,0x60000020,15066246,0xE5E486,15069318,0xE5F086,6457520262,0x180E5F086,0F05,true,true,false,true,42578,0xE5D940,0xE64AF7,29111,5958,0x1746,false,true,syscall,2,,,0xE64AF7,function_end,instruction_start,true,false,true,true
1134,.text,0x60000020,15066756,0xE5E684,15069828,0xE5F284,6457520772,0x180E5F284,0F05,true,true,false,true,42578,0xE5D940,0xE64AF7,29111,6468,0x1944,true,true,syscall,2,,,0xE64AF7,function_end,instruction_start,true,false,true,true
1135,.text,0x60000020,15068488,0xE5ED48,15071560,0xE5F948,6457522504,0x180E5F948,0F05,true,true,false,true,42578,0xE5D940,0xE64AF7,29111,8200,0x2008,true,true,syscall,2,,,0xE64AF7,function_end,instruction_start,true,false,true,true
1136,.text,0x60000020,15071099,0xE5F77B,15074171,0xE6037B,6457525115,0x180E6037B,0F05,true,true,false,true,42578,0xE5D940,0xE64AF7,29111,10811,0x2A3B,false,true,syscall,2,,,0xE64AF7,function_end,instruction_start,true,false,true,true
1137,.text,0x60000020,15071658,0xE5F9AA,15074730,0xE605AA,6457525674,0x180E605AA,0F05,true,true,false,true,42578,0xE5D940,0xE64AF7,29111,11370,0x2C6A,false,true,syscall,2,,,0xE64AF7,function_end,instruction_start,true,false,true,true
1138,.text,0x60000020,15071972,0xE5FAE4,15075044,0xE606E4,6457525988,0x180E606E4,0F05,true,true,false,true,42578,0xE5D940,0xE64AF7,29111,11684,0x2DA4,true,true,syscall,2,,,0xE64AF7,function_end,instruction_start,true,false,true,true
1139,.text,0x60000020,15072387,0xE5FC83,15075459,0xE60883,6457526403,0x180E60883,0F05,true,true,false,true,42578,0xE5D940,0xE64AF7,29111,12099,0x2F43,false,true,syscall,2,,,0xE64AF7,function_end,instruction_start,true,false,true,true
1140,.text,0x60000020,15073423,0xE6008F,15076495,0xE60C8F,6457527439,0x180E60C8F,0F05,true,true,false,true,42578,0xE5D940,0xE64AF7,29111,13135,0x334F,false,true,syscall,2,,,0xE64AF7,function_end,instruction_start,true,false,true,true
1141,.text,0x60000020,15073843,0xE60233,15076915,0xE60E33,6457527859,0x180E60E33,0F05,true,true,false,true,42578,0xE5D940,0xE64AF7,29111,13555,0x34F3,false,true,syscall,2,,,0xE64AF7,function_end,instruction_start,true,false,true,true
1142,.text,0x60000020,15075048,0xE606E8,15078120,0xE612E8,6457529064,0x180E612E8,0F05,true,true,false,true,42578,0xE5D940,0xE64AF7,29111,14760,0x39A8,true,true,syscall,2,,,0xE64AF7,function_end,instruction_start,true,false,true,true
1143,.text,0x60000020,15075917,0xE60A4D,15078989,0xE6164D,6457529933,0x180E6164D,0F05,true,true,false,true,42578,0xE5D940,0xE64AF7,29111,15629,0x3D0D,false,true,syscall,2,,,0xE64AF7,function_end,instruction_start,true,false,true,true
1144,.text,0x60000020,15076972,0xE60E6C,15080044,0xE61A6C,6457530988,0x180E61A6C,0F05,true,true,false,true,42578,0xE5D940,0xE64AF7,29111,16684,0x412C,true,true,syscall,2,,,0xE64AF7,function_end,instruction_start,true,false,true,true
1145,.text,0x60000020,15077980,0xE6125C,15081052,0xE61E5C,6457531996,0x180E61E5C,0F05,true,true,false,true,42578,0xE5D940,0xE64AF7,29111,17692,0x451C,true,true,syscall,2,,,0xE64AF7,function_end,instruction_start,true,false,true,true
1146,.text,0x60000020,15078626,0xE614E2,15081698,0xE620E2,6457532642,0x180E620E2,0F05,true,true,false,true,42578,0xE5D940,0xE64AF7,29111,18338,0x47A2,false,true,syscall,2,,,0xE64AF7,function_end,instruction_start,true,false,true,true
1147,.text,0x60000020,15079890,0xE619D2,15082962,0xE625D2,6457533906,0x180E625D2,0F05,true,true,false,true,42578,0xE5D940,0xE64AF7,29111,19602,0x4C92,false,true,syscall,2,,,0xE64AF7,function_end,instruction_start,true,false,true,true
1148,.text,0x60000020,15082624,0xE62480,15085696,0xE63080,6457536640,0x180E63080,0F05,true,true,false,true,42578,0xE5D940,0xE64AF7,29111,22336,0x5740,true,true,syscall,2,,,0xE64AF7,function_end,instruction_start,true,false,true,true
1149,.text,0x60000020,15083811,0xE62923,15086883,0xE63523,6457537827,0x180E63523,0F05,true,true,false,true,42578,0xE5D940,0xE64AF7,29111,23523,0x5BE3,false,true,syscall,2,,,0xE64AF7,function_end,instruction_start,true,false,true,true
1150,.text,0x60000020,15086298,0xE632DA,15089370,0xE63EDA,6457540314,0x180E63EDA,0F05,true,true,false,true,42578,0xE5D940,0xE64AF7,29111,26010,0x659A,false,true,syscall,2,,,0xE64AF7,function_end,instruction_start,true,false,true,true
1151,.text,0x60000020,15086894,0xE6352E,15089966,0xE6412E,6457540910,0x180E6412E,0F05,true,true,false,true,42578,0xE5D940,0xE64AF7,29111,26606,0x67EE,false,true,syscall,2,,,0xE64AF7,function_end,instruction_start,true,false,true,true
1152,.text,0x60000020,15108865,0xE68B01,15111937,0xE69701,6457562881,0x180E69701,0F05,true,true,false,true,42601,0xE68C90,0xE767B2,56098,2673,0xA71,false,true,syscall,2,,,0xE767B2,function_end,instruction_start,true,false,true,true
1153,.text,0x60000020,15113839,0xE69E6F,15116911,0xE6AA6F,6457567855,0x180E6AA6F,0F05,true,true,false,true,42601,0xE68C90,0xE767B2,56098,7647,0x1DDF,false,true,syscall,2,,,0xE767B2,function_end,instruction_start,true,false,true,true
1154,.text,0x60000020,15116912,0xE6AA70,15119984,0xE6B670,6457570928,0x180E6B670,0F05,true,true,false,true,42601,0xE68C90,0xE767B2,56098,10720,0x29E0,true,true,syscall,2,,,0xE767B2,function_end,instruction_start,true,false,true,true
1155,.text,0x60000020,15122235,0xE6BF3B,15125307,0xE6CB3B,6457576251,0x180E6CB3B,0F05,true,true,false,true,42601,0xE68C90,0xE767B2,56098,16043,0x3EAB,false,true,syscall,2,,,0xE767B2,function_end,instruction_start,true,false,true,true
1156,.text,0x60000020,15150608,0xE72E10,15153680,0xE73A10,6457604624,0x180E73A10,0F05,true,true,false,true,42601,0xE68C90,0xE767B2,56098,44416,0xAD80,true,true,syscall,2,,,0xE767B2,function_end,instruction_start,true,false,true,true
1157,.text,0x60000020,15153969,0xE73B31,15157041,0xE74731,6457607985,0x180E74731,0F05,true,true,false,true,42601,0xE68C90,0xE767B2,56098,47777,0xBAA1,false,true,syscall,2,,,0xE767B2,function_end,instruction_start,true,false,true,true
1158,.text,0x60000020,15155909,0xE742C5,15158981,0xE74EC5,6457609925,0x180E74EC5,0F05,true,true,false,true,42601,0xE68C90,0xE767B2,56098,49717,0xC235,false,true,syscall,2,,,0xE767B2,function_end,instruction_start,true,false,true,true
1159,.text,0x60000020,15159676,0xE7517C,15162748,0xE75D7C,6457613692,0x180E75D7C,0F05,true,true,false,true,42601,0xE68C90,0xE767B2,56098,53484,0xD0EC,true,true,syscall,2,,,0xE767B2,function_end,instruction_start,true,false,true,true
1160,.text,0x60000020,15165929,0xE769E9,15169001,0xE775E9,6457619945,0x180E775E9,0F05,true,true,false,false,,,,,,,false,false,,0,,,,no_pdata_function,no_pdata_function,false,true,false,false
1161,.text,0x60000020,15166448,0xE76BF0,15169520,0xE777F0,6457620464,0x180E777F0,0F05,true,true,false,true,42614,0xE775F0,0xE77812,546,512,0x200,true,true,syscall,2,,,0xE77812,function_end,instruction_start,true,false,true,true
1162,.text,0x60000020,15166884,0xE76DA4,15169956,0xE779A4,6457620900,0x180E779A4,0F05,true,true,false,true,42615,0xE77820,0xE779C4,420,388,0x184,true,true,syscall,2,,,0xE779C4,function_end,instruction_start,true,false,true,true
1163,.text,0x60000020,15167279,0xE76F2F,15170351,0xE77B2F,6457621295,0x180E77B2F,0F05,true,true,false,true,42616,0xE779D0,0xE77B4F,383,351,0x15F,false,true,syscall,2,,,0xE77B4F,function_end,instruction_start,true,false,true,true
1164,.text,0x60000020,15167591,0xE77067,15170663,0xE77C67,6457621607,0x180E77C67,0F05,true,true,false,true,42617,0xE77B50,0xE77C89,313,279,0x117,false,true,syscall,2,,,0xE77C89,function_end,instruction_start,true,false,true,true
1165,.text,0x60000020,15167941,0xE771C5,15171013,0xE77DC5,6457621957,0x180E77DC5,0F05,true,true,false,true,42618,0xE77C90,0xE77DE5,341,309,0x135,false,true,syscall,2,,,0xE77DE5,function_end,instruction_start,true,false,true,true
1166,.text,0x60000020,15169878,0xE77956,15172950,0xE78556,6457623894,0x180E78556,0F05,true,true,false,true,42623,0xE783B0,0xE7F77C,29644,422,0x1A6,false,true,syscall,2,,,0xE7F77C,function_end,instruction_start,true,false,true,true
1167,.text,0x60000020,15173167,0xE7862F,15176239,0xE7922F,6457627183,0x180E7922F,0F05,true,true,false,true,42623,0xE783B0,0xE7F77C,29644,3711,0xE7F,false,true,syscall,2,,,0xE7F77C,function_end,instruction_start,true,false,true,true
1168,.text,0x60000020,15173654,0xE78816,15176726,0xE79416,6457627670,0x180E79416,0F05,true,true,false,true,42623,0xE783B0,0xE7F77C,29644,4198,0x1066,false,true,syscall,2,,,0xE7F77C,function_end,instruction_start,true,false,true,true
1169,.text,0x60000020,15174448,0xE78B30,15177520,0xE79730,6457628464,0x180E79730,0F05,true,true,false,true,42623,0xE783B0,0xE7F77C,29644,4992,0x1380,true,true,syscall,2,,,0xE7F77C,function_end,instruction_start,true,false,true,true
1170,.text,0x60000020,15175479,0xE78F37,15178551,0xE79B37,6457629495,0x180E79B37,0F05,true,true,false,true,42623,0xE783B0,0xE7F77C,29644,6023,0x1787,false,true,syscall,2,,,0xE7F77C,function_end,instruction_start,true,false,true,true
1171,.text,0x60000020,15175907,0xE790E3,15178979,0xE79CE3,6457629923,0x180E79CE3,0F05,true,true,false,true,42623,0xE783B0,0xE7F77C,29644,6451,0x1933,false,true,syscall,2,,,0xE7F77C,function_end,instruction_start,true,false,true,true
1172,.text,0x60000020,15176166,0xE791E6,15179238,0xE79DE6,6457630182,0x180E79DE6,0F05,true,true,false,true,42623,0xE783B0,0xE7F77C,29644,6710,0x1A36,false,true,syscall,2,,,0xE7F77C,function_end,instruction_start,true,false,true,true
1173,.text,0x60000020,15176969,0xE79509,15180041,0xE7A109,6457630985,0x180E7A109,0F05,true,true,false,true,42623,0xE783B0,0xE7F77C,29644,7513,0x1D59,false,true,syscall,2,,,0xE7F77C,function_end,instruction_start,true,false,true,true
1174,.text,0x60000020,15177735,0xE79807,15180807,0xE7A407,6457631751,0x180E7A407,0F05,true,true,false,true,42623,0xE783B0,0xE7F77C,29644,8279,0x2057,false,true,syscall,2,,,0xE7F77C,function_end,instruction_start,true,false,true,true
1175,.text,0x60000020,15181015,0xE7A4D7,15184087,0xE7B0D7,6457635031,0x180E7B0D7,0F05,true,true,false,true,42623,0xE783B0,0xE7F77C,29644,11559,0x2D27,false,true,syscall,2,,,0xE7F77C,function_end,instruction_start,true,false,true,true
1176,.text,0x60000020,15181350,0xE7A626,15184422,0xE7B226,6457635366,0x180E7B226,0F05,true,true,false,true,42623,0xE783B0,0xE7F77C,29644,11894,0x2E76,false,true,syscall,2,,,0xE7F77C,function_end,instruction_start,true,false,true,true
1177,.text,0x60000020,15181961,0xE7A889,15185033,0xE7B489,6457635977,0x180E7B489,0F05,true,true,false,true,42623,0xE783B0,0xE7F77C,29644,12505,0x30D9,false,true,syscall,2,,,0xE7F77C,function_end,instruction_start,true,false,true,true
1178,.text,0x60000020,15182790,0xE7ABC6,15185862,0xE7B7C6,6457636806,0x180E7B7C6,0F05,true,true,false,true,42623,0xE783B0,0xE7F77C,29644,13334,0x3416,false,true,syscall,2,,,0xE7F77C,function_end,instruction_start,true,false,true,true
1179,.text,0x60000020,15184424,0xE7B228,15187496,0xE7BE28,6457638440,0x180E7BE28,0F05,true,true,false,true,42623,0xE783B0,0xE7F77C,29644,14968,0x3A78,true,true,syscall,2,,,0xE7F77C,function_end,instruction_start,true,false,true,true
1180,.text,0x60000020,15186719,0xE7BB1F,15189791,0xE7C71F,6457640735,0x180E7C71F,0F05,true,true,false,true,42623,0xE783B0,0xE7F77C,29644,17263,0x436F,false,true,syscall,2,,,0xE7F77C,function_end,instruction_start,true,false,true,true
1181,.text,0x60000020,15189855,0xE7C75F,15192927,0xE7D35F,6457643871,0x180E7D35F,0F05,true,true,false,true,42623,0xE783B0,0xE7F77C,29644,20399,0x4FAF,false,true,syscall,2,,,0xE7F77C,function_end,instruction_start,true,false,true,true
1182,.text,0x60000020,15190663,0xE7CA87,15193735,0xE7D687,6457644679,0x180E7D687,0F05,true,true,false,true,42623,0xE783B0,0xE7F77C,29644,21207,0x52D7,false,true,syscall,2,,,0xE7F77C,function_end,instruction_start,true,false,true,true
1183,.text,0x60000020,15191669,0xE7CE75,15194741,0xE7DA75,6457645685,0x180E7DA75,0F05,true,true,false,true,42623,0xE783B0,0xE7F77C,29644,22213,0x56C5,false,true,syscall,2,,,0xE7F77C,function_end,instruction_start,true,false,true,true
1184,.text,0x60000020,15192739,0xE7D2A3,15195811,0xE7DEA3,6457646755,0x180E7DEA3,0F05,true,true,false,true,42623,0xE783B0,0xE7F77C,29644,23283,0x5AF3,false,true,syscall,2,,,0xE7F77C,function_end,instruction_start,true,false,true,true
1185,.text,0x60000020,15193140,0xE7D434,15196212,0xE7E034,6457647156,0x180E7E034,0F05,true,true,false,true,42623,0xE783B0,0xE7F77C,29644,23684,0x5C84,true,true,syscall,2,,,0xE7F77C,function_end,instruction_start,true,false,true,true
1186,.text,0x60000020,15193591,0xE7D5F7,15196663,0xE7E1F7,6457647607,0x180E7E1F7,0F05,true,true,false,true,42623,0xE783B0,0xE7F77C,29644,24135,0x5E47,false,true,syscall,2,,,0xE7F77C,function_end,instruction_start,true,false,true,true
1187,.text,0x60000020,15194242,0xE7D882,15197314,0xE7E482,6457648258,0x180E7E482,0F05,true,true,false,true,42623,0xE783B0,0xE7F77C,29644,24786,0x60D2,false,true,syscall,2,,,0xE7F77C,function_end,instruction_start,true,false,true,true
1188,.text,0x60000020,15195563,0xE7DDAB,15198635,0xE7E9AB,6457649579,0x180E7E9AB,0F05,true,true,false,true,42623,0xE783B0,0xE7F77C,29644,26107,0x65FB,false,true,syscall,2,,,0xE7F77C,function_end,instruction_start,true,false,true,true
1189,.text,0x60000020,15196500,0xE7E154,15199572,0xE7ED54,6457650516,0x180E7ED54,0F05,true,true,false,true,42623,0xE783B0,0xE7F77C,29644,27044,0x69A4,true,true,syscall,2,,,0xE7F77C,function_end,instruction_start,true,false,true,true
1190,.text,0x60000020,15203477,0xE7FC95,15206549,0xE80895,6457657493,0x180E80895,0F05,true,true,false,true,42626,0xE7FD40,0xE871AC,29804,2901,0xB55,false,true,syscall,2,,,0xE871AC,function_end,instruction_start,true,false,true,true
1191,.text,0x60000020,15205562,0xE804BA,15208634,0xE810BA,6457659578,0x180E810BA,0F05,true,true,false,true,42626,0xE7FD40,0xE871AC,29804,4986,0x137A,false,true,syscall,2,,,0xE871AC,function_end,instruction_start,true,false,true,true
1192,.text,0x60000020,15206521,0xE80879,15209593,0xE81479,6457660537,0x180E81479,0F05,true,true,false,true,42626,0xE7FD40,0xE871AC,29804,5945,0x1739,false,true,syscall,2,,,0xE871AC,function_end,instruction_start,true,false,true,true
1193,.text,0x60000020,15206948,0xE80A24,15210020,0xE81624,6457660964,0x180E81624,0F05,true,true,false,true,42626,0xE7FD40,0xE871AC,29804,6372,0x18E4,true,true,syscall,2,,,0xE871AC,function_end,instruction_start,true,false,true,true
1194,.text,0x60000020,15207375,0xE80BCF,15210447,0xE817CF,6457661391,0x180E817CF,0F05,true,true,false,true,42626,0xE7FD40,0xE871AC,29804,6799,0x1A8F,false,true,syscall,2,,,0xE871AC,function_end,instruction_start,true,false,true,true
1195,.text,0x60000020,15209220,0xE81304,15212292,0xE81F04,6457663236,0x180E81F04,0F05,true,true,false,true,42626,0xE7FD40,0xE871AC,29804,8644,0x21C4,true,true,syscall,2,,,0xE871AC,function_end,instruction_start,true,false,true,true
1196,.text,0x60000020,15210902,0xE81996,15213974,0xE82596,6457664918,0x180E82596,0F05,true,true,false,true,42626,0xE7FD40,0xE871AC,29804,10326,0x2856,false,true,syscall,2,,,0xE871AC,function_end,instruction_start,true,false,true,true
1197,.text,0x60000020,15211442,0xE81BB2,15214514,0xE827B2,6457665458,0x180E827B2,0F05,true,true,false,true,42626,0xE7FD40,0xE871AC,29804,10866,0x2A72,false,true,syscall,2,,,0xE871AC,function_end,instruction_start,true,false,true,true
1198,.text,0x60000020,15212193,0xE81EA1,15215265,0xE82AA1,6457666209,0x180E82AA1,0F05,true,true,false,true,42626,0xE7FD40,0xE871AC,29804,11617,0x2D61,false,true,syscall,2,,,0xE871AC,function_end,instruction_start,true,false,true,true
1199,.text,0x60000020,15212579,0xE82023,15215651,0xE82C23,6457666595,0x180E82C23,0F05,true,true,false,true,42626,0xE7FD40,0xE871AC,29804,12003,0x2EE3,false,true,syscall,2,,,0xE871AC,function_end,instruction_start,true,false,true,true
1200,.text,0x60000020,15213525,0xE823D5,15216597,0xE82FD5,6457667541,0x180E82FD5,0F05,true,true,false,true,42626,0xE7FD40,0xE871AC,29804,12949,0x3295,false,true,syscall,2,,,0xE871AC,function_end,instruction_start,true,false,true,true
1201,.text,0x60000020,15214032,0xE825D0,15217104,0xE831D0,6457668048,0x180E831D0,0F05,true,true,false,true,42626,0xE7FD40,0xE871AC,29804,13456,0x3490,true,true,syscall,2,,,0xE871AC,function_end,instruction_start,true,false,true,true
1202,.text,0x60000020,15214918,0xE82946,15217990,0xE83546,6457668934,0x180E83546,0F05,true,true,false,true,42626,0xE7FD40,0xE871AC,29804,14342,0x3806,false,true,syscall,2,,,0xE871AC,function_end,instruction_start,true,false,true,true
1203,.text,0x60000020,15215594,0xE82BEA,15218666,0xE837EA,6457669610,0x180E837EA,0F05,true,true,false,true,42626,0xE7FD40,0xE871AC,29804,15018,0x3AAA,false,true,syscall,2,,,0xE871AC,function_end,instruction_start,true,false,true,true
1204,.text,0x60000020,15217453,0xE8332D,15220525,0xE83F2D,6457671469,0x180E83F2D,0F05,true,true,false,true,42626,0xE7FD40,0xE871AC,29804,16877,0x41ED,false,true,syscall,2,,,0xE871AC,function_end,instruction_start,true,false,true,true
1205,.text,0x60000020,15218999,0xE83937,15222071,0xE84537,6457673015,0x180E84537,0F05,true,true,false,true,42626,0xE7FD40,0xE871AC,29804,18423,0x47F7,false,true,syscall,2,,,0xE871AC,function_end,instruction_start,true,false,true,true
1206,.text,0x60000020,15220565,0xE83F55,15223637,0xE84B55,6457674581,0x180E84B55,0F05,true,true,false,true,42626,0xE7FD40,0xE871AC,29804,19989,0x4E15,false,true,syscall,2,,,0xE871AC,function_end,instruction_start,true,false,true,true
1207,.text,0x60000020,15221085,0xE8415D,15224157,0xE84D5D,6457675101,0x180E84D5D,0F05,true,true,false,true,42626,0xE7FD40,0xE871AC,29804,20509,0x501D,false,true,syscall,2,,,0xE871AC,function_end,instruction_start,true,false,true,true
1208,.text,0x60000020,15223549,0xE84AFD,15226621,0xE856FD,6457677565,0x180E856FD,0F05,true,true,false,true,42626,0xE7FD40,0xE871AC,29804,22973,0x59BD,false,true,syscall,2,,,0xE871AC,function_end,instruction_start,true,false,true,true
1209,.text,0x60000020,15224255,0xE84DBF,15227327,0xE859BF,6457678271,0x180E859BF,0F05,true,true,false,true,42626,0xE7FD40,0xE871AC,29804,23679,0x5C7F,false,true,syscall,2,,,0xE871AC,function_end,instruction_start,true,false,true,true
1210,.text,0x60000020,15225548,0xE852CC,15228620,0xE85ECC,6457679564,0x180E85ECC,0F05,true,true,false,true,42626,0xE7FD40,0xE871AC,29804,24972,0x618C,true,true,syscall,2,,,0xE871AC,function_end,instruction_start,true,false,true,true
1211,.text,0x60000020,15226769,0xE85791,15229841,0xE86391,6457680785,0x180E86391,0F05,true,true,false,true,42626,0xE7FD40,0xE871AC,29804,26193,0x6651,false,true,syscall,2,,,0xE871AC,function_end,instruction_start,true,false,true,true
1212,.text,0x60000020,15228868,0xE85FC4,15231940,0xE86BC4,6457682884,0x180E86BC4,0F05,true,true,false,true,42626,0xE7FD40,0xE871AC,29804,28292,0x6E84,true,true,syscall,2,,,0xE871AC,function_end,instruction_start,true,false,true,true
1213,.text,0x60000020,15229285,0xE86165,15232357,0xE86D65,6457683301,0x180E86D65,0F05,true,true,false,true,42626,0xE7FD40,0xE871AC,29804,28709,0x7025,false,true,syscall,2,,,0xE871AC,function_end,instruction_start,true,false,true,true
1214,.text,0x60000020,15262218,0xE8E20A,15265290,0xE8EE0A,6457716234,0x180E8EE0A,0F05,true,true,false,true,42636,0xE8E540,0xE956F2,29106,2250,0x8CA,false,true,syscall,2,,,0xE956F2,function_end,instruction_start,true,false,true,true
1215,.text,0x60000020,15263119,0xE8E58F,15266191,0xE8F18F,6457717135,0x180E8F18F,0F05,true,true,false,true,42636,0xE8E540,0xE956F2,29106,3151,0xC4F,false,true,syscall,2,,,0xE956F2,function_end,instruction_start,true,false,true,true
1216,.text,0x60000020,15263511,0xE8E717,15266583,0xE8F317,6457717527,0x180E8F317,0F05,true,true,false,true,42636,0xE8E540,0xE956F2,29106,3543,0xDD7,false,true,syscall,2,,,0xE956F2,function_end,instruction_start,true,false,true,true
1217,.text,0x60000020,15266659,0xE8F363,15269731,0xE8FF63,6457720675,0x180E8FF63,0F05,true,true,false,true,42636,0xE8E540,0xE956F2,29106,6691,0x1A23,false,true,syscall,2,,,0xE956F2,function_end,instruction_start,true,false,true,true
1218,.text,0x60000020,15267186,0xE8F572,15270258,0xE90172,6457721202,0x180E90172,0F05,true,true,false,true,42636,0xE8E540,0xE956F2,29106,7218,0x1C32,false,true,syscall,2,,,0xE956F2,function_end,instruction_start,true,false,true,true
1219,.text,0x60000020,15268520,0xE8FAA8,15271592,0xE906A8,6457722536,0x180E906A8,0F05,true,true,false,true,42636,0xE8E540,0xE956F2,29106,8552,0x2168,true,true,syscall,2,,,0xE956F2,function_end,instruction_start,true,false,true,true
1220,.text,0x60000020,15269313,0xE8FDC1,15272385,0xE909C1,6457723329,0x180E909C1,0F05,true,true,false,true,42636,0xE8E540,0xE956F2,29106,9345,0x2481,false,true,syscall,2,,,0xE956F2,function_end,instruction_start,true,false,true,true
1221,.text,0x60000020,15270184,0xE90128,15273256,0xE90D28,6457724200,0x180E90D28,0F05,true,true,false,true,42636,0xE8E540,0xE956F2,29106,10216,0x27E8,true,true,syscall,2,,,0xE956F2,function_end,instruction_start,true,false,true,true
1222,.text,0x60000020,15270899,0xE903F3,15273971,0xE90FF3,6457724915,0x180E90FF3,0F05,true,true,false,true,42636,0xE8E540,0xE956F2,29106,10931,0x2AB3,false,true,syscall,2,,,0xE956F2,function_end,instruction_start,true,false,true,true
1223,.text,0x60000020,15271849,0xE907A9,15274921,0xE913A9,6457725865,0x180E913A9,0F05,true,true,false,true,42636,0xE8E540,0xE956F2,29106,11881,0x2E69,false,true,syscall,2,,,0xE956F2,function_end,instruction_start,true,false,true,true
1224,.text,0x60000020,15273782,0xE90F36,15276854,0xE91B36,6457727798,0x180E91B36,0F05,true,true,false,true,42636,0xE8E540,0xE956F2,29106,13814,0x35F6,false,true,syscall,2,,,0xE956F2,function_end,instruction_start,true,false,true,true
1225,.text,0x60000020,15275536,0xE91610,15278608,0xE92210,6457729552,0x180E92210,0F05,true,true,false,true,42636,0xE8E540,0xE956F2,29106,15568,0x3CD0,true,true,syscall,2,,,0xE956F2,function_end,instruction_start,true,false,true,true
1226,.text,0x60000020,15276115,0xE91853,15279187,0xE92453,6457730131,0x180E92453,0F05,true,true,false,true,42636,0xE8E540,0xE956F2,29106,16147,0x3F13,false,true,syscall,2,,,0xE956F2,function_end,instruction_start,true,false,true,true
1227,.text,0x60000020,15277015,0xE91BD7,15280087,0xE927D7,6457731031,0x180E927D7,0F05,true,true,false,true,42636,0xE8E540,0xE956F2,29106,17047,0x4297,false,true,syscall,2,,,0xE956F2,function_end,instruction_start,true,false,true,true
1228,.text,0x60000020,15279199,0xE9245F,15282271,0xE9305F,6457733215,0x180E9305F,0F05,true,true,false,true,42636,0xE8E540,0xE956F2,29106,19231,0x4B1F,false,true,syscall,2,,,0xE956F2,function_end,instruction_start,true,false,true,true
1229,.text,0x60000020,15279475,0xE92573,15282547,0xE93173,6457733491,0x180E93173,0F05,true,true,false,true,42636,0xE8E540,0xE956F2,29106,19507,0x4C33,false,true,syscall,2,,,0xE956F2,function_end,instruction_start,true,false,true,true
1230,.text,0x60000020,15281801,0xE92E89,15284873,0xE93A89,6457735817,0x180E93A89,0F05,true,true,false,true,42636,0xE8E540,0xE956F2,29106,21833,0x5549,false,true,syscall,2,,,0xE956F2,function_end,instruction_start,true,false,true,true
1231,.text,0x60000020,15282445,0xE9310D,15285517,0xE93D0D,6457736461,0x180E93D0D,0F05,true,true,false,true,42636,0xE8E540,0xE956F2,29106,22477,0x57CD,false,true,syscall,2,,,0xE956F2,function_end,instruction_start,true,false,true,true
1232,.text,0x60000020,15283058,0xE93372,15286130,0xE93F72,6457737074,0x180E93F72,0F05,true,true,false,true,42636,0xE8E540,0xE956F2,29106,23090,0x5A32,false,true,syscall,2,,,0xE956F2,function_end,instruction_start,true,false,true,true
1233,.text,0x60000020,15283802,0xE9365A,15286874,0xE9425A,6457737818,0x180E9425A,0F05,true,true,false,true,42636,0xE8E540,0xE956F2,29106,23834,0x5D1A,false,true,syscall,2,,,0xE956F2,function_end,instruction_start,true,false,true,true
1234,.text,0x60000020,15284705,0xE939E1,15287777,0xE945E1,6457738721,0x180E945E1,0F05,true,true,false,true,42636,0xE8E540,0xE956F2,29106,24737,0x60A1,false,true,syscall,2,,,0xE956F2,function_end,instruction_start,true,false,true,true
1235,.text,0x60000020,15285695,0xE93DBF,15288767,0xE949BF,6457739711,0x180E949BF,0F05,true,true,false,true,42636,0xE8E540,0xE956F2,29106,25727,0x647F,false,true,syscall,2,,,0xE956F2,function_end,instruction_start,true,false,true,true
1236,.text,0x60000020,15286437,0xE940A5,15289509,0xE94CA5,6457740453,0x180E94CA5,0F05,true,true,false,true,42636,0xE8E540,0xE956F2,29106,26469,0x6765,false,true,syscall,2,,,0xE956F2,function_end,instruction_start,true,false,true,true
1237,.text,0x60000020,15288746,0xE949AA,15291818,0xE955AA,6457742762,0x180E955AA,0F05,true,true,false,true,42636,0xE8E540,0xE956F2,29106,28778,0x706A,false,true,syscall,2,,,0xE956F2,function_end,instruction_start,true,false,true,true
1238,.text,0x60000020,15444789,0xEBAB35,15447861,0xEBB735,6457898805,0x180EBB735,0F05,true,true,false,true,42700,0xEBB720,0xEBB76D,77,21,0x15,false,true,,0,0xEBB732,"movabs rdi, 0x167162b30d050ff0",0xEBB76D,function_end,covered_by_instruction,false,true,false,false
1239,.text,0x60000020,15529642,0xECF6AA,15532714,0xED02AA,6457983658,0x180ED02AA,0F05,true,true,false,true,42882,0xECF2F0,0xED279F,13487,4026,0xFBA,false,true,syscall,2,,,0xED279F,function_end,instruction_start,true,false,true,true
1240,.text,0x60000020,15531007,0xECFBFF,15534079,0xED07FF,6457985023,0x180ED07FF,0F05,true,true,false,true,42882,0xECF2F0,0xED279F,13487,5391,0x150F,false,true,syscall,2,,,0xED279F,function_end,instruction_start,true,false,true,true
1241,.text,0x60000020,15532273,0xED00F1,15535345,0xED0CF1,6457986289,0x180ED0CF1,0F05,true,true,false,true,42882,0xECF2F0,0xED279F,13487,6657,0x1A01,false,true,syscall,2,,,0xED279F,function_end,instruction_start,true,false,true,true
1242,.text,0x60000020,15532930,0xED0382,15536002,0xED0F82,6457986946,0x180ED0F82,0F05,true,true,false,true,42882,0xECF2F0,0xED279F,13487,7314,0x1C92,false,true,syscall,2,,,0xED279F,function_end,instruction_start,true,false,true,true
1243,.text,0x60000020,15534233,0xED0899,15537305,0xED1499,6457988249,0x180ED1499,0F05,true,true,false,true,42882,0xECF2F0,0xED279F,13487,8617,0x21A9,false,true,syscall,2,,,0xED279F,function_end,instruction_start,true,false,true,true
1244,.text,0x60000020,15535142,0xED0C26,15538214,0xED1826,6457989158,0x180ED1826,0F05,true,true,false,true,42882,0xECF2F0,0xED279F,13487,9526,0x2536,false,true,syscall,2,,,0xED279F,function_end,instruction_start,true,false,true,true
1245,.text,0x60000020,15537385,0xED14E9,15540457,0xED20E9,6457991401,0x180ED20E9,0F05,true,true,false,true,42882,0xECF2F0,0xED279F,13487,11769,0x2DF9,false,true,syscall,2,,,0xED279F,function_end,instruction_start,true,false,true,true
1246,.text,0x60000020,15538153,0xED17E9,15541225,0xED23E9,6457992169,0x180ED23E9,0F05,true,true,false,true,42882,0xECF2F0,0xED279F,13487,12537,0x30F9,false,true,syscall,2,,,0xED279F,function_end,instruction_start,true,false,true,true
1247,.text,0x60000020,15569829,0xED93A5,15572901,0xED9FA5,6458023845,0x180ED9FA5,0F05,true,true,false,true,42927,0xED9F60,0xEDA037,215,69,0x45,false,true,,0,0xED9FA2,"mov rcx, qword ptr [rip + 0x22c050f]",0xEDA037,function_end,covered_by_instruction,false,true,false,false
1248,.text,0x60000020,15604858,0xEE1C7A,15607930,0xEE287A,6458058874,0x180EE287A,0F05,true,true,false,true,42976,0xEE2700,0xEE3DC2,5826,378,0x17A,false,true,syscall,2,,,0xEE3DC2,function_end,instruction_start,true,false,true,true
1249,.text,0x60000020,15605454,0xEE1ECE,15608526,0xEE2ACE,6458059470,0x180EE2ACE,0F05,true,true,false,true,42976,0xEE2700,0xEE3DC2,5826,974,0x3CE,false,true,syscall,2,,,0xEE3DC2,function_end,instruction_start,true,false,true,true
1250,.text,0x60000020,15606204,0xEE21BC,15609276,0xEE2DBC,6458060220,0x180EE2DBC,0F05,true,true,false,true,42976,0xEE2700,0xEE3DC2,5826,1724,0x6BC,true,true,syscall,2,,,0xEE3DC2,function_end,instruction_start,true,false,true,true
1251,.text,0x60000020,15606884,0xEE2464,15609956,0xEE3064,6458060900,0x180EE3064,0F05,true,true,false,true,42976,0xEE2700,0xEE3DC2,5826,2404,0x964,true,true,syscall,2,,,0xEE3DC2,function_end,instruction_start,true,false,true,true
1252,.text,0x60000020,15607346,0xEE2632,15610418,0xEE3232,6458061362,0x180EE3232,0F05,true,true,false,true,42976,0xEE2700,0xEE3DC2,5826,2866,0xB32,false,true,syscall,2,,,0xEE3DC2,function_end,instruction_start,true,false,true,true
1253,.text,0x60000020,15608357,0xEE2A25,15611429,0xEE3625,6458062373,0x180EE3625,0F05,true,true,false,true,42976,0xEE2700,0xEE3DC2,5826,3877,0xF25,false,true,syscall,2,,,0xEE3DC2,function_end,instruction_start,true,false,true,true
1254,.text,0x60000020,15609292,0xEE2DCC,15612364,0xEE39CC,6458063308,0x180EE39CC,0F05,true,true,false,true,42976,0xEE2700,0xEE3DC2,5826,4812,0x12CC,true,true,syscall,2,,,0xEE3DC2,function_end,instruction_start,true,false,true,true
1255,.text,0x60000020,15609679,0xEE2F4F,15612751,0xEE3B4F,6458063695,0x180EE3B4F,0F05,true,true,false,true,42976,0xEE2700,0xEE3DC2,5826,5199,0x144F,false,true,syscall,2,,,0xEE3DC2,function_end,instruction_start,true,false,true,true
1256,.text,0x60000020,15634991,0xEE922F,15638063,0xEE9E2F,6458089007,0x180EE9E2F,0F05,true,true,false,true,43045,0xEE9830,0xEECA95,12901,1535,0x5FF,false,true,syscall,2,,,0xEECA95,function_end,instruction_start,true,false,true,true
1257,.text,0x60000020,15640066,0xEEA602,15643138,0xEEB202,6458094082,0x180EEB202,0F05,true,true,false,true,43045,0xEE9830,0xEECA95,12901,6610,0x19D2,false,true,syscall,2,,,0xEECA95,function_end,instruction_start,true,false,true,true
1258,.text,0x60000020,15642287,0xEEAEAF,15645359,0xEEBAAF,6458096303,0x180EEBAAF,0F05,true,true,false,true,43045,0xEE9830,0xEECA95,12901,8831,0x227F,false,true,syscall,2,,,0xEECA95,function_end,instruction_start,true,false,true,true
1259,.text,0x60000020,15643291,0xEEB29B,15646363,0xEEBE9B,6458097307,0x180EEBE9B,0F05,true,true,false,true,43045,0xEE9830,0xEECA95,12901,9835,0x266B,false,true,syscall,2,,,0xEECA95,function_end,instruction_start,true,false,true,true
1260,.text,0x60000020,15643848,0xEEB4C8,15646920,0xEEC0C8,6458097864,0x180EEC0C8,0F05,true,true,false,true,43045,0xEE9830,0xEECA95,12901,10392,0x2898,true,true,syscall,2,,,0xEECA95,function_end,instruction_start,true,false,true,true
1261,.text,0x60000020,15644523,0xEEB76B,15647595,0xEEC36B,6458098539,0x180EEC36B,0F05,true,true,false,true,43045,0xEE9830,0xEECA95,12901,11067,0x2B3B,false,true,syscall,2,,,0xEECA95,function_end,instruction_start,true,false,true,true
1262,.text,0x60000020,15645105,0xEEB9B1,15648177,0xEEC5B1,6458099121,0x180EEC5B1,0F05,true,true,false,true,43045,0xEE9830,0xEECA95,12901,11649,0x2D81,false,true,syscall,2,,,0xEECA95,function_end,instruction_start,true,false,true,true
1263,.text,0x60000020,15646241,0xEEBE21,15649313,0xEECA21,6458100257,0x180EECA21,0F05,true,true,false,true,43045,0xEE9830,0xEECA95,12901,12785,0x31F1,false,true,syscall,2,,,0xEECA95,function_end,instruction_start,true,false,true,true
1264,.text,0x60000020,15648854,0xEEC856,15651926,0xEED456,6458102870,0x180EED456,0F05,true,true,false,true,43053,0xEED000,0xEF34DA,25818,1110,0x456,false,true,syscall,2,,,0xEF34DA,function_end,instruction_start,true,false,true,true
1265,.text,0x60000020,15649648,0xEECB70,15652720,0xEED770,6458103664,0x180EED770,0F05,true,true,false,true,43053,0xEED000,0xEF34DA,25818,1904,0x770,true,true,syscall,2,,,0xEF34DA,function_end,instruction_start,true,false,true,true
1266,.text,0x60000020,15654775,0xEEDF77,15657847,0xEEEB77,6458108791,0x180EEEB77,0F05,true,true,false,true,43053,0xEED000,0xEF34DA,25818,7031,0x1B77,false,true,syscall,2,,,0xEF34DA,function_end,instruction_start,true,false,true,true
1267,.text,0x60000020,15655772,0xEEE35C,15658844,0xEEEF5C,6458109788,0x180EEEF5C,0F05,true,true,false,true,43053,0xEED000,0xEF34DA,25818,8028,0x1F5C,true,true,syscall,2,,,0xEF34DA,function_end,instruction_start,true,false,true,true
1268,.text,0x60000020,15656322,0xEEE582,15659394,0xEEF182,6458110338,0x180EEF182,0F05,true,true,false,true,43053,0xEED000,0xEF34DA,25818,8578,0x2182,false,true,syscall,2,,,0xEF34DA,function_end,instruction_start,true,false,true,true
1269,.text,0x60000020,15657035,0xEEE84B,15660107,0xEEF44B,6458111051,0x180EEF44B,0F05,true,true,false,true,43053,0xEED000,0xEF34DA,25818,9291,0x244B,false,true,syscall,2,,,0xEF34DA,function_end,instruction_start,true,false,true,true
1270,.text,0x60000020,15657484,0xEEEA0C,15660556,0xEEF60C,6458111500,0x180EEF60C,0F05,true,true,false,true,43053,0xEED000,0xEF34DA,25818,9740,0x260C,true,true,syscall,2,,,0xEF34DA,function_end,instruction_start,true,false,true,true
1271,.text,0x60000020,15663549,0xEF01BD,15666621,0xEF0DBD,6458117565,0x180EF0DBD,0F05,true,true,false,true,43053,0xEED000,0xEF34DA,25818,15805,0x3DBD,false,true,syscall,2,,,0xEF34DA,function_end,instruction_start,true,false,true,true
1272,.text,0x60000020,15665985,0xEF0B41,15669057,0xEF1741,6458120001,0x180EF1741,0F05,true,true,false,true,43053,0xEED000,0xEF34DA,25818,18241,0x4741,false,true,syscall,2,,,0xEF34DA,function_end,instruction_start,true,false,true,true
1273,.text,0x60000020,15666389,0xEF0CD5,15669461,0xEF18D5,6458120405,0x180EF18D5,0F05,true,true,false,true,43053,0xEED000,0xEF34DA,25818,18645,0x48D5,false,true,syscall,2,,,0xEF34DA,function_end,instruction_start,true,false,true,true
1274,.text,0x60000020,15667095,0xEF0F97,15670167,0xEF1B97,6458121111,0x180EF1B97,0F05,true,true,false,true,43053,0xEED000,0xEF34DA,25818,19351,0x4B97,false,true,syscall,2,,,0xEF34DA,function_end,instruction_start,true,false,true,true
1275,.text,0x60000020,15668343,0xEF1477,15671415,0xEF2077,6458122359,0x180EF2077,0F05,true,true,false,true,43053,0xEED000,0xEF34DA,25818,20599,0x5077,false,true,syscall,2,,,0xEF34DA,function_end,instruction_start,true,false,true,true
1276,.text,0x60000020,15670188,0xEF1BAC,15673260,0xEF27AC,6458124204,0x180EF27AC,0F05,true,true,false,true,43053,0xEED000,0xEF34DA,25818,22444,0x57AC,true,true,syscall,2,,,0xEF34DA,function_end,instruction_start,true,false,true,true
1277,.text,0x60000020,15671900,0xEF225C,15674972,0xEF2E5C,6458125916,0x180EF2E5C,0F05,true,true,false,true,43053,0xEED000,0xEF34DA,25818,24156,0x5E5C,true,true,syscall,2,,,0xEF34DA,function_end,instruction_start,true,false,true,true
1278,.text,0x60000020,15672364,0xEF242C,15675436,0xEF302C,6458126380,0x180EF302C,0F05,true,true,false,true,43053,0xEED000,0xEF34DA,25818,24620,0x602C,true,true,syscall,2,,,0xEF34DA,function_end,instruction_start,true,false,true,true
1279,.text,0x60000020,15673354,0xEF280A,15676426,0xEF340A,6458127370,0x180EF340A,0F05,true,true,false,true,43053,0xEED000,0xEF34DA,25818,25610,0x640A,false,true,syscall,2,,,0xEF34DA,function_end,instruction_start,true,false,true,true
1280,.text,0x60000020,15675959,0xEF3237,15679031,0xEF3E37,6458129975,0x180EF3E37,0F05,true,true,false,true,43061,0xEF3A80,0xEF6E4D,13261,951,0x3B7,false,true,syscall,2,,,0xEF6E4D,function_end,instruction_start,true,false,true,true
1281,.text,0x60000020,15676755,0xEF3553,15679827,0xEF4153,6458130771,0x180EF4153,0F05,true,true,false,true,43061,0xEF3A80,0xEF6E4D,13261,1747,0x6D3,false,true,syscall,2,,,0xEF6E4D,function_end,instruction_start,true,false,true,true
1282,.text,0x60000020,15677958,0xEF3A06,15681030,0xEF4606,6458131974,0x180EF4606,0F05,true,true,false,true,43061,0xEF3A80,0xEF6E4D,13261,2950,0xB86,false,true,syscall,2,,,0xEF6E4D,function_end,instruction_start,true,false,true,true
1283,.text,0x60000020,15678958,0xEF3DEE,15682030,0xEF49EE,6458132974,0x180EF49EE,0F05,true,true,false,true,43061,0xEF3A80,0xEF6E4D,13261,3950,0xF6E,false,true,syscall,2,,,0xEF6E4D,function_end,instruction_start,true,false,true,true
1284,.text,0x60000020,15681278,0xEF46FE,15684350,0xEF52FE,6458135294,0x180EF52FE,0F05,true,true,false,true,43061,0xEF3A80,0xEF6E4D,13261,6270,0x187E,false,true,syscall,2,,,0xEF6E4D,function_end,instruction_start,true,false,true,true
1285,.text,0x60000020,15682566,0xEF4C06,15685638,0xEF5806,6458136582,0x180EF5806,0F05,true,true,false,true,43061,0xEF3A80,0xEF6E4D,13261,7558,0x1D86,false,true,syscall,2,,,0xEF6E4D,function_end,instruction_start,true,false,true,true
1286,.text,0x60000020,15686181,0xEF5A25,15689253,0xEF6625,6458140197,0x180EF6625,0F05,true,true,false,true,43061,0xEF3A80,0xEF6E4D,13261,11173,0x2BA5,false,true,syscall,2,,,0xEF6E4D,function_end,instruction_start,true,false,true,true
1287,.text,0x60000020,15688130,0xEF61C2,15691202,0xEF6DC2,6458142146,0x180EF6DC2,0F05,true,true,false,true,43061,0xEF3A80,0xEF6E4D,13261,13122,0x3342,false,true,syscall,2,,,0xEF6E4D,function_end,instruction_start,true,false,true,true
1288,.text,0x60000020,15690116,0xEF6984,15693188,0xEF7584,6458144132,0x180EF7584,0F05,true,true,false,false,,,,,,,false,false,,0,,,,no_pdata_function,no_pdata_function,false,true,false,false
1289,.text,0x60000020,15748181,0xF04C55,15751253,0xF05855,6458202197,0x180F05855,0F05,true,true,false,false,,,,,,,false,false,,0,,,,no_pdata_function,no_pdata_function,false,true,false,false
1290,.text,0x60000020,16144153,0xF65719,16147225,0xF66319,6458598169,0x180F66319,0F05,true,true,false,true,44103,0xF660F0,0xF68BC0,10960,553,0x229,false,true,syscall,2,,,0xF68BC0,function_end,instruction_start,true,false,true,true
1291,.text,0x60000020,16148063,0xF6665F,16151135,0xF6725F,6458602079,0x180F6725F,0F05,true,true,false,true,44103,0xF660F0,0xF68BC0,10960,4463,0x116F,false,true,syscall,2,,,0xF68BC0,function_end,instruction_start,true,false,true,true
1292,.text,0x60000020,16148524,0xF6682C,16151596,0xF6742C,6458602540,0x180F6742C,0F05,true,true,false,true,44103,0xF660F0,0xF68BC0,10960,4924,0x133C,true,true,syscall,2,,,0xF68BC0,function_end,instruction_start,true,false,true,true
1293,.text,0x60000020,16150098,0xF66E52,16153170,0xF67A52,6458604114,0x180F67A52,0F05,true,true,false,true,44103,0xF660F0,0xF68BC0,10960,6498,0x1962,false,true,syscall,2,,,0xF68BC0,function_end,instruction_start,true,false,true,true
1294,.text,0x60000020,16150769,0xF670F1,16153841,0xF67CF1,6458604785,0x180F67CF1,0F05,true,true,false,true,44103,0xF660F0,0xF68BC0,10960,7169,0x1C01,false,true,syscall,2,,,0xF68BC0,function_end,instruction_start,true,false,true,true
1295,.text,0x60000020,16152076,0xF6760C,16155148,0xF6820C,6458606092,0x180F6820C,0F05,true,true,false,true,44103,0xF660F0,0xF68BC0,10960,8476,0x211C,true,true,syscall,2,,,0xF68BC0,function_end,instruction_start,true,false,true,true
1296,.text,0x60000020,16153090,0xF67A02,16156162,0xF68602,6458607106,0x180F68602,0F05,true,true,false,true,44103,0xF660F0,0xF68BC0,10960,9490,0x2512,false,true,syscall,2,,,0xF68BC0,function_end,instruction_start,true,false,true,true
1297,.text,0x60000020,16154062,0xF67DCE,16157134,0xF689CE,6458608078,0x180F689CE,0F05,true,true,false,true,44103,0xF660F0,0xF68BC0,10960,10462,0x28DE,false,true,syscall,2,,,0xF68BC0,function_end,instruction_start,true,false,true,true
1298,.text,0x60000020,16167369,0xF6B1C9,16170441,0xF6BDC9,6458621385,0x180F6BDC9,0F05,true,true,false,true,44137,0xF6B440,0xF6DD19,10457,2441,0x989,false,true,syscall,2,,,0xF6DD19,function_end,instruction_start,true,false,true,true
1299,.text,0x60000020,16168409,0xF6B5D9,16171481,0xF6C1D9,6458622425,0x180F6C1D9,0F05,true,true,false,true,44137,0xF6B440,0xF6DD19,10457,3481,0xD99,false,true,syscall,2,,,0xF6DD19,function_end,instruction_start,true,false,true,true
1300,.text,0x60000020,16169257,0xF6B929,16172329,0xF6C529,6458623273,0x180F6C529,0F05,true,true,false,true,44137,0xF6B440,0xF6DD19,10457,4329,0x10E9,false,true,syscall,2,,,0xF6DD19,function_end,instruction_start,true,false,true,true
1301,.text,0x60000020,16170496,0xF6BE00,16173568,0xF6CA00,6458624512,0x180F6CA00,0F05,true,true,false,true,44137,0xF6B440,0xF6DD19,10457,5568,0x15C0,true,true,syscall,2,,,0xF6DD19,function_end,instruction_start,true,false,true,true
1302,.text,0x60000020,16171626,0xF6C26A,16174698,0xF6CE6A,6458625642,0x180F6CE6A,0F05,true,true,false,true,44137,0xF6B440,0xF6DD19,10457,6698,0x1A2A,false,true,syscall,2,,,0xF6DD19,function_end,instruction_start,true,false,true,true
1303,.text,0x60000020,16173147,0xF6C85B,16176219,0xF6D45B,6458627163,0x180F6D45B,0F05,true,true,false,true,44137,0xF6B440,0xF6DD19,10457,8219,0x201B,false,true,syscall,2,,,0xF6DD19,function_end,instruction_start,true,false,true,true
1304,.text,0x60000020,16173791,0xF6CADF,16176863,0xF6D6DF,6458627807,0x180F6D6DF,0F05,true,true,false,true,44137,0xF6B440,0xF6DD19,10457,8863,0x229F,false,true,syscall,2,,,0xF6DD19,function_end,instruction_start,true,false,true,true
1305,.text,0x60000020,16174518,0xF6CDB6,16177590,0xF6D9B6,6458628534,0x180F6D9B6,0F05,true,true,false,true,44137,0xF6B440,0xF6DD19,10457,9590,0x2576,false,true,syscall,2,,,0xF6DD19,function_end,instruction_start,true,false,true,true
1306,.text,0x60000020,16260546,0xF81DC2,16263618,0xF829C2,6458714562,0x180F829C2,0F05,true,true,false,false,,,,,,,false,false,,0,,,,no_pdata_function,no_pdata_function,false,true,false,false
1307,.text,0x60000020,16429843,0xFAB313,16432915,0xFABF13,6458883859,0x180FABF13,0F05,true,true,false,true,48007,0xFABE80,0xFABF66,230,147,0x93,false,true,,0,0xFABF11,"cmp byte ptr [rdi + 0xf], 5",0xFABF66,function_end,covered_by_instruction,false,true,false,false
1308,.text,0x60000020,16584048,0xFD0D70,16587120,0xFD1970,6459038064,0x180FD1970,0F05,true,true,false,true,48034,0xFD1260,0x100C966,243462,1808,0x710,true,true,syscall,2,,,0x100C966,function_end,instruction_start,true,false,true,true
1309,.text,0x60000020,16586082,0xFD1562,16589154,0xFD2162,6459040098,0x180FD2162,0F05,true,true,false,true,48034,0xFD1260,0x100C966,243462,3842,0xF02,false,true,syscall,2,,,0x100C966,function_end,instruction_start,true,false,true,true
1310,.text,0x60000020,16592592,0xFD2ED0,16595664,0xFD3AD0,6459046608,0x180FD3AD0,0F05,true,true,false,true,48034,0xFD1260,0x100C966,243462,10352,0x2870,true,true,syscall,2,,,0x100C966,function_end,instruction_start,true,false,true,true
1311,.text,0x60000020,16599886,0xFD4B4E,16602958,0xFD574E,6459053902,0x180FD574E,0F05,true,true,false,true,48034,0xFD1260,0x100C966,243462,17646,0x44EE,false,true,syscall,2,,,0x100C966,function_end,instruction_start,true,false,true,true
1312,.text,0x60000020,16601899,0xFD532B,16604971,0xFD5F2B,6459055915,0x180FD5F2B,0F05,true,true,false,true,48034,0xFD1260,0x100C966,243462,19659,0x4CCB,false,true,syscall,2,,,0x100C966,function_end,instruction_start,true,false,true,true
1313,.text,0x60000020,16603861,0xFD5AD5,16606933,0xFD66D5,6459057877,0x180FD66D5,0F05,true,true,false,true,48034,0xFD1260,0x100C966,243462,21621,0x5475,false,true,syscall,2,,,0x100C966,function_end,instruction_start,true,false,true,true
1314,.text,0x60000020,16606779,0xFD663B,16609851,0xFD723B,6459060795,0x180FD723B,0F05,true,true,false,true,48034,0xFD1260,0x100C966,243462,24539,0x5FDB,false,true,syscall,2,,,0x100C966,function_end,instruction_start,true,false,true,true
1315,.text,0x60000020,16607639,0xFD6997,16610711,0xFD7597,6459061655,0x180FD7597,0F05,true,true,false,true,48034,0xFD1260,0x100C966,243462,25399,0x6337,false,true,syscall,2,,,0x100C966,function_end,instruction_start,true,false,true,true
1316,.text,0x60000020,16612827,0xFD7DDB,16615899,0xFD89DB,6459066843,0x180FD89DB,0F05,true,true,false,true,48034,0xFD1260,0x100C966,243462,30587,0x777B,false,true,syscall,2,,,0x100C966,function_end,instruction_start,true,false,true,true
1317,.text,0x60000020,16616554,0xFD8C6A,16619626,0xFD986A,6459070570,0x180FD986A,0F05,true,true,false,true,48034,0xFD1260,0x100C966,243462,34314,0x860A,false,true,syscall,2,,,0x100C966,function_end,instruction_start,true,false,true,true
1318,.text,0x60000020,16630180,0xFDC1A4,16633252,0xFDCDA4,6459084196,0x180FDCDA4,0F05,true,true,false,true,48034,0xFD1260,0x100C966,243462,47940,0xBB44,true,true,syscall,2,,,0x100C966,function_end,instruction_start,true,false,true,true
1319,.text,0x60000020,16635848,0xFDD7C8,16638920,0xFDE3C8,6459089864,0x180FDE3C8,0F05,true,true,false,true,48034,0xFD1260,0x100C966,243462,53608,0xD168,true,true,syscall,2,,,0x100C966,function_end,instruction_start,true,false,true,true
1320,.text,0x60000020,16637939,0xFDDFF3,16641011,0xFDEBF3,6459091955,0x180FDEBF3,0F05,true,true,false,true,48034,0xFD1260,0x100C966,243462,55699,0xD993,false,true,syscall,2,,,0x100C966,function_end,instruction_start,true,false,true,true
1321,.text,0x60000020,16640769,0xFDEB01,16643841,0xFDF701,6459094785,0x180FDF701,0F05,true,true,false,true,48034,0xFD1260,0x100C966,243462,58529,0xE4A1,false,true,syscall,2,,,0x100C966,function_end,instruction_start,true,false,true,true
1322,.text,0x60000020,16641280,0xFDED00,16644352,0xFDF900,6459095296,0x180FDF900,0F05,true,true,false,true,48034,0xFD1260,0x100C966,243462,59040,0xE6A0,true,true,syscall,2,,,0x100C966,function_end,instruction_start,true,false,true,true
1323,.text,0x60000020,16652324,0xFE1824,16655396,0xFE2424,6459106340,0x180FE2424,0F05,true,true,false,true,48034,0xFD1260,0x100C966,243462,70084,0x111C4,true,true,syscall,2,,,0x100C966,function_end,instruction_start,true,false,true,true
1324,.text,0x60000020,16674644,0xFE6F54,16677716,0xFE7B54,6459128660,0x180FE7B54,0F05,true,true,false,true,48034,0xFD1260,0x100C966,243462,92404,0x168F4,true,true,syscall,2,,,0x100C966,function_end,instruction_start,true,false,true,true
1325,.text,0x60000020,16683717,0xFE92C5,16686789,0xFE9EC5,6459137733,0x180FE9EC5,0F05,true,true,false,true,48034,0xFD1260,0x100C966,243462,101477,0x18C65,false,true,syscall,2,,,0x100C966,function_end,instruction_start,true,false,true,true
1326,.text,0x60000020,16685662,0xFE9A5E,16688734,0xFEA65E,6459139678,0x180FEA65E,0F05,true,true,false,true,48034,0xFD1260,0x100C966,243462,103422,0x193FE,false,true,syscall,2,,,0x100C966,function_end,instruction_start,true,false,true,true
1327,.text,0x60000020,16689725,0xFEAA3D,16692797,0xFEB63D,6459143741,0x180FEB63D,0F05,true,true,false,true,48034,0xFD1260,0x100C966,243462,107485,0x1A3DD,false,true,syscall,2,,,0x100C966,function_end,instruction_start,true,false,true,true
1328,.text,0x60000020,16692073,0xFEB369,16695145,0xFEBF69,6459146089,0x180FEBF69,0F05,true,true,false,true,48034,0xFD1260,0x100C966,243462,109833,0x1AD09,false,true,syscall,2,,,0x100C966,function_end,instruction_start,true,false,true,true
1329,.text,0x60000020,16695809,0xFEC201,16698881,0xFECE01,6459149825,0x180FECE01,0F05,true,true,false,true,48034,0xFD1260,0x100C966,243462,113569,0x1BBA1,false,true,syscall,2,,,0x100C966,function_end,instruction_start,true,false,true,true
1330,.text,0x60000020,16697851,0xFEC9FB,16700923,0xFED5FB,6459151867,0x180FED5FB,0F05,true,true,false,true,48034,0xFD1260,0x100C966,243462,115611,0x1C39B,false,true,syscall,2,,,0x100C966,function_end,instruction_start,true,false,true,true
1331,.text,0x60000020,16701004,0xFED64C,16704076,0xFEE24C,6459155020,0x180FEE24C,0F05,true,true,false,true,48034,0xFD1260,0x100C966,243462,118764,0x1CFEC,true,true,syscall,2,,,0x100C966,function_end,instruction_start,true,false,true,true
1332,.text,0x60000020,16703226,0xFEDEFA,16706298,0xFEEAFA,6459157242,0x180FEEAFA,0F05,true,true,false,true,48034,0xFD1260,0x100C966,243462,120986,0x1D89A,false,true,syscall,2,,,0x100C966,function_end,instruction_start,true,false,true,true
1333,.text,0x60000020,16705987,0xFEE9C3,16709059,0xFEF5C3,6459160003,0x180FEF5C3,0F05,true,true,false,true,48034,0xFD1260,0x100C966,243462,123747,0x1E363,false,true,syscall,2,,,0x100C966,function_end,instruction_start,true,false,true,true
1334,.text,0x60000020,16706420,0xFEEB74,16709492,0xFEF774,6459160436,0x180FEF774,0F05,true,true,false,true,48034,0xFD1260,0x100C966,243462,124180,0x1E514,true,true,syscall,2,,,0x100C966,function_end,instruction_start,true,false,true,true
1335,.text,0x60000020,16710128,0xFEF9F0,16713200,0xFF05F0,6459164144,0x180FF05F0,0F05,true,true,false,true,48034,0xFD1260,0x100C966,243462,127888,0x1F390,true,true,syscall,2,,,0x100C966,function_end,instruction_start,true,false,true,true
1336,.text,0x60000020,16712003,0xFF0143,16715075,0xFF0D43,6459166019,0x180FF0D43,0F05,true,true,false,true,48034,0xFD1260,0x100C966,243462,129763,0x1FAE3,false,true,syscall,2,,,0x100C966,function_end,instruction_start,true,false,true,true
1337,.text,0x60000020,16722899,0xFF2BD3,16725971,0xFF37D3,6459176915,0x180FF37D3,0F05,true,true,false,true,48034,0xFD1260,0x100C966,243462,140659,0x22573,false,true,syscall,2,,,0x100C966,function_end,instruction_start,true,false,true,true
1338,.text,0x60000020,16723815,0xFF2F67,16726887,0xFF3B67,6459177831,0x180FF3B67,0F05,true,true,false,true,48034,0xFD1260,0x100C966,243462,141575,0x22907,false,true,syscall,2,,,0x100C966,function_end,instruction_start,true,false,true,true
1339,.text,0x60000020,16734567,0xFF5967,16737639,0xFF6567,6459188583,0x180FF6567,0F05,true,true,false,true,48034,0xFD1260,0x100C966,243462,152327,0x25307,false,true,syscall,2,,,0x100C966,function_end,instruction_start,true,false,true,true
1340,.text,0x60000020,16738062,0xFF670E,16741134,0xFF730E,6459192078,0x180FF730E,0F05,true,true,false,true,48034,0xFD1260,0x100C966,243462,155822,0x260AE,false,true,syscall,2,,,0x100C966,function_end,instruction_start,true,false,true,true
1341,.text,0x60000020,16739209,0xFF6B89,16742281,0xFF7789,6459193225,0x180FF7789,0F05,true,true,false,true,48034,0xFD1260,0x100C966,243462,156969,0x26529,false,true,syscall,2,,,0x100C966,function_end,instruction_start,true,false,true,true
1342,.text,0x60000020,16740781,0xFF71AD,16743853,0xFF7DAD,6459194797,0x180FF7DAD,0F05,true,true,false,true,48034,0xFD1260,0x100C966,243462,158541,0x26B4D,false,true,syscall,2,,,0x100C966,function_end,instruction_start,true,false,true,true
1343,.text,0x60000020,16741754,0xFF757A,16744826,0xFF817A,6459195770,0x180FF817A,0F05,true,true,false,true,48034,0xFD1260,0x100C966,243462,159514,0x26F1A,false,true,syscall,2,,,0x100C966,function_end,instruction_start,true,false,true,true
1344,.text,0x60000020,16750699,0xFF986B,16753771,0xFFA46B,6459204715,0x180FFA46B,0F05,true,true,false,true,48034,0xFD1260,0x100C966,243462,168459,0x2920B,false,true,syscall,2,,,0x100C966,function_end,instruction_start,true,false,true,true
1345,.text,0x60000020,16768784,0xFFDF10,16771856,0xFFEB10,6459222800,0x180FFEB10,0F05,true,true,false,true,48034,0xFD1260,0x100C966,243462,186544,0x2D8B0,true,true,syscall,2,,,0x100C966,function_end,instruction_start,true,false,true,true
1346,.text,0x60000020,16772326,0xFFECE6,16775398,0xFFF8E6,6459226342,0x180FFF8E6,0F05,true,true,false,true,48034,0xFD1260,0x100C966,243462,190086,0x2E686,false,true,syscall,2,,,0x100C966,function_end,instruction_start,true,false,true,true
1347,.text,0x60000020,16778898,0x1000692,16781970,0x1001292,6459232914,0x181001292,0F05,true,true,false,true,48034,0xFD1260,0x100C966,243462,196658,0x30032,false,true,syscall,2,,,0x100C966,function_end,instruction_start,true,false,true,true
1348,.text,0x60000020,16779168,0x10007A0,16782240,0x10013A0,6459233184,0x1810013A0,0F05,true,true,false,true,48034,0xFD1260,0x100C966,243462,196928,0x30140,true,true,syscall,2,,,0x100C966,function_end,instruction_start,true,false,true,true
1349,.text,0x60000020,16781524,0x10010D4,16784596,0x1001CD4,6459235540,0x181001CD4,0F05,true,true,false,true,48034,0xFD1260,0x100C966,243462,199284,0x30A74,true,true,syscall,2,,,0x100C966,function_end,instruction_start,true,false,true,true
1350,.text,0x60000020,16784352,0x1001BE0,16787424,0x10027E0,6459238368,0x1810027E0,0F05,true,true,false,true,48034,0xFD1260,0x100C966,243462,202112,0x31580,true,true,,0,0x10027DE,call 0x53710,0x100C966,function_end,covered_by_instruction,false,true,false,false
1351,.text,0x60000020,16790327,0x1003337,16793399,0x1003F37,6459244343,0x181003F37,0F05,true,true,false,true,48034,0xFD1260,0x100C966,243462,208087,0x32CD7,false,true,syscall,2,,,0x100C966,function_end,instruction_start,true,false,true,true
1352,.text,0x60000020,16797832,0x1005088,16800904,0x1005C88,6459251848,0x181005C88,0F05,true,true,false,true,48034,0xFD1260,0x100C966,243462,215592,0x34A28,true,true,syscall,2,,,0x100C966,function_end,instruction_start,true,false,true,true
1353,.text,0x60000020,16799667,0x10057B3,16802739,0x10063B3,6459253683,0x1810063B3,0F05,true,true,false,true,48034,0xFD1260,0x100C966,243462,217427,0x35153,false,true,syscall,2,,,0x100C966,function_end,instruction_start,true,false,true,true
1354,.text,0x60000020,16802838,0x1006416,16805910,0x1007016,6459256854,0x181007016,0F05,true,true,false,true,48034,0xFD1260,0x100C966,243462,220598,0x35DB6,false,true,syscall,2,,,0x100C966,function_end,instruction_start,true,false,true,true
1355,.text,0x60000020,16814445,0x100916D,16817517,0x1009D6D,6459268461,0x181009D6D,0F05,true,true,false,true,48034,0xFD1260,0x100C966,243462,232205,0x38B0D,false,true,syscall,2,,,0x100C966,function_end,instruction_start,true,false,true,true
1356,.text,0x60000020,16814895,0x100932F,16817967,0x1009F2F,6459268911,0x181009F2F,0F05,true,true,false,true,48034,0xFD1260,0x100C966,243462,232655,0x38CCF,false,true,syscall,2,,,0x100C966,function_end,instruction_start,true,false,true,true
1357,.text,0x60000020,16828430,0x100C80E,16831502,0x100D40E,6459282446,0x18100D40E,0F05,true,true,false,true,48062,0x100D1A0,0x1014524,29572,622,0x26E,false,true,syscall,2,,,0x1014524,function_end,instruction_start,true,false,true,true
1358,.text,0x60000020,16828858,0x100C9BA,16831930,0x100D5BA,6459282874,0x18100D5BA,0F05,true,true,false,true,48062,0x100D1A0,0x1014524,29572,1050,0x41A,false,true,syscall,2,,,0x1014524,function_end,instruction_start,true,false,true,true
1359,.text,0x60000020,16829749,0x100CD35,16832821,0x100D935,6459283765,0x18100D935,0F05,true,true,false,true,48062,0x100D1A0,0x1014524,29572,1941,0x795,false,true,syscall,2,,,0x1014524,function_end,instruction_start,true,false,true,true
1360,.text,0x60000020,16830608,0x100D090,16833680,0x100DC90,6459284624,0x18100DC90,0F05,true,true,false,true,48062,0x100D1A0,0x1014524,29572,2800,0xAF0,true,true,syscall,2,,,0x1014524,function_end,instruction_start,true,false,true,true
1361,.text,0x60000020,16832599,0x100D857,16835671,0x100E457,6459286615,0x18100E457,0F05,true,true,false,true,48062,0x100D1A0,0x1014524,29572,4791,0x12B7,false,true,syscall,2,,,0x1014524,function_end,instruction_start,true,false,true,true
1362,.text,0x60000020,16832926,0x100D99E,16835998,0x100E59E,6459286942,0x18100E59E,0F05,true,true,false,true,48062,0x100D1A0,0x1014524,29572,5118,0x13FE,false,true,syscall,2,,,0x1014524,function_end,instruction_start,true,false,true,true
1363,.text,0x60000020,16833582,0x100DC2E,16836654,0x100E82E,6459287598,0x18100E82E,0F05,true,true,false,true,48062,0x100D1A0,0x1014524,29572,5774,0x168E,false,true,syscall,2,,,0x1014524,function_end,instruction_start,true,false,true,true
1364,.text,0x60000020,16834158,0x100DE6E,16837230,0x100EA6E,6459288174,0x18100EA6E,0F05,true,true,false,true,48062,0x100D1A0,0x1014524,29572,6350,0x18CE,false,true,syscall,2,,,0x1014524,function_end,instruction_start,true,false,true,true
1365,.text,0x60000020,16837098,0x100E9EA,16840170,0x100F5EA,6459291114,0x18100F5EA,0F05,true,true,false,true,48062,0x100D1A0,0x1014524,29572,9290,0x244A,false,true,syscall,2,,,0x1014524,function_end,instruction_start,true,false,true,true
1366,.text,0x60000020,16837577,0x100EBC9,16840649,0x100F7C9,6459291593,0x18100F7C9,0F05,true,true,false,true,48062,0x100D1A0,0x1014524,29572,9769,0x2629,false,true,syscall,2,,,0x1014524,function_end,instruction_start,true,false,true,true
1367,.text,0x60000020,16837954,0x100ED42,16841026,0x100F942,6459291970,0x18100F942,0F05,true,true,false,true,48062,0x100D1A0,0x1014524,29572,10146,0x27A2,false,true,syscall,2,,,0x1014524,function_end,instruction_start,true,false,true,true
1368,.text,0x60000020,16838482,0x100EF52,16841554,0x100FB52,6459292498,0x18100FB52,0F05,true,true,false,true,48062,0x100D1A0,0x1014524,29572,10674,0x29B2,false,true,syscall,2,,,0x1014524,function_end,instruction_start,true,false,true,true
1369,.text,0x60000020,16840088,0x100F598,16843160,0x1010198,6459294104,0x181010198,0F05,true,true,false,true,48062,0x100D1A0,0x1014524,29572,12280,0x2FF8,true,true,syscall,2,,,0x1014524,function_end,instruction_start,true,false,true,true
1370,.text,0x60000020,16840705,0x100F801,16843777,0x1010401,6459294721,0x181010401,0F05,true,true,false,true,48062,0x100D1A0,0x1014524,29572,12897,0x3261,false,true,syscall,2,,,0x1014524,function_end,instruction_start,true,false,true,true
1371,.text,0x60000020,16844980,0x10108B4,16848052,0x10114B4,6459298996,0x1810114B4,0F05,true,true,false,true,48062,0x100D1A0,0x1014524,29572,17172,0x4314,true,true,syscall,2,,,0x1014524,function_end,instruction_start,true,false,true,true
1372,.text,0x60000020,16847034,0x10110BA,16850106,0x1011CBA,6459301050,0x181011CBA,0F05,true,true,false,true,48062,0x100D1A0,0x1014524,29572,19226,0x4B1A,false,true,syscall,2,,,0x1014524,function_end,instruction_start,true,false,true,true
1373,.text,0x60000020,16848338,0x10115D2,16851410,0x10121D2,6459302354,0x1810121D2,0F05,true,true,false,true,48062,0x100D1A0,0x1014524,29572,20530,0x5032,false,true,syscall,2,,,0x1014524,function_end,instruction_start,true,false,true,true
1374,.text,0x60000020,16848890,0x10117FA,16851962,0x10123FA,6459302906,0x1810123FA,0F05,true,true,false,true,48062,0x100D1A0,0x1014524,29572,21082,0x525A,false,true,syscall,2,,,0x1014524,function_end,instruction_start,true,false,true,true
1375,.text,0x60000020,16849846,0x1011BB6,16852918,0x10127B6,6459303862,0x1810127B6,0F05,true,true,false,true,48062,0x100D1A0,0x1014524,29572,22038,0x5616,false,true,syscall,2,,,0x1014524,function_end,instruction_start,true,false,true,true
1376,.text,0x60000020,16850978,0x1012022,16854050,0x1012C22,6459304994,0x181012C22,0F05,true,true,false,true,48062,0x100D1A0,0x1014524,29572,23170,0x5A82,false,true,syscall,2,,,0x1014524,function_end,instruction_start,true,false,true,true
1377,.text,0x60000020,16851254,0x1012136,16854326,0x1012D36,6459305270,0x181012D36,0F05,true,true,false,true,48062,0x100D1A0,0x1014524,29572,23446,0x5B96,false,true,syscall,2,,,0x1014524,function_end,instruction_start,true,false,true,true
1378,.text,0x60000020,16851641,0x10122B9,16854713,0x1012EB9,6459305657,0x181012EB9,0F05,true,true,false,true,48062,0x100D1A0,0x1014524,29572,23833,0x5D19,false,true,syscall,2,,,0x1014524,function_end,instruction_start,true,false,true,true
1379,.text,0x60000020,16854208,0x1012CC0,16857280,0x10138C0,6459308224,0x1810138C0,0F05,true,true,false,true,48062,0x100D1A0,0x1014524,29572,26400,0x6720,true,true,syscall,2,,,0x1014524,function_end,instruction_start,true,false,true,true
1380,.text,0x60000020,16856000,0x10133C0,16859072,0x1013FC0,6459310016,0x181013FC0,0F05,true,true,false,true,48062,0x100D1A0,0x1014524,29572,28192,0x6E20,true,true,syscall,2,,,0x1014524,function_end,instruction_start,true,false,true,true
1381,.text,0x60000020,16858622,0x1013DFE,16861694,0x10149FE,6459312638,0x1810149FE,0F05,true,true,false,true,48064,0x1014550,0x101B9AD,29789,1198,0x4AE,false,true,syscall,2,,,0x101B9AD,function_end,instruction_start,true,false,true,true
1382,.text,0x60000020,16859754,0x101426A,16862826,0x1014E6A,6459313770,0x181014E6A,0F05,true,true,false,true,48064,0x1014550,0x101B9AD,29789,2330,0x91A,false,true,syscall,2,,,0x101B9AD,function_end,instruction_start,true,false,true,true
1383,.text,0x60000020,16861114,0x10147BA,16864186,0x10153BA,6459315130,0x1810153BA,0F05,true,true,false,true,48064,0x1014550,0x101B9AD,29789,3690,0xE6A,false,true,syscall,2,,,0x101B9AD,function_end,instruction_start,true,false,true,true
1384,.text,0x60000020,16861587,0x1014993,16864659,0x1015593,6459315603,0x181015593,0F05,true,true,false,true,48064,0x1014550,0x101B9AD,29789,4163,0x1043,false,true,syscall,2,,,0x101B9AD,function_end,instruction_start,true,false,true,true
1385,.text,0x60000020,16863535,0x101512F,16866607,0x1015D2F,6459317551,0x181015D2F,0F05,true,true,false,true,48064,0x1014550,0x101B9AD,29789,6111,0x17DF,false,true,syscall,2,,,0x101B9AD,function_end,instruction_start,true,false,true,true
1386,.text,0x60000020,16864130,0x1015382,16867202,0x1015F82,6459318146,0x181015F82,0F05,true,true,false,true,48064,0x1014550,0x101B9AD,29789,6706,0x1A32,false,true,syscall,2,,,0x101B9AD,function_end,instruction_start,true,false,true,true
1387,.text,0x60000020,16865455,0x10158AF,16868527,0x10164AF,6459319471,0x1810164AF,0F05,true,true,false,true,48064,0x1014550,0x101B9AD,29789,8031,0x1F5F,false,true,syscall,2,,,0x101B9AD,function_end,instruction_start,true,false,true,true
1388,.text,0x60000020,16865888,0x1015A60,16868960,0x1016660,6459319904,0x181016660,0F05,true,true,false,true,48064,0x1014550,0x101B9AD,29789,8464,0x2110,true,true,syscall,2,,,0x101B9AD,function_end,instruction_start,true,false,true,true
1389,.text,0x60000020,16867242,0x1015FAA,16870314,0x1016BAA,6459321258,0x181016BAA,0F05,true,true,false,true,48064,0x1014550,0x101B9AD,29789,9818,0x265A,false,true,syscall,2,,,0x101B9AD,function_end,instruction_start,true,false,true,true
1390,.text,0x60000020,16867616,0x1016120,16870688,0x1016D20,6459321632,0x181016D20,0F05,true,true,false,true,48064,0x1014550,0x101B9AD,29789,10192,0x27D0,true,true,syscall,2,,,0x101B9AD,function_end,instruction_start,true,false,true,true
1391,.text,0x60000020,16868027,0x10162BB,16871099,0x1016EBB,6459322043,0x181016EBB,0F05,true,true,false,true,48064,0x1014550,0x101B9AD,29789,10603,0x296B,false,true,syscall,2,,,0x101B9AD,function_end,instruction_start,true,false,true,true
1392,.text,0x60000020,16868397,0x101642D,16871469,0x101702D,6459322413,0x18101702D,0F05,true,true,false,true,48064,0x1014550,0x101B9AD,29789,10973,0x2ADD,false,true,syscall,2,,,0x101B9AD,function_end,instruction_start,true,false,true,true
1393,.text,0x60000020,16870666,0x1016D0A,16873738,0x101790A,6459324682,0x18101790A,0F05,true,true,false,true,48064,0x1014550,0x101B9AD,29789,13242,0x33BA,false,true,syscall,2,,,0x101B9AD,function_end,instruction_start,true,false,true,true
1394,.text,0x60000020,16871345,0x1016FB1,16874417,0x1017BB1,6459325361,0x181017BB1,0F05,true,true,false,true,48064,0x1014550,0x101B9AD,29789,13921,0x3661,false,true,syscall,2,,,0x101B9AD,function_end,instruction_start,true,false,true,true
1395,.text,0x60000020,16871923,0x10171F3,16874995,0x1017DF3,6459325939,0x181017DF3,0F05,true,true,false,true,48064,0x1014550,0x101B9AD,29789,14499,0x38A3,false,true,syscall,2,,,0x101B9AD,function_end,instruction_start,true,false,true,true
1396,.text,0x60000020,16872444,0x10173FC,16875516,0x1017FFC,6459326460,0x181017FFC,0F05,true,true,false,true,48064,0x1014550,0x101B9AD,29789,15020,0x3AAC,true,true,syscall,2,,,0x101B9AD,function_end,instruction_start,true,false,true,true
1397,.text,0x60000020,16872986,0x101761A,16876058,0x101821A,6459327002,0x18101821A,0F05,true,true,false,true,48064,0x1014550,0x101B9AD,29789,15562,0x3CCA,false,true,syscall,2,,,0x101B9AD,function_end,instruction_start,true,false,true,true
1398,.text,0x60000020,16876432,0x1018390,16879504,0x1018F90,6459330448,0x181018F90,0F05,true,true,false,true,48064,0x1014550,0x101B9AD,29789,19008,0x4A40,true,true,syscall,2,,,0x101B9AD,function_end,instruction_start,true,false,true,true
1399,.text,0x60000020,16877434,0x101877A,16880506,0x101937A,6459331450,0x18101937A,0F05,true,true,false,true,48064,0x1014550,0x101B9AD,29789,20010,0x4E2A,false,true,syscall,2,,,0x101B9AD,function_end,instruction_start,true,false,true,true
1400,.text,0x60000020,16879857,0x10190F1,16882929,0x1019CF1,6459333873,0x181019CF1,0F05,true,true,false,true,48064,0x1014550,0x101B9AD,29789,22433,0x57A1,false,true,syscall,2,,,0x101B9AD,function_end,instruction_start,true,false,true,true
1401,.text,0x60000020,16881094,0x10195C6,16884166,0x101A1C6,6459335110,0x18101A1C6,0F05,true,true,false,true,48064,0x1014550,0x101B9AD,29789,23670,0x5C76,false,true,syscall,2,,,0x101B9AD,function_end,instruction_start,true,false,true,true
1402,.text,0x60000020,16882025,0x1019969,16885097,0x101A569,6459336041,0x18101A569,0F05,true,true,false,true,48064,0x1014550,0x101B9AD,29789,24601,0x6019,false,true,syscall,2,,,0x101B9AD,function_end,instruction_start,true,false,true,true
1403,.text,0x60000020,16883871,0x101A09F,16886943,0x101AC9F,6459337887,0x18101AC9F,0F05,true,true,false,true,48064,0x1014550,0x101B9AD,29789,26447,0x674F,false,true,syscall,2,,,0x101B9AD,function_end,instruction_start,true,false,true,true
1404,.text,0x60000020,16885424,0x101A6B0,16888496,0x101B2B0,6459339440,0x18101B2B0,0F05,true,true,false,true,48064,0x1014550,0x101B9AD,29789,28000,0x6D60,true,true,syscall,2,,,0x101B9AD,function_end,instruction_start,true,false,true,true
1405,.text,0x60000020,16891818,0x101BFAA,16894890,0x101CBAA,6459345834,0x18101CBAA,0F05,true,true,false,true,48074,0x101C990,0x1023A91,28929,538,0x21A,false,true,syscall,2,,,0x1023A91,function_end,instruction_start,true,false,true,true
1406,.text,0x60000020,16892869,0x101C3C5,16895941,0x101CFC5,6459346885,0x18101CFC5,0F05,true,true,false,true,48074,0x101C990,0x1023A91,28929,1589,0x635,false,true,syscall,2,,,0x1023A91,function_end,instruction_start,true,false,true,true
1407,.text,0x60000020,16893736,0x101C728,16896808,0x101D328,6459347752,0x18101D328,0F05,true,true,false,true,48074,0x101C990,0x1023A91,28929,2456,0x998,true,true,syscall,2,,,0x1023A91,function_end,instruction_start,true,false,true,true
1408,.text,0x60000020,16894187,0x101C8EB,16897259,0x101D4EB,6459348203,0x18101D4EB,0F05,true,true,false,true,48074,0x101C990,0x1023A91,28929,2907,0xB5B,false,true,syscall,2,,,0x1023A91,function_end,instruction_start,true,false,true,true
1409,.text,0x60000020,16895627,0x101CE8B,16898699,0x101DA8B,6459349643,0x18101DA8B,0F05,true,true,false,true,48074,0x101C990,0x1023A91,28929,4347,0x10FB,false,true,syscall,2,,,0x1023A91,function_end,instruction_start,true,false,true,true
1410,.text,0x60000020,16896639,0x101D27F,16899711,0x101DE7F,6459350655,0x18101DE7F,0F05,true,true,false,true,48074,0x101C990,0x1023A91,28929,5359,0x14EF,false,true,syscall,2,,,0x1023A91,function_end,instruction_start,true,false,true,true
1411,.text,0x60000020,16898221,0x101D8AD,16901293,0x101E4AD,6459352237,0x18101E4AD,0F05,true,true,false,true,48074,0x101C990,0x1023A91,28929,6941,0x1B1D,false,true,syscall,2,,,0x1023A91,function_end,instruction_start,true,false,true,true
1412,.text,0x60000020,16898832,0x101DB10,16901904,0x101E710,6459352848,0x18101E710,0F05,true,true,false,true,48074,0x101C990,0x1023A91,28929,7552,0x1D80,true,true,syscall,2,,,0x1023A91,function_end,instruction_start,true,false,true,true
1413,.text,0x60000020,16899237,0x101DCA5,16902309,0x101E8A5,6459353253,0x18101E8A5,0F05,true,true,false,true,48074,0x101C990,0x1023A91,28929,7957,0x1F15,false,true,syscall,2,,,0x1023A91,function_end,instruction_start,true,false,true,true
1414,.text,0x60000020,16901177,0x101E439,16904249,0x101F039,6459355193,0x18101F039,0F05,true,true,false,true,48074,0x101C990,0x1023A91,28929,9897,0x26A9,false,true,syscall,2,,,0x1023A91,function_end,instruction_start,true,false,true,true
1415,.text,0x60000020,16901561,0x101E5B9,16904633,0x101F1B9,6459355577,0x18101F1B9,0F05,true,true,false,true,48074,0x101C990,0x1023A91,28929,10281,0x2829,false,true,syscall,2,,,0x1023A91,function_end,instruction_start,true,false,true,true
1416,.text,0x60000020,16902117,0x101E7E5,16905189,0x101F3E5,6459356133,0x18101F3E5,0F05,true,true,false,true,48074,0x101C990,0x1023A91,28929,10837,0x2A55,false,true,syscall,2,,,0x1023A91,function_end,instruction_start,true,false,true,true
1417,.text,0x60000020,16902542,0x101E98E,16905614,0x101F58E,6459356558,0x18101F58E,0F05,true,true,false,true,48074,0x101C990,0x1023A91,28929,11262,0x2BFE,false,true,syscall,2,,,0x1023A91,function_end,instruction_start,true,false,true,true
1418,.text,0x60000020,16903996,0x101EF3C,16907068,0x101FB3C,6459358012,0x18101FB3C,0F05,true,true,false,true,48074,0x101C990,0x1023A91,28929,12716,0x31AC,true,true,syscall,2,,,0x1023A91,function_end,instruction_start,true,false,true,true
1419,.text,0x60000020,16904494,0x101F12E,16907566,0x101FD2E,6459358510,0x18101FD2E,0F05,true,true,false,true,48074,0x101C990,0x1023A91,28929,13214,0x339E,false,true,syscall,2,,,0x1023A91,function_end,instruction_start,true,false,true,true
1420,.text,0x60000020,16905135,0x101F3AF,16908207,0x101FFAF,6459359151,0x18101FFAF,0F05,true,true,false,true,48074,0x101C990,0x1023A91,28929,13855,0x361F,false,true,syscall,2,,,0x1023A91,function_end,instruction_start,true,false,true,true
1421,.text,0x60000020,16907124,0x101FB74,16910196,0x1020774,6459361140,0x181020774,0F05,true,true,false,true,48074,0x101C990,0x1023A91,28929,15844,0x3DE4,true,true,syscall,2,,,0x1023A91,function_end,instruction_start,true,false,true,true
1422,.text,0x60000020,16907634,0x101FD72,16910706,0x1020972,6459361650,0x181020972,0F05,true,true,false,true,48074,0x101C990,0x1023A91,28929,16354,0x3FE2,false,true,syscall,2,,,0x1023A91,function_end,instruction_start,true,false,true,true
1423,.text,0x60000020,16908497,0x10200D1,16911569,0x1020CD1,6459362513,0x181020CD1,0F05,true,true,false,true,48074,0x101C990,0x1023A91,28929,17217,0x4341,false,true,syscall,2,,,0x1023A91,function_end,instruction_start,true,false,true,true
1424,.text,0x60000020,16909790,0x10205DE,16912862,0x10211DE,6459363806,0x1810211DE,0F05,true,true,false,true,48074,0x101C990,0x1023A91,28929,18510,0x484E,false,true,syscall,2,,,0x1023A91,function_end,instruction_start,true,false,true,true
1425,.text,0x60000020,16911429,0x1020C45,16914501,0x1021845,6459365445,0x181021845,0F05,true,true,false,true,48074,0x101C990,0x1023A91,28929,20149,0x4EB5,false,true,syscall,2,,,0x1023A91,function_end,instruction_start,true,false,true,true
1426,.text,0x60000020,16916825,0x1022159,16919897,0x1022D59,6459370841,0x181022D59,0F05,true,true,false,true,48074,0x101C990,0x1023A91,28929,25545,0x63C9,false,true,syscall,2,,,0x1023A91,function_end,instruction_start,true,false,true,true
1427,.text,0x60000020,16918021,0x1022605,16921093,0x1023205,6459372037,0x181023205,0F05,true,true,false,true,48074,0x101C990,0x1023A91,28929,26741,0x6875,false,true,syscall,2,,,0x1023A91,function_end,instruction_start,true,false,true,true
1428,.text,0x60000020,16919413,0x1022B75,16922485,0x1023775,6459373429,0x181023775,0F05,true,true,false,true,48074,0x101C990,0x1023A91,28929,28133,0x6DE5,false,true,syscall,2,,,0x1023A91,function_end,instruction_start,true,false,true,true
1429,.text,0x60000020,17006714,0x103807A,17009786,0x1038C7A,6459460730,0x181038C7A,0F05,true,true,false,true,48081,0x1038AC0,0x103FDFB,29499,442,0x1BA,false,true,syscall,2,,,0x103FDFB,function_end,instruction_start,true,false,true,true
1430,.text,0x60000020,17006867,0x1038113,17009939,0x1038D13,6459460883,0x181038D13,0F05,true,true,false,true,48081,0x1038AC0,0x103FDFB,29499,595,0x253,false,true,,0,0x1038D11,call 0x89ce0,0x103FDFB,function_end,covered_by_instruction,false,true,false,false
1431,.text,0x60000020,17007397,0x1038325,17010469,0x1038F25,6459461413,0x181038F25,0F05,true,true,false,true,48081,0x1038AC0,0x103FDFB,29499,1125,0x465,false,true,syscall,2,,,0x103FDFB,function_end,instruction_start,true,false,true,true
1432,.text,0x60000020,17007830,0x10384D6,17010902,0x10390D6,6459461846,0x1810390D6,0F05,true,true,false,true,48081,0x1038AC0,0x103FDFB,29499,1558,0x616,false,true,syscall,2,,,0x103FDFB,function_end,instruction_start,true,false,true,true
1433,.text,0x60000020,17008276,0x1038694,17011348,0x1039294,6459462292,0x181039294,0F05,true,true,false,true,48081,0x1038AC0,0x103FDFB,29499,2004,0x7D4,true,true,syscall,2,,,0x103FDFB,function_end,instruction_start,true,false,true,true
1434,.text,0x60000020,17009871,0x1038CCF,17012943,0x10398CF,6459463887,0x1810398CF,0F05,true,true,false,true,48081,0x1038AC0,0x103FDFB,29499,3599,0xE0F,false,true,syscall,2,,,0x103FDFB,function_end,instruction_start,true,false,true,true
1435,.text,0x60000020,17011394,0x10392C2,17014466,0x1039EC2,6459465410,0x181039EC2,0F05,true,true,false,true,48081,0x1038AC0,0x103FDFB,29499,5122,0x1402,false,true,syscall,2,,,0x103FDFB,function_end,instruction_start,true,false,true,true
1436,.text,0x60000020,17013694,0x1039BBE,17016766,0x103A7BE,6459467710,0x18103A7BE,0F05,true,true,false,true,48081,0x1038AC0,0x103FDFB,29499,7422,0x1CFE,false,true,syscall,2,,,0x103FDFB,function_end,instruction_start,true,false,true,true
1437,.text,0x60000020,17014199,0x1039DB7,17017271,0x103A9B7,6459468215,0x18103A9B7,0F05,true,true,false,true,48081,0x1038AC0,0x103FDFB,29499,7927,0x1EF7,false,true,syscall,2,,,0x103FDFB,function_end,instruction_start,true,false,true,true
1438,.text,0x60000020,17014620,0x1039F5C,17017692,0x103AB5C,6459468636,0x18103AB5C,0F05,true,true,false,true,48081,0x1038AC0,0x103FDFB,29499,8348,0x209C,true,true,syscall,2,,,0x103FDFB,function_end,instruction_start,true,false,true,true
1439,.text,0x60000020,17015361,0x103A241,17018433,0x103AE41,6459469377,0x18103AE41,0F05,true,true,false,true,48081,0x1038AC0,0x103FDFB,29499,9089,0x2381,false,true,syscall,2,,,0x103FDFB,function_end,instruction_start,true,false,true,true
1440,.text,0x60000020,17018761,0x103AF89,17021833,0x103BB89,6459472777,0x18103BB89,0F05,true,true,false,true,48081,0x1038AC0,0x103FDFB,29499,12489,0x30C9,false,true,syscall,2,,,0x103FDFB,function_end,instruction_start,true,false,true,true
1441,.text,0x60000020,17019363,0x103B1E3,17022435,0x103BDE3,6459473379,0x18103BDE3,0F05,true,true,false,true,48081,0x1038AC0,0x103FDFB,29499,13091,0x3323,false,true,syscall,2,,,0x103FDFB,function_end,instruction_start,true,false,true,true
1442,.text,0x60000020,17020701,0x103B71D,17023773,0x103C31D,6459474717,0x18103C31D,0F05,true,true,false,true,48081,0x1038AC0,0x103FDFB,29499,14429,0x385D,false,true,syscall,2,,,0x103FDFB,function_end,instruction_start,true,false,true,true
1443,.text,0x60000020,17021335,0x103B997,17024407,0x103C597,6459475351,0x18103C597,0F05,true,true,false,true,48081,0x1038AC0,0x103FDFB,29499,15063,0x3AD7,false,true,syscall,2,,,0x103FDFB,function_end,instruction_start,true,false,true,true
1444,.text,0x60000020,17021873,0x103BBB1,17024945,0x103C7B1,6459475889,0x18103C7B1,0F05,true,true,false,true,48081,0x1038AC0,0x103FDFB,29499,15601,0x3CF1,false,true,syscall,2,,,0x103FDFB,function_end,instruction_start,true,false,true,true
1445,.text,0x60000020,17024192,0x103C4C0,17027264,0x103D0C0,6459478208,0x18103D0C0,0F05,true,true,false,true,48081,0x1038AC0,0x103FDFB,29499,17920,0x4600,true,true,syscall,2,,,0x103FDFB,function_end,instruction_start,true,false,true,true
1446,.text,0x60000020,17024588,0x103C64C,17027660,0x103D24C,6459478604,0x18103D24C,0F05,true,true,false,true,48081,0x1038AC0,0x103FDFB,29499,18316,0x478C,true,true,syscall,2,,,0x103FDFB,function_end,instruction_start,true,false,true,true
1447,.text,0x60000020,17024989,0x103C7DD,17028061,0x103D3DD,6459479005,0x18103D3DD,0F05,true,true,false,true,48081,0x1038AC0,0x103FDFB,29499,18717,0x491D,false,true,syscall,2,,,0x103FDFB,function_end,instruction_start,true,false,true,true
1448,.text,0x60000020,17025412,0x103C984,17028484,0x103D584,6459479428,0x18103D584,0F05,true,true,false,true,48081,0x1038AC0,0x103FDFB,29499,19140,0x4AC4,true,true,syscall,2,,,0x103FDFB,function_end,instruction_start,true,false,true,true
1449,.text,0x60000020,17025916,0x103CB7C,17028988,0x103D77C,6459479932,0x18103D77C,0F05,true,true,false,true,48081,0x1038AC0,0x103FDFB,29499,19644,0x4CBC,true,true,syscall,2,,,0x103FDFB,function_end,instruction_start,true,false,true,true
1450,.text,0x60000020,17026632,0x103CE48,17029704,0x103DA48,6459480648,0x18103DA48,0F05,true,true,false,true,48081,0x1038AC0,0x103FDFB,29499,20360,0x4F88,true,true,syscall,2,,,0x103FDFB,function_end,instruction_start,true,false,true,true
1451,.text,0x60000020,17030858,0x103DECA,17033930,0x103EACA,6459484874,0x18103EACA,0F05,true,true,false,true,48081,0x1038AC0,0x103FDFB,29499,24586,0x600A,false,true,syscall,2,,,0x103FDFB,function_end,instruction_start,true,false,true,true
1452,.text,0x60000020,17031589,0x103E1A5,17034661,0x103EDA5,6459485605,0x18103EDA5,0F05,true,true,false,true,48081,0x1038AC0,0x103FDFB,29499,25317,0x62E5,false,true,syscall,2,,,0x103FDFB,function_end,instruction_start,true,false,true,true
1453,.text,0x60000020,17033531,0x103E93B,17036603,0x103F53B,6459487547,0x18103F53B,0F05,true,true,false,true,48081,0x1038AC0,0x103FDFB,29499,27259,0x6A7B,false,true,syscall,2,,,0x103FDFB,function_end,instruction_start,true,false,true,true
1454,.text,0x60000020,17098185,0x104E5C9,17101257,0x104F1C9,6459552201,0x18104F1C9,0F05,true,true,false,true,48084,0x104F010,0x10560AE,28830,441,0x1B9,false,true,syscall,2,,,0x10560AE,function_end,instruction_start,true,false,true,true
1455,.text,0x60000020,17098749,0x104E7FD,17101821,0x104F3FD,6459552765,0x18104F3FD,0F05,true,true,false,true,48084,0x104F010,0x10560AE,28830,1005,0x3ED,false,true,syscall,2,,,0x10560AE,function_end,instruction_start,true,false,true,true
1456,.text,0x60000020,17099314,0x104EA32,17102386,0x104F632,6459553330,0x18104F632,0F05,true,true,false,true,48084,0x104F010,0x10560AE,28830,1570,0x622,false,true,syscall,2,,,0x10560AE,function_end,instruction_start,true,false,true,true
1457,.text,0x60000020,17101495,0x104F2B7,17104567,0x104FEB7,6459555511,0x18104FEB7,0F05,true,true,false,true,48084,0x104F010,0x10560AE,28830,3751,0xEA7,false,true,syscall,2,,,0x10560AE,function_end,instruction_start,true,false,true,true
1458,.text,0x60000020,17102815,0x104F7DF,17105887,0x10503DF,6459556831,0x1810503DF,0F05,true,true,false,true,48084,0x104F010,0x10560AE,28830,5071,0x13CF,false,true,syscall,2,,,0x10560AE,function_end,instruction_start,true,false,true,true
1459,.text,0x60000020,17104821,0x104FFB5,17107893,0x1050BB5,6459558837,0x181050BB5,0F05,true,true,false,true,48084,0x104F010,0x10560AE,28830,7077,0x1BA5,false,true,syscall,2,,,0x10560AE,function_end,instruction_start,true,false,true,true
1460,.text,0x60000020,17105338,0x10501BA,17108410,0x1050DBA,6459559354,0x181050DBA,0F05,true,true,false,true,48084,0x104F010,0x10560AE,28830,7594,0x1DAA,false,true,syscall,2,,,0x10560AE,function_end,instruction_start,true,false,true,true
1461,.text,0x60000020,17106900,0x10507D4,17109972,0x10513D4,6459560916,0x1810513D4,0F05,true,true,false,true,48084,0x104F010,0x10560AE,28830,9156,0x23C4,true,true,syscall,2,,,0x10560AE,function_end,instruction_start,true,false,true,true
1462,.text,0x60000020,17107482,0x1050A1A,17110554,0x105161A,6459561498,0x18105161A,0F05,true,true,false,true,48084,0x104F010,0x10560AE,28830,9738,0x260A,false,true,syscall,2,,,0x10560AE,function_end,instruction_start,true,false,true,true
1463,.text,0x60000020,17108512,0x1050E20,17111584,0x1051A20,6459562528,0x181051A20,0F05,true,true,false,true,48084,0x104F010,0x10560AE,28830,10768,0x2A10,true,true,syscall,2,,,0x10560AE,function_end,instruction_start,true,false,true,true
1464,.text,0x60000020,17108849,0x1050F71,17111921,0x1051B71,6459562865,0x181051B71,0F05,true,true,false,true,48084,0x104F010,0x10560AE,28830,11105,0x2B61,false,true,syscall,2,,,0x10560AE,function_end,instruction_start,true,false,true,true
1465,.text,0x60000020,17109580,0x105124C,17112652,0x1051E4C,6459563596,0x181051E4C,0F05,true,true,false,true,48084,0x104F010,0x10560AE,28830,11836,0x2E3C,true,true,syscall,2,,,0x10560AE,function_end,instruction_start,true,false,true,true
1466,.text,0x60000020,17110396,0x105157C,17113468,0x105217C,6459564412,0x18105217C,0F05,true,true,false,true,48084,0x104F010,0x10560AE,28830,12652,0x316C,true,true,syscall,2,,,0x10560AE,function_end,instruction_start,true,false,true,true
1467,.text,0x60000020,17110984,0x10517C8,17114056,0x10523C8,6459565000,0x1810523C8,0F05,true,true,false,true,48084,0x104F010,0x10560AE,28830,13240,0x33B8,true,true,syscall,2,,,0x10560AE,function_end,instruction_start,true,false,true,true
1468,.text,0x60000020,17112620,0x1051E2C,17115692,0x1052A2C,6459566636,0x181052A2C,0F05,true,true,false,true,48084,0x104F010,0x10560AE,28830,14876,0x3A1C,true,true,syscall,2,,,0x10560AE,function_end,instruction_start,true,false,true,true
1469,.text,0x60000020,17113120,0x1052020,17116192,0x1052C20,6459567136,0x181052C20,0F05,true,true,false,true,48084,0x104F010,0x10560AE,28830,15376,0x3C10,true,true,syscall,2,,,0x10560AE,function_end,instruction_start,true,false,true,true
1470,.text,0x60000020,17113701,0x1052265,17116773,0x1052E65,6459567717,0x181052E65,0F05,true,true,false,true,48084,0x104F010,0x10560AE,28830,15957,0x3E55,false,true,syscall,2,,,0x10560AE,function_end,instruction_start,true,false,true,true
1471,.text,0x60000020,17119723,0x10539EB,17122795,0x10545EB,6459573739,0x1810545EB,0F05,true,true,false,true,48084,0x104F010,0x10560AE,28830,21979,0x55DB,false,true,syscall,2,,,0x10560AE,function_end,instruction_start,true,false,true,true
1472,.text,0x60000020,17120226,0x1053BE2,17123298,0x10547E2,6459574242,0x1810547E2,0F05,true,true,false,true,48084,0x104F010,0x10560AE,28830,22482,0x57D2,false,true,syscall,2,,,0x10560AE,function_end,instruction_start,true,false,true,true
1473,.text,0x60000020,17120693,0x1053DB5,17123765,0x10549B5,6459574709,0x1810549B5,0F05,true,true,false,true,48084,0x104F010,0x10560AE,28830,22949,0x59A5,false,true,syscall,2,,,0x10560AE,function_end,instruction_start,true,false,true,true
1474,.text,0x60000020,17123770,0x10549BA,17126842,0x10555BA,6459577786,0x1810555BA,0F05,true,true,false,true,48084,0x104F010,0x10560AE,28830,26026,0x65AA,false,true,syscall,2,,,0x10560AE,function_end,instruction_start,true,false,true,true
1475,.text,0x60000020,17125270,0x1054F96,17128342,0x1055B96,6459579286,0x181055B96,0F05,true,true,false,true,48084,0x104F010,0x10560AE,28830,27526,0x6B86,false,true,syscall,2,,,0x10560AE,function_end,instruction_start,true,false,true,true
1476,.text,0x60000020,17125886,0x10551FE,17128958,0x1055DFE,6459579902,0x181055DFE,0F05,true,true,false,true,48084,0x104F010,0x10560AE,28830,28142,0x6DEE,false,true,syscall,2,,,0x10560AE,function_end,instruction_start,true,false,true,true
1477,.text,0x60000020,17126525,0x105547D,17129597,0x105607D,6459580541,0x18105607D,0F05,true,true,false,true,48084,0x104F010,0x10560AE,28830,28781,0x706D,false,true,syscall,2,,,0x10560AE,function_end,instruction_start,true,false,true,true
1478,.text,0x60000020,17148505,0x105AA59,17151577,0x105B659,6459602521,0x18105B659,0F05,true,true,false,true,48086,0x10560D0,0x105F2AA,37338,21897,0x5589,false,true,,0,0x105B653,"movabs rcx, 0xf18d050f8a913574",0x105F2AA,function_end,covered_by_instruction,false,true,false,false
1479,.text,0x60000020,17255478,0x1074C36,17258550,0x1075836,6459709494,0x181075836,0F05,true,true,false,true,48104,0x106D780,0x1101A79,606969,32950,0x80B6,false,true,syscall,2,,,0x1101A79,function_end,instruction_start,true,false,true,true
1480,.text,0x60000020,17322021,0x1085025,17325093,0x1085C25,6459776037,0x181085C25,0F05,true,true,false,true,48104,0x106D780,0x1101A79,606969,99493,0x184A5,false,true,syscall,2,,,0x1101A79,function_end,instruction_start,true,false,true,true
1481,.text,0x60000020,17354562,0x108CF42,17357634,0x108DB42,6459808578,0x18108DB42,0F05,true,true,false,true,48104,0x106D780,0x1101A79,606969,132034,0x203C2,false,true,syscall,2,,,0x1101A79,function_end,instruction_start,true,false,true,true
1482,.text,0x60000020,17418386,0x109C892,17421458,0x109D492,6459872402,0x18109D492,0F05,true,true,false,true,48104,0x106D780,0x1101A79,606969,195858,0x2FD12,false,true,syscall,2,,,0x1101A79,function_end,instruction_start,true,false,true,true
1483,.text,0x60000020,17601336,0x10C9338,17604408,0x10C9F38,6460055352,0x1810C9F38,0F05,true,true,false,true,48104,0x106D780,0x1101A79,606969,378808,0x5C7B8,true,true,syscall,2,,,0x1101A79,function_end,instruction_start,true,false,true,true
1484,.text,0x60000020,17612488,0x10CBEC8,17615560,0x10CCAC8,6460066504,0x1810CCAC8,0F05,true,true,false,true,48104,0x106D780,0x1101A79,606969,389960,0x5F348,true,true,,0,0x10CCAC5,"movabs rsi, 0x52d137aa42050fb4",0x1101A79,function_end,covered_by_instruction,false,true,false,false
1485,.text,0x60000020,17758182,0x10EF7E6,17761254,0x10F03E6,6460212198,0x1810F03E6,0F05,true,true,false,true,48104,0x106D780,0x1101A79,606969,535654,0x82C66,false,true,syscall,2,,,0x1101A79,function_end,instruction_start,true,false,true,true
1486,.text,0x60000020,17797821,0x10F92BD,17800893,0x10F9EBD,6460251837,0x1810F9EBD,0F05,true,true,false,true,48104,0x106D780,0x1101A79,606969,575293,0x8C73D,false,true,syscall,2,,,0x1101A79,function_end,instruction_start,true,false,true,true
1487,.text,0x60000020,17799067,0x10F979B,17802139,0x10FA39B,6460253083,0x1810FA39B,0F05,true,true,false,true,48104,0x106D780,0x1101A79,606969,576539,0x8CC1B,false,true,syscall,2,,,0x1101A79,function_end,instruction_start,true,false,true,true
1488,.text,0x60000020,17837000,0x1102BC8,17840072,0x11037C8,6460291016,0x1811037C8,0F05,true,true,false,true,48111,0x11034F0,0x1105FD2,10978,728,0x2D8,true,true,syscall,2,,,0x1105FD2,function_end,instruction_start,true,false,true,true
1489,.text,0x60000020,17837423,0x1102D6F,17840495,0x110396F,6460291439,0x18110396F,0F05,true,true,false,true,48111,0x11034F0,0x1105FD2,10978,1151,0x47F,false,true,syscall,2,,,0x1105FD2,function_end,instruction_start,true,false,true,true
1490,.text,0x60000020,17837824,0x1102F00,17840896,0x1103B00,6460291840,0x181103B00,0F05,true,true,false,true,48111,0x11034F0,0x1105FD2,10978,1552,0x610,true,true,syscall,2,,,0x1105FD2,function_end,instruction_start,true,false,true,true
1491,.text,0x60000020,17838287,0x11030CF,17841359,0x1103CCF,6460292303,0x181103CCF,0F05,true,true,false,true,48111,0x11034F0,0x1105FD2,10978,2015,0x7DF,false,true,syscall,2,,,0x1105FD2,function_end,instruction_start,true,false,true,true
1492,.text,0x60000020,17838712,0x1103278,17841784,0x1103E78,6460292728,0x181103E78,0F05,true,true,false,true,48111,0x11034F0,0x1105FD2,10978,2440,0x988,true,true,syscall,2,,,0x1105FD2,function_end,instruction_start,true,false,true,true
1493,.text,0x60000020,17839203,0x1103463,17842275,0x1104063,6460293219,0x181104063,0F05,true,true,false,true,48111,0x11034F0,0x1105FD2,10978,2931,0xB73,false,true,syscall,2,,,0x1105FD2,function_end,instruction_start,true,false,true,true
1494,.text,0x60000020,17839626,0x110360A,17842698,0x110420A,6460293642,0x18110420A,0F05,true,true,false,true,48111,0x11034F0,0x1105FD2,10978,3354,0xD1A,false,true,syscall,2,,,0x1105FD2,function_end,instruction_start,true,false,true,true
1495,.text,0x60000020,17839924,0x1103734,17842996,0x1104334,6460293940,0x181104334,0F05,true,true,false,true,48111,0x11034F0,0x1105FD2,10978,3652,0xE44,true,true,syscall,2,,,0x1105FD2,function_end,instruction_start,true,false,true,true
1496,.text,0x60000020,17841088,0x1103BC0,17844160,0x11047C0,6460295104,0x1811047C0,0F05,true,true,false,true,48111,0x11034F0,0x1105FD2,10978,4816,0x12D0,true,true,syscall,2,,,0x1105FD2,function_end,instruction_start,true,false,true,true
1497,.text,0x60000020,17841531,0x1103D7B,17844603,0x110497B,6460295547,0x18110497B,0F05,true,true,false,true,48111,0x11034F0,0x1105FD2,10978,5259,0x148B,false,true,syscall,2,,,0x1105FD2,function_end,instruction_start,true,false,true,true
1498,.text,0x60000020,17841957,0x1103F25,17845029,0x1104B25,6460295973,0x181104B25,0F05,true,true,false,true,48111,0x11034F0,0x1105FD2,10978,5685,0x1635,false,true,syscall,2,,,0x1105FD2,function_end,instruction_start,true,false,true,true
1499,.text,0x60000020,17842457,0x1104119,17845529,0x1104D19,6460296473,0x181104D19,0F05,true,true,false,true,48111,0x11034F0,0x1105FD2,10978,6185,0x1829,false,true,syscall,2,,,0x1105FD2,function_end,instruction_start,true,false,true,true
1500,.text,0x60000020,17842907,0x11042DB,17845979,0x1104EDB,6460296923,0x181104EDB,0F05,true,true,false,true,48111,0x11034F0,0x1105FD2,10978,6635,0x19EB,false,true,syscall,2,,,0x1105FD2,function_end,instruction_start,true,false,true,true
1501,.text,0x60000020,17843411,0x11044D3,17846483,0x11050D3,6460297427,0x1811050D3,0F05,true,true,false,true,48111,0x11034F0,0x1105FD2,10978,7139,0x1BE3,false,true,syscall,2,,,0x1105FD2,function_end,instruction_start,true,false,true,true
1502,.text,0x60000020,17843854,0x110468E,17846926,0x110528E,6460297870,0x18110528E,0F05,true,true,false,true,48111,0x11034F0,0x1105FD2,10978,7582,0x1D9E,false,true,syscall,2,,,0x1105FD2,function_end,instruction_start,true,false,true,true
1503,.text,0x60000020,17844165,0x11047C5,17847237,0x11053C5,6460298181,0x1811053C5,0F05,true,true,false,true,48111,0x11034F0,0x1105FD2,10978,7893,0x1ED5,false,true,syscall,2,,,0x1105FD2,function_end,instruction_start,true,false,true,true
1504,.text,0x60000020,17844630,0x1104996,17847702,0x1105596,6460298646,0x181105596,0F05,true,true,false,true,48111,0x11034F0,0x1105FD2,10978,8358,0x20A6,false,true,syscall,2,,,0x1105FD2,function_end,instruction_start,true,false,true,true
1505,.text,0x60000020,17844994,0x1104B02,17848066,0x1105702,6460299010,0x181105702,0F05,true,true,false,true,48111,0x11034F0,0x1105FD2,10978,8722,0x2212,false,true,syscall,2,,,0x1105FD2,function_end,instruction_start,true,false,true,true
1506,.text,0x60000020,17845285,0x1104C25,17848357,0x1105825,6460299301,0x181105825,0F05,true,true,false,true,48111,0x11034F0,0x1105FD2,10978,9013,0x2335,false,true,syscall,2,,,0x1105FD2,function_end,instruction_start,true,false,true,true
1507,.text,0x60000020,17845679,0x1104DAF,17848751,0x11059AF,6460299695,0x1811059AF,0F05,true,true,false,true,48111,0x11034F0,0x1105FD2,10978,9407,0x24BF,false,true,syscall,2,,,0x1105FD2,function_end,instruction_start,true,false,true,true
1508,.text,0x60000020,17846083,0x1104F43,17849155,0x1105B43,6460300099,0x181105B43,0F05,true,true,false,true,48111,0x11034F0,0x1105FD2,10978,9811,0x2653,false,true,syscall,2,,,0x1105FD2,function_end,instruction_start,true,false,true,true
1509,.text,0x60000020,17846472,0x11050C8,17849544,0x1105CC8,6460300488,0x181105CC8,0F05,true,true,false,true,48111,0x11034F0,0x1105FD2,10978,10200,0x27D8,true,true,syscall,2,,,0x1105FD2,function_end,instruction_start,true,false,true,true
1510,.text,0x60000020,17846836,0x1105234,17849908,0x1105E34,6460300852,0x181105E34,0F05,true,true,false,true,48111,0x11034F0,0x1105FD2,10978,10564,0x2944,true,true,syscall,2,,,0x1105FD2,function_end,instruction_start,true,false,true,true
1511,.text,0x60000020,17847216,0x11053B0,17850288,0x1105FB0,6460301232,0x181105FB0,0F05,true,true,false,true,48111,0x11034F0,0x1105FD2,10978,10944,0x2AC0,true,true,syscall,2,,,0x1105FD2,function_end,instruction_start,true,false,true,true
1512,.text,0x60000020,17988757,0x1127C95,17991829,0x1128895,6460442773,0x181128895,0F05,true,true,false,false,,,,,,,false,false,,0,,,,no_pdata_function,no_pdata_function,false,true,false,false
1513,.text,0x60000020,18250909,0x1167C9D,18253981,0x116889D,6460704925,0x18116889D,0F05,true,true,false,true,48562,0x11687C0,0x1169584,3524,221,0xDD,false,true,,0,0x116889A,"xor rax, qword ptr [rip + 0x204050f]",0x1169584,function_end,covered_by_instruction,false,true,false,false
1514,.text,0x60000020,18428061,0x119309D,18431133,0x1193C9D,6460882077,0x181193C9D,0F05,true,true,false,true,48912,0x1193C10,0x1193D02,242,141,0x8D,false,true,,0,0x1193C9C,call 0x11a41b0,0x1193D02,function_end,covered_by_instruction,false,true,false,false
1515,.text,0x60000020,18668748,0x11CDCCC,18671820,0x11CE8CC,6461122764,0x1811CE8CC,0F05,true,true,false,true,49085,0x11AF3E0,0x11EDD48,256360,128236,0x1F4EC,true,true,,0,0x11CE8C7,"movabs rcx, 0x945d89050f4a81c5",0x11EDD48,function_end,covered_by_instruction,false,true,false,false
1516,.text,0x60000020,18701485,0x11D5CAD,18704557,0x11D68AD,6461155501,0x1811D68AD,0F05,true,true,false,true,49085,0x11AF3E0,0x11EDD48,256360,160973,0x274CD,false,true,,0,0x11D68AA,"mov rcx, qword ptr [rip + 0x1b4050f]",0x11EDD48,function_end,covered_by_instruction,false,true,false,false
1517,.text,0x60000020,18978711,0x1219797,18981783,0x121A397,6461432727,0x18121A397,0F05,true,true,false,false,,,,,,,false,false,,0,,,,no_pdata_function,no_pdata_function,false,true,false,false
1518,.text,0x60000020,19027859,0x1225793,19030931,0x1226393,6461481875,0x181226393,0F05,true,true,false,false,,,,,,,false,false,,0,,,,no_pdata_function,no_pdata_function,false,true,false,false
1519,.text,0x60000020,19487333,0x1295A65,19490405,0x1296665,6461941349,0x181296665,0F05,true,true,false,false,,,,,,,false,false,,0,,,,no_pdata_function,no_pdata_function,false,true,false,false
1520,.text,0x60000020,19758421,0x12D7D55,19761493,0x12D8955,6462212437,0x1812D8955,0F05,true,true,false,true,55281,0x12D8950,0x12D8962,18,5,0x5,false,true,,0,0x12D8951,"lea rax, [rip + 0x50f8c]",0x12D8962,function_end,covered_by_instruction,false,true,false,false
1521,.text,0x60000020,19779336,0x12DCF08,19782408,0x12DDB08,6462233352,0x1812DDB08,0F05,true,true,false,true,55619,0x12DD8F0,0x12E4D49,29785,536,0x218,true,true,syscall,2,,,0x12E4D49,function_end,instruction_start,true,false,true,true
1522,.text,0x60000020,19779679,0x12DD05F,19782751,0x12DDC5F,6462233695,0x1812DDC5F,0F05,true,true,false,true,55619,0x12DD8F0,0x12E4D49,29785,879,0x36F,false,true,syscall,2,,,0x12E4D49,function_end,instruction_start,true,false,true,true
1523,.text,0x60000020,19780248,0x12DD298,19783320,0x12DDE98,6462234264,0x1812DDE98,0F05,true,true,false,true,55619,0x12DD8F0,0x12E4D49,29785,1448,0x5A8,true,true,syscall,2,,,0x12E4D49,function_end,instruction_start,true,false,true,true
1524,.text,0x60000020,19780912,0x12DD530,19783984,0x12DE130,6462234928,0x1812DE130,0F05,true,true,false,true,55619,0x12DD8F0,0x12E4D49,29785,2112,0x840,true,true,syscall,2,,,0x12E4D49,function_end,instruction_start,true,false,true,true
1525,.text,0x60000020,19781327,0x12DD6CF,19784399,0x12DE2CF,6462235343,0x1812DE2CF,0F05,true,true,false,true,55619,0x12DD8F0,0x12E4D49,29785,2527,0x9DF,false,true,syscall,2,,,0x12E4D49,function_end,instruction_start,true,false,true,true
1526,.text,0x60000020,19783647,0x12DDFDF,19786719,0x12DEBDF,6462237663,0x1812DEBDF,0F05,true,true,false,true,55619,0x12DD8F0,0x12E4D49,29785,4847,0x12EF,false,true,syscall,2,,,0x12E4D49,function_end,instruction_start,true,false,true,true
1527,.text,0x60000020,19785918,0x12DE8BE,19788990,0x12DF4BE,6462239934,0x1812DF4BE,0F05,true,true,false,true,55619,0x12DD8F0,0x12E4D49,29785,7118,0x1BCE,false,true,syscall,2,,,0x12E4D49,function_end,instruction_start,true,false,true,true
1528,.text,0x60000020,19786498,0x12DEB02,19789570,0x12DF702,6462240514,0x1812DF702,0F05,true,true,false,true,55619,0x12DD8F0,0x12E4D49,29785,7698,0x1E12,false,true,syscall,2,,,0x12E4D49,function_end,instruction_start,true,false,true,true
1529,.text,0x60000020,19786989,0x12DECED,19790061,0x12DF8ED,6462241005,0x1812DF8ED,0F05,true,true,false,true,55619,0x12DD8F0,0x12E4D49,29785,8189,0x1FFD,false,true,syscall,2,,,0x12E4D49,function_end,instruction_start,true,false,true,true
1530,.text,0x60000020,19787915,0x12DF08B,19790987,0x12DFC8B,6462241931,0x1812DFC8B,0F05,true,true,false,true,55619,0x12DD8F0,0x12E4D49,29785,9115,0x239B,false,true,syscall,2,,,0x12E4D49,function_end,instruction_start,true,false,true,true
1531,.text,0x60000020,19790028,0x12DF8CC,19793100,0x12E04CC,6462244044,0x1812E04CC,0F05,true,true,false,true,55619,0x12DD8F0,0x12E4D49,29785,11228,0x2BDC,true,true,syscall,2,,,0x12E4D49,function_end,instruction_start,true,false,true,true
1532,.text,0x60000020,19794119,0x12E08C7,19797191,0x12E14C7,6462248135,0x1812E14C7,0F05,true,true,false,true,55619,0x12DD8F0,0x12E4D49,29785,15319,0x3BD7,false,true,syscall,2,,,0x12E4D49,function_end,instruction_start,true,false,true,true
1533,.text,0x60000020,19794505,0x12E0A49,19797577,0x12E1649,6462248521,0x1812E1649,0F05,true,true,false,true,55619,0x12DD8F0,0x12E4D49,29785,15705,0x3D59,false,true,syscall,2,,,0x12E4D49,function_end,instruction_start,true,false,true,true
1534,.text,0x60000020,19794938,0x12E0BFA,19798010,0x12E17FA,6462248954,0x1812E17FA,0F05,true,true,false,true,55619,0x12DD8F0,0x12E4D49,29785,16138,0x3F0A,false,true,syscall,2,,,0x12E4D49,function_end,instruction_start,true,false,true,true
1535,.text,0x60000020,19795354,0x12E0D9A,19798426,0x12E199A,6462249370,0x1812E199A,0F05,true,true,false,true,55619,0x12DD8F0,0x12E4D49,29785,16554,0x40AA,false,true,syscall,2,,,0x12E4D49,function_end,instruction_start,true,false,true,true
1536,.text,0x60000020,19797541,0x12E1625,19800613,0x12E2225,6462251557,0x1812E2225,0F05,true,true,false,true,55619,0x12DD8F0,0x12E4D49,29785,18741,0x4935,false,true,syscall,2,,,0x12E4D49,function_end,instruction_start,true,false,true,true
1537,.text,0x60000020,19798048,0x12E1820,19801120,0x12E2420,6462252064,0x1812E2420,0F05,true,true,false,true,55619,0x12DD8F0,0x12E4D49,29785,19248,0x4B30,true,true,syscall,2,,,0x12E4D49,function_end,instruction_start,true,false,true,true
1538,.text,0x60000020,19798697,0x12E1AA9,19801769,0x12E26A9,6462252713,0x1812E26A9,0F05,true,true,false,true,55619,0x12DD8F0,0x12E4D49,29785,19897,0x4DB9,false,true,syscall,2,,,0x12E4D49,function_end,instruction_start,true,false,true,true
1539,.text,0x60000020,19801085,0x12E23FD,19804157,0x12E2FFD,6462255101,0x1812E2FFD,0F05,true,true,false,true,55619,0x12DD8F0,0x12E4D49,29785,22285,0x570D,false,true,syscall,2,,,0x12E4D49,function_end,instruction_start,true,false,true,true
1540,.text,0x60000020,19802411,0x12E292B,19805483,0x12E352B,6462256427,0x1812E352B,0F05,true,true,false,true,55619,0x12DD8F0,0x12E4D49,29785,23611,0x5C3B,false,true,syscall,2,,,0x12E4D49,function_end,instruction_start,true,false,true,true
1541,.text,0x60000020,19802794,0x12E2AAA,19805866,0x12E36AA,6462256810,0x1812E36AA,0F05,true,true,false,true,55619,0x12DD8F0,0x12E4D49,29785,23994,0x5DBA,false,true,syscall,2,,,0x12E4D49,function_end,instruction_start,true,false,true,true
1542,.text,0x60000020,19803773,0x12E2E7D,19806845,0x12E3A7D,6462257789,0x1812E3A7D,0F05,true,true,false,true,55619,0x12DD8F0,0x12E4D49,29785,24973,0x618D,false,true,syscall,2,,,0x12E4D49,function_end,instruction_start,true,false,true,true
1543,.text,0x60000020,19804552,0x12E3188,19807624,0x12E3D88,6462258568,0x1812E3D88,0F05,true,true,false,true,55619,0x12DD8F0,0x12E4D49,29785,25752,0x6498,true,true,syscall,2,,,0x12E4D49,function_end,instruction_start,true,false,true,true
1544,.text,0x60000020,19808116,0x12E3F74,19811188,0x12E4B74,6462262132,0x1812E4B74,0F05,true,true,false,true,55619,0x12DD8F0,0x12E4D49,29785,29316,0x7284,true,true,syscall,2,,,0x12E4D49,function_end,instruction_start,true,false,true,true
1545,.text,0x60000020,19841710,0x12EC2AE,19844782,0x12ECEAE,6462295726,0x1812ECEAE,0F05,true,true,false,true,55625,0x12ECCE0,0x12F3C55,28533,462,0x1CE,false,true,syscall,2,,,0x12F3C55,function_end,instruction_start,true,false,true,true
1546,.text,0x60000020,19842713,0x12EC699,19845785,0x12ED299,6462296729,0x1812ED299,0F05,true,true,false,true,55625,0x12ECCE0,0x12F3C55,28533,1465,0x5B9,false,true,syscall,2,,,0x12F3C55,function_end,instruction_start,true,false,true,true
1547,.text,0x60000020,19843297,0x12EC8E1,19846369,0x12ED4E1,6462297313,0x1812ED4E1,0F05,true,true,false,true,55625,0x12ECCE0,0x12F3C55,28533,2049,0x801,false,true,syscall,2,,,0x12F3C55,function_end,instruction_start,true,false,true,true
1548,.text,0x60000020,19843830,0x12ECAF6,19846902,0x12ED6F6,6462297846,0x1812ED6F6,0F05,true,true,false,true,55625,0x12ECCE0,0x12F3C55,28533,2582,0xA16,false,true,syscall,2,,,0x12F3C55,function_end,instruction_start,true,false,true,true
1549,.text,0x60000020,19844234,0x12ECC8A,19847306,0x12ED88A,6462298250,0x1812ED88A,0F05,true,true,false,true,55625,0x12ECCE0,0x12F3C55,28533,2986,0xBAA,false,true,syscall,2,,,0x12F3C55,function_end,instruction_start,true,false,true,true
1550,.text,0x60000020,19844773,0x12ECEA5,19847845,0x12EDAA5,6462298789,0x1812EDAA5,0F05,true,true,false,true,55625,0x12ECCE0,0x12F3C55,28533,3525,0xDC5,false,true,syscall,2,,,0x12F3C55,function_end,instruction_start,true,false,true,true
1551,.text,0x60000020,19845178,0x12ED03A,19848250,0x12EDC3A,6462299194,0x1812EDC3A,0F05,true,true,false,true,55625,0x12ECCE0,0x12F3C55,28533,3930,0xF5A,false,true,syscall,2,,,0x12F3C55,function_end,instruction_start,true,false,true,true
1552,.text,0x60000020,19846111,0x12ED3DF,19849183,0x12EDFDF,6462300127,0x1812EDFDF,0F05,true,true,false,true,55625,0x12ECCE0,0x12F3C55,28533,4863,0x12FF,false,true,syscall,2,,,0x12F3C55,function_end,instruction_start,true,false,true,true
1553,.text,0x60000020,19846648,0x12ED5F8,19849720,0x12EE1F8,6462300664,0x1812EE1F8,0F05,true,true,false,true,55625,0x12ECCE0,0x12F3C55,28533,5400,0x1518,true,true,syscall,2,,,0x12F3C55,function_end,instruction_start,true,false,true,true
1554,.text,0x60000020,19847185,0x12ED811,19850257,0x12EE411,6462301201,0x1812EE411,0F05,true,true,false,true,55625,0x12ECCE0,0x12F3C55,28533,5937,0x1731,false,true,syscall,2,,,0x12F3C55,function_end,instruction_start,true,false,true,true
1555,.text,0x60000020,19848287,0x12EDC5F,19851359,0x12EE85F,6462302303,0x1812EE85F,0F05,true,true,false,true,55625,0x12ECCE0,0x12F3C55,28533,7039,0x1B7F,false,true,syscall,2,,,0x12F3C55,function_end,instruction_start,true,false,true,true
1556,.text,0x60000020,19848674,0x12EDDE2,19851746,0x12EE9E2,6462302690,0x1812EE9E2,0F05,true,true,false,true,55625,0x12ECCE0,0x12F3C55,28533,7426,0x1D02,false,true,syscall,2,,,0x12F3C55,function_end,instruction_start,true,false,true,true
1557,.text,0x60000020,19849856,0x12EE280,19852928,0x12EEE80,6462303872,0x1812EEE80,0F05,true,true,false,true,55625,0x12ECCE0,0x12F3C55,28533,8608,0x21A0,true,true,syscall,2,,,0x12F3C55,function_end,instruction_start,true,false,true,true
1558,.text,0x60000020,19853452,0x12EF08C,19856524,0x12EFC8C,6462307468,0x1812EFC8C,0F05,true,true,false,true,55625,0x12ECCE0,0x12F3C55,28533,12204,0x2FAC,true,true,syscall,2,,,0x12F3C55,function_end,instruction_start,true,false,true,true
1559,.text,0x60000020,19854131,0x12EF333,19857203,0x12EFF33,6462308147,0x1812EFF33,0F05,true,true,false,true,55625,0x12ECCE0,0x12F3C55,28533,12883,0x3253,false,true,syscall,2,,,0x12F3C55,function_end,instruction_start,true,false,true,true
1560,.text,0x60000020,19855605,0x12EF8F5,19858677,0x12F04F5,6462309621,0x1812F04F5,0F05,true,true,false,true,55625,0x12ECCE0,0x12F3C55,28533,14357,0x3815,false,true,syscall,2,,,0x12F3C55,function_end,instruction_start,true,false,true,true
1561,.text,0x60000020,19858244,0x12F0344,19861316,0x12F0F44,6462312260,0x1812F0F44,0F05,true,true,false,true,55625,0x12ECCE0,0x12F3C55,28533,16996,0x4264,true,true,syscall,2,,,0x12F3C55,function_end,instruction_start,true,false,true,true
1562,.text,0x60000020,19858923,0x12F05EB,19861995,0x12F11EB,6462312939,0x1812F11EB,0F05,true,true,false,true,55625,0x12ECCE0,0x12F3C55,28533,17675,0x450B,false,true,syscall,2,,,0x12F3C55,function_end,instruction_start,true,false,true,true
1563,.text,0x60000020,19859809,0x12F0961,19862881,0x12F1561,6462313825,0x1812F1561,0F05,true,true,false,true,55625,0x12ECCE0,0x12F3C55,28533,18561,0x4881,false,true,syscall,2,,,0x12F3C55,function_end,instruction_start,true,false,true,true
1564,.text,0x60000020,19860738,0x12F0D02,19863810,0x12F1902,6462314754,0x1812F1902,0F05,true,true,false,true,55625,0x12ECCE0,0x12F3C55,28533,19490,0x4C22,false,true,syscall,2,,,0x12F3C55,function_end,instruction_start,true,false,true,true
1565,.text,0x60000020,19861666,0x12F10A2,19864738,0x12F1CA2,6462315682,0x1812F1CA2,0F05,true,true,false,true,55625,0x12ECCE0,0x12F3C55,28533,20418,0x4FC2,false,true,syscall,2,,,0x12F3C55,function_end,instruction_start,true,false,true,true
1566,.text,0x60000020,19865178,0x12F1E5A,19868250,0x12F2A5A,6462319194,0x1812F2A5A,0F05,true,true,false,true,55625,0x12ECCE0,0x12F3C55,28533,23930,0x5D7A,false,true,syscall,2,,,0x12F3C55,function_end,instruction_start,true,false,true,true
1567,.text,0x60000020,19866134,0x12F2216,19869206,0x12F2E16,6462320150,0x1812F2E16,0F05,true,true,false,true,55625,0x12ECCE0,0x12F3C55,28533,24886,0x6136,false,true,syscall,2,,,0x12F3C55,function_end,instruction_start,true,false,true,true
1568,.text,0x60000020,19868042,0x12F298A,19871114,0x12F358A,6462322058,0x1812F358A,0F05,true,true,false,true,55625,0x12ECCE0,0x12F3C55,28533,26794,0x68AA,false,true,syscall,2,,,0x12F3C55,function_end,instruction_start,true,false,true,true
1569,.text,0x60000020,19870469,0x12F3305,19873541,0x12F3F05,6462324485,0x1812F3F05,0F05,true,true,false,true,55628,0x12F3D50,0x12FB495,30533,437,0x1B5,false,true,syscall,2,,,0x12FB495,function_end,instruction_start,true,false,true,true
1570,.text,0x60000020,19870846,0x12F347E,19873918,0x12F407E,6462324862,0x1812F407E,0F05,true,true,false,true,55628,0x12F3D50,0x12FB495,30533,814,0x32E,false,true,syscall,2,,,0x12FB495,function_end,instruction_start,true,false,true,true
1571,.text,0x60000020,19873017,0x12F3CF9,19876089,0x12F48F9,6462327033,0x1812F48F9,0F05,true,true,false,true,55628,0x12F3D50,0x12FB495,30533,2985,0xBA9,false,true,syscall,2,,,0x12FB495,function_end,instruction_start,true,false,true,true
1572,.text,0x60000020,19875608,0x12F4718,19878680,0x12F5318,6462329624,0x1812F5318,0F05,true,true,false,true,55628,0x12F3D50,0x12FB495,30533,5576,0x15C8,true,true,syscall,2,,,0x12FB495,function_end,instruction_start,true,false,true,true
1573,.text,0x60000020,19876422,0x12F4A46,19879494,0x12F5646,6462330438,0x1812F5646,0F05,true,true,false,true,55628,0x12F3D50,0x12FB495,30533,6390,0x18F6,false,true,syscall,2,,,0x12FB495,function_end,instruction_start,true,false,true,true
1574,.text,0x60000020,19877857,0x12F4FE1,19880929,0x12F5BE1,6462331873,0x1812F5BE1,0F05,true,true,false,true,55628,0x12F3D50,0x12FB495,30533,7825,0x1E91,false,true,syscall,2,,,0x12FB495,function_end,instruction_start,true,false,true,true
1575,.text,0x60000020,19881023,0x12F5C3F,19884095,0x12F683F,6462335039,0x1812F683F,0F05,true,true,false,true,55628,0x12F3D50,0x12FB495,30533,10991,0x2AEF,false,true,syscall,2,,,0x12FB495,function_end,instruction_start,true,false,true,true
1576,.text,0x60000020,19884418,0x12F6982,19887490,0x12F7582,6462338434,0x1812F7582,0F05,true,true,false,true,55628,0x12F3D50,0x12FB495,30533,14386,0x3832,false,true,syscall,2,,,0x12FB495,function_end,instruction_start,true,false,true,true
1577,.text,0x60000020,19884905,0x12F6B69,19887977,0x12F7769,6462338921,0x1812F7769,0F05,true,true,false,true,55628,0x12F3D50,0x12FB495,30533,14873,0x3A19,false,true,syscall,2,,,0x12FB495,function_end,instruction_start,true,false,true,true
1578,.text,0x60000020,19885882,0x12F6F3A,19888954,0x12F7B3A,6462339898,0x1812F7B3A,0F05,true,true,false,true,55628,0x12F3D50,0x12FB495,30533,15850,0x3DEA,false,true,syscall,2,,,0x12FB495,function_end,instruction_start,true,false,true,true
1579,.text,0x60000020,19887821,0x12F76CD,19890893,0x12F82CD,6462341837,0x1812F82CD,0F05,true,true,false,true,55628,0x12F3D50,0x12FB495,30533,17789,0x457D,false,true,syscall,2,,,0x12FB495,function_end,instruction_start,true,false,true,true
1580,.text,0x60000020,19888207,0x12F784F,19891279,0x12F844F,6462342223,0x1812F844F,0F05,true,true,false,true,55628,0x12F3D50,0x12FB495,30533,18175,0x46FF,false,true,syscall,2,,,0x12FB495,function_end,instruction_start,true,false,true,true
1581,.text,0x60000020,19888547,0x12F79A3,19891619,0x12F85A3,6462342563,0x1812F85A3,0F05,true,true,false,true,55628,0x12F3D50,0x12FB495,30533,18515,0x4853,false,true,syscall,2,,,0x12FB495,function_end,instruction_start,true,false,true,true
1582,.text,0x60000020,19889969,0x12F7F31,19893041,0x12F8B31,6462343985,0x1812F8B31,0F05,true,true,false,true,55628,0x12F3D50,0x12FB495,30533,19937,0x4DE1,false,true,syscall,2,,,0x12FB495,function_end,instruction_start,true,false,true,true
1583,.text,0x60000020,19890500,0x12F8144,19893572,0x12F8D44,6462344516,0x1812F8D44,0F05,true,true,false,true,55628,0x12F3D50,0x12FB495,30533,20468,0x4FF4,true,true,syscall,2,,,0x12FB495,function_end,instruction_start,true,false,true,true
1584,.text,0x60000020,19892311,0x12F8857,19895383,0x12F9457,6462346327,0x1812F9457,0F05,true,true,false,true,55628,0x12F3D50,0x12FB495,30533,22279,0x5707,false,true,syscall,2,,,0x12FB495,function_end,instruction_start,true,false,true,true
1585,.text,0x60000020,19892719,0x12F89EF,19895791,0x12F95EF,6462346735,0x1812F95EF,0F05,true,true,false,true,55628,0x12F3D50,0x12FB495,30533,22687,0x589F,false,true,syscall,2,,,0x12FB495,function_end,instruction_start,true,false,true,true
1586,.text,0x60000020,19893618,0x12F8D72,19896690,0x12F9972,6462347634,0x1812F9972,0F05,true,true,false,true,55628,0x12F3D50,0x12FB495,30533,23586,0x5C22,false,true,syscall,2,,,0x12FB495,function_end,instruction_start,true,false,true,true
1587,.text,0x60000020,19894262,0x12F8FF6,19897334,0x12F9BF6,6462348278,0x1812F9BF6,0F05,true,true,false,true,55628,0x12F3D50,0x12FB495,30533,24230,0x5EA6,false,true,syscall,2,,,0x12FB495,function_end,instruction_start,true,false,true,true
1588,.text,0x60000020,19894947,0x12F92A3,19898019,0x12F9EA3,6462348963,0x1812F9EA3,0F05,true,true,false,true,55628,0x12F3D50,0x12FB495,30533,24915,0x6153,false,true,syscall,2,,,0x12FB495,function_end,instruction_start,true,false,true,true
1589,.text,0x60000020,19895499,0x12F94CB,19898571,0x12FA0CB,6462349515,0x1812FA0CB,0F05,true,true,false,true,55628,0x12F3D50,0x12FB495,30533,25467,0x637B,false,true,syscall,2,,,0x12FB495,function_end,instruction_start,true,false,true,true
1590,.text,0x60000020,19898209,0x12F9F61,19901281,0x12FAB61,6462352225,0x1812FAB61,0F05,true,true,false,true,55628,0x12F3D50,0x12FB495,30533,28177,0x6E11,false,true,syscall,2,,,0x12FB495,function_end,instruction_start,true,false,true,true
1591,.text,0x60000020,19898847,0x12FA1DF,19901919,0x12FADDF,6462352863,0x1812FADDF,0F05,true,true,false,true,55628,0x12F3D50,0x12FB495,30533,28815,0x708F,false,true,syscall,2,,,0x12FB495,function_end,instruction_start,true,false,true,true
1592,.text,0x60000020,19899364,0x12FA3E4,19902436,0x12FAFE4,6462353380,0x1812FAFE4,0F05,true,true,false,true,55628,0x12F3D50,0x12FB495,30533,29332,0x7294,true,true,syscall,2,,,0x12FB495,function_end,instruction_start,true,false,true,true
1593,.text,0x60000020,20062403,0x13220C3,20065475,0x1322CC3,6462516419,0x181322CC3,0F05,true,true,false,true,56404,0x131A370,0x1322DCD,35421,35155,0x8953,false,true,,0,0x1322CC1,"movabs r8, 0xd49ab820ccc7050f",0x1322DCD,function_end,covered_by_instruction,false,true,false,false
1594,.text,0x60000020,20344455,0x1366E87,20347527,0x1367A87,6462798471,0x181367A87,0F05,true,true,false,true,57043,0x1367630,0x136EBA9,30073,1111,0x457,false,true,syscall,2,,,0x136EBA9,function_end,instruction_start,true,false,true,true
1595,.text,0x60000020,20345524,0x13672B4,20348596,0x1367EB4,6462799540,0x181367EB4,0F05,true,true,false,true,57043,0x1367630,0x136EBA9,30073,2180,0x884,true,true,syscall,2,,,0x136EBA9,function_end,instruction_start,true,false,true,true
1596,.text,0x60000020,20347131,0x13678FB,20350203,0x13684FB,6462801147,0x1813684FB,0F05,true,true,false,true,57043,0x1367630,0x136EBA9,30073,3787,0xECB,false,true,syscall,2,,,0x136EBA9,function_end,instruction_start,true,false,true,true
1597,.text,0x60000020,20347712,0x1367B40,20350784,0x1368740,6462801728,0x181368740,0F05,true,true,false,true,57043,0x1367630,0x136EBA9,30073,4368,0x1110,true,true,syscall,2,,,0x136EBA9,function_end,instruction_start,true,false,true,true
1598,.text,0x60000020,20349682,0x13682F2,20352754,0x1368EF2,6462803698,0x181368EF2,0F05,true,true,false,true,57043,0x1367630,0x136EBA9,30073,6338,0x18C2,false,true,syscall,2,,,0x136EBA9,function_end,instruction_start,true,false,true,true
1599,.text,0x60000020,20351140,0x13688A4,20354212,0x13694A4,6462805156,0x1813694A4,0F05,true,true,false,true,57043,0x1367630,0x136EBA9,30073,7796,0x1E74,true,true,syscall,2,,,0x136EBA9,function_end,instruction_start,true,false,true,true
1600,.text,0x60000020,20351655,0x1368AA7,20354727,0x13696A7,6462805671,0x1813696A7,0F05,true,true,false,true,57043,0x1367630,0x136EBA9,30073,8311,0x2077,false,true,syscall,2,,,0x136EBA9,function_end,instruction_start,true,false,true,true
1601,.text,0x60000020,20352083,0x1368C53,20355155,0x1369853,6462806099,0x181369853,0F05,true,true,false,true,57043,0x1367630,0x136EBA9,30073,8739,0x2223,false,true,syscall,2,,,0x136EBA9,function_end,instruction_start,true,false,true,true
1602,.text,0x60000020,20352559,0x1368E2F,20355631,0x1369A2F,6462806575,0x181369A2F,0F05,true,true,false,true,57043,0x1367630,0x136EBA9,30073,9215,0x23FF,false,true,syscall,2,,,0x136EBA9,function_end,instruction_start,true,false,true,true
1603,.text,0x60000020,20354840,0x1369718,20357912,0x136A318,6462808856,0x18136A318,0F05,true,true,false,true,57043,0x1367630,0x136EBA9,30073,11496,0x2CE8,true,true,syscall,2,,,0x136EBA9,function_end,instruction_start,true,false,true,true
1604,.text,0x60000020,20355263,0x13698BF,20358335,0x136A4BF,6462809279,0x18136A4BF,0F05,true,true,false,true,57043,0x1367630,0x136EBA9,30073,11919,0x2E8F,false,true,syscall,2,,,0x136EBA9,function_end,instruction_start,true,false,true,true
1605,.text,0x60000020,20358455,0x136A537,20361527,0x136B137,6462812471,0x18136B137,0F05,true,true,false,true,57043,0x1367630,0x136EBA9,30073,15111,0x3B07,false,true,syscall,2,,,0x136EBA9,function_end,instruction_start,true,false,true,true
1606,.text,0x60000020,20359685,0x136AA05,20362757,0x136B605,6462813701,0x18136B605,0F05,true,true,false,true,57043,0x1367630,0x136EBA9,30073,16341,0x3FD5,false,true,syscall,2,,,0x136EBA9,function_end,instruction_start,true,false,true,true
1607,.text,0x60000020,20360464,0x136AD10,20363536,0x136B910,6462814480,0x18136B910,0F05,true,true,false,true,57043,0x1367630,0x136EBA9,30073,17120,0x42E0,true,true,syscall,2,,,0x136EBA9,function_end,instruction_start,true,false,true,true
1608,.text,0x60000020,20360938,0x136AEEA,20364010,0x136BAEA,6462814954,0x18136BAEA,0F05,true,true,false,true,57043,0x1367630,0x136EBA9,30073,17594,0x44BA,false,true,syscall,2,,,0x136EBA9,function_end,instruction_start,true,false,true,true
1609,.text,0x60000020,20361668,0x136B1C4,20364740,0x136BDC4,6462815684,0x18136BDC4,0F05,true,true,false,true,57043,0x1367630,0x136EBA9,30073,18324,0x4794,true,true,syscall,2,,,0x136EBA9,function_end,instruction_start,true,false,true,true
1610,.text,0x60000020,20362460,0x136B4DC,20365532,0x136C0DC,6462816476,0x18136C0DC,0F05,true,true,false,true,57043,0x1367630,0x136EBA9,30073,19116,0x4AAC,true,true,syscall,2,,,0x136EBA9,function_end,instruction_start,true,false,true,true
1611,.text,0x60000020,20363146,0x136B78A,20366218,0x136C38A,6462817162,0x18136C38A,0F05,true,true,false,true,57043,0x1367630,0x136EBA9,30073,19802,0x4D5A,false,true,syscall,2,,,0x136EBA9,function_end,instruction_start,true,false,true,true
1612,.text,0x60000020,20365195,0x136BF8B,20368267,0x136CB8B,6462819211,0x18136CB8B,0F05,true,true,false,true,57043,0x1367630,0x136EBA9,30073,21851,0x555B,false,true,syscall,2,,,0x136EBA9,function_end,instruction_start,true,false,true,true
1613,.text,0x60000020,20365803,0x136C1EB,20368875,0x136CDEB,6462819819,0x18136CDEB,0F05,true,true,false,true,57043,0x1367630,0x136EBA9,30073,22459,0x57BB,false,true,syscall,2,,,0x136EBA9,function_end,instruction_start,true,false,true,true
1614,.text,0x60000020,20367146,0x136C72A,20370218,0x136D32A,6462821162,0x18136D32A,0F05,true,true,false,true,57043,0x1367630,0x136EBA9,30073,23802,0x5CFA,false,true,syscall,2,,,0x136EBA9,function_end,instruction_start,true,false,true,true
1615,.text,0x60000020,20369141,0x136CEF5,20372213,0x136DAF5,6462823157,0x18136DAF5,0F05,true,true,false,true,57043,0x1367630,0x136EBA9,30073,25797,0x64C5,false,true,syscall,2,,,0x136EBA9,function_end,instruction_start,true,false,true,true
1616,.text,0x60000020,20370667,0x136D4EB,20373739,0x136E0EB,6462824683,0x18136E0EB,0F05,true,true,false,true,57043,0x1367630,0x136EBA9,30073,27323,0x6ABB,false,true,syscall,2,,,0x136EBA9,function_end,instruction_start,true,false,true,true
1617,.text,0x60000020,20372535,0x136DC37,20375607,0x136E837,6462826551,0x18136E837,0F05,true,true,false,true,57043,0x1367630,0x136EBA9,30073,29191,0x7207,false,true,syscall,2,,,0x136EBA9,function_end,instruction_start,true,false,true,true
1618,.text,0x60000020,20374102,0x136E256,20377174,0x136EE56,6462828118,0x18136EE56,0F05,true,true,false,true,57045,0x136EBD0,0x1376001,29745,646,0x286,false,true,syscall,2,,,0x1376001,function_end,instruction_start,true,false,true,true
1619,.text,0x60000020,20376277,0x136EAD5,20379349,0x136F6D5,6462830293,0x18136F6D5,0F05,true,true,false,true,57045,0x136EBD0,0x1376001,29745,2821,0xB05,false,true,syscall,2,,,0x1376001,function_end,instruction_start,true,false,true,true
1620,.text,0x60000020,20376676,0x136EC64,20379748,0x136F864,6462830692,0x18136F864,0F05,true,true,false,true,57045,0x136EBD0,0x1376001,29745,3220,0xC94,true,true,syscall,2,,,0x1376001,function_end,instruction_start,true,false,true,true
1621,.text,0x60000020,20377298,0x136EED2,20380370,0x136FAD2,6462831314,0x18136FAD2,0F05,true,true,false,true,57045,0x136EBD0,0x1376001,29745,3842,0xF02,false,true,syscall,2,,,0x1376001,function_end,instruction_start,true,false,true,true
1622,.text,0x60000020,20377718,0x136F076,20380790,0x136FC76,6462831734,0x18136FC76,0F05,true,true,false,true,57045,0x136EBD0,0x1376001,29745,4262,0x10A6,false,true,syscall,2,,,0x1376001,function_end,instruction_start,true,false,true,true
1623,.text,0x60000020,20378792,0x136F4A8,20381864,0x13700A8,6462832808,0x1813700A8,0F05,true,true,false,true,57045,0x136EBD0,0x1376001,29745,5336,0x14D8,true,true,syscall,2,,,0x1376001,function_end,instruction_start,true,false,true,true
1624,.text,0x60000020,20379903,0x136F8FF,20382975,0x13704FF,6462833919,0x1813704FF,0F05,true,true,false,true,57045,0x136EBD0,0x1376001,29745,6447,0x192F,false,true,syscall,2,,,0x1376001,function_end,instruction_start,true,false,true,true
1625,.text,0x60000020,20380283,0x136FA7B,20383355,0x137067B,6462834299,0x18137067B,0F05,true,true,false,true,57045,0x136EBD0,0x1376001,29745,6827,0x1AAB,false,true,syscall,2,,,0x1376001,function_end,instruction_start,true,false,true,true
1626,.text,0x60000020,20383474,0x13706F2,20386546,0x13712F2,6462837490,0x1813712F2,0F05,true,true,false,true,57045,0x136EBD0,0x1376001,29745,10018,0x2722,false,true,syscall,2,,,0x1376001,function_end,instruction_start,true,false,true,true
1627,.text,0x60000020,20383867,0x137087B,20386939,0x137147B,6462837883,0x18137147B,0F05,true,true,false,true,57045,0x136EBD0,0x1376001,29745,10411,0x28AB,false,true,syscall,2,,,0x1376001,function_end,instruction_start,true,false,true,true
1628,.text,0x60000020,20385612,0x1370F4C,20388684,0x1371B4C,6462839628,0x181371B4C,0F05,true,true,false,true,57045,0x136EBD0,0x1376001,29745,12156,0x2F7C,true,true,syscall,2,,,0x1376001,function_end,instruction_start,true,false,true,true
1629,.text,0x60000020,20386339,0x1371223,20389411,0x1371E23,6462840355,0x181371E23,0F05,true,true,false,true,57045,0x136EBD0,0x1376001,29745,12883,0x3253,false,true,syscall,2,,,0x1376001,function_end,instruction_start,true,false,true,true
1630,.text,0x60000020,20387015,0x13714C7,20390087,0x13720C7,6462841031,0x1813720C7,0F05,true,true,false,true,57045,0x136EBD0,0x1376001,29745,13559,0x34F7,false,true,syscall,2,,,0x1376001,function_end,instruction_start,true,false,true,true
1631,.text,0x60000020,20387373,0x137162D,20390445,0x137222D,6462841389,0x18137222D,0F05,true,true,false,true,57045,0x136EBD0,0x1376001,29745,13917,0x365D,false,true,syscall,2,,,0x1376001,function_end,instruction_start,true,false,true,true
1632,.text,0x60000020,20389011,0x1371C93,20392083,0x1372893,6462843027,0x181372893,0F05,true,true,false,true,57045,0x136EBD0,0x1376001,29745,15555,0x3CC3,false,true,syscall,2,,,0x1376001,function_end,instruction_start,true,false,true,true
1633,.text,0x60000020,20390139,0x13720FB,20393211,0x1372CFB,6462844155,0x181372CFB,0F05,true,true,false,true,57045,0x136EBD0,0x1376001,29745,16683,0x412B,false,true,syscall,2,,,0x1376001,function_end,instruction_start,true,false,true,true
1634,.text,0x60000020,20392604,0x1372A9C,20395676,0x137369C,6462846620,0x18137369C,0F05,true,true,false,true,57045,0x136EBD0,0x1376001,29745,19148,0x4ACC,true,true,syscall,2,,,0x1376001,function_end,instruction_start,true,false,true,true
1635,.text,0x60000020,20393014,0x1372C36,20396086,0x1373836,6462847030,0x181373836,0F05,true,true,false,true,57045,0x136EBD0,0x1376001,29745,19558,0x4C66,false,true,syscall,2,,,0x1376001,function_end,instruction_start,true,false,true,true
1636,.text,0x60000020,20394086,0x1373066,20397158,0x1373C66,6462848102,0x181373C66,0F05,true,true,false,true,57045,0x136EBD0,0x1376001,29745,20630,0x5096,false,true,syscall,2,,,0x1376001,function_end,instruction_start,true,false,true,true
1637,.text,0x60000020,20395260,0x13734FC,20398332,0x13740FC,6462849276,0x1813740FC,0F05,true,true,false,true,57045,0x136EBD0,0x1376001,29745,21804,0x552C,true,true,syscall,2,,,0x1376001,function_end,instruction_start,true,false,true,true
1638,.text,0x60000020,20398965,0x1374375,20402037,0x1374F75,6462852981,0x181374F75,0F05,true,true,false,true,57045,0x136EBD0,0x1376001,29745,25509,0x63A5,false,true,syscall,2,,,0x1376001,function_end,instruction_start,true,false,true,true
1639,.text,0x60000020,20400062,0x13747BE,20403134,0x13753BE,6462854078,0x1813753BE,0F05,true,true,false,true,57045,0x136EBD0,0x1376001,29745,26606,0x67EE,false,true,syscall,2,,,0x1376001,function_end,instruction_start,true,false,true,true
1640,.text,0x60000020,20400951,0x1374B37,20404023,0x1375737,6462854967,0x181375737,0F05,true,true,false,true,57045,0x136EBD0,0x1376001,29745,27495,0x6B67,false,true,syscall,2,,,0x1376001,function_end,instruction_start,true,false,true,true
1641,.text,0x60000020,20402243,0x1375043,20405315,0x1375C43,6462856259,0x181375C43,0F05,true,true,false,true,57045,0x136EBD0,0x1376001,29745,28787,0x7073,false,true,syscall,2,,,0x1376001,function_end,instruction_start,true,false,true,true
1642,.text,0x60000020,20433120,0x137C8E0,20436192,0x137D4E0,6462887136,0x18137D4E0,0F05,true,true,false,true,57048,0x137D1D0,0x13800DC,12044,784,0x310,true,true,syscall,2,,,0x13800DC,function_end,instruction_start,true,false,true,true
1643,.text,0x60000020,20433745,0x137CB51,20436817,0x137D751,6462887761,0x18137D751,0F05,true,true,false,true,57048,0x137D1D0,0x13800DC,12044,1409,0x581,false,true,syscall,2,,,0x13800DC,function_end,instruction_start,true,false,true,true
1644,.text,0x60000020,20434231,0x137CD37,20437303,0x137D937,6462888247,0x18137D937,0F05,true,true,false,true,57048,0x137D1D0,0x13800DC,12044,1895,0x767,false,true,syscall,2,,,0x13800DC,function_end,instruction_start,true,false,true,true
1645,.text,0x60000020,20435542,0x137D256,20438614,0x137DE56,6462889558,0x18137DE56,0F05,true,true,false,true,57048,0x137D1D0,0x13800DC,12044,3206,0xC86,false,true,syscall,2,,,0x13800DC,function_end,instruction_start,true,false,true,true
1646,.text,0x60000020,20440762,0x137E6BA,20443834,0x137F2BA,6462894778,0x18137F2BA,0F05,true,true,false,true,57048,0x137D1D0,0x13800DC,12044,8426,0x20EA,false,true,syscall,2,,,0x13800DC,function_end,instruction_start,true,false,true,true
1647,.text,0x60000020,20441170,0x137E852,20444242,0x137F452,6462895186,0x18137F452,0F05,true,true,false,true,57048,0x137D1D0,0x13800DC,12044,8834,0x2282,false,true,syscall,2,,,0x13800DC,function_end,instruction_start,true,false,true,true
1648,.text,0x60000020,20442216,0x137EC68,20445288,0x137F868,6462896232,0x18137F868,0F05,true,true,false,true,57048,0x137D1D0,0x13800DC,12044,9880,0x2698,true,true,syscall,2,,,0x13800DC,function_end,instruction_start,true,false,true,true
1649,.text,0x60000020,20444105,0x137F3C9,20447177,0x137FFC9,6462898121,0x18137FFC9,0F05,true,true,false,true,57048,0x137D1D0,0x13800DC,12044,11769,0x2DF9,false,true,syscall,2,,,0x13800DC,function_end,instruction_start,true,false,true,true
1650,.text,0x60000020,20527755,0x1393A8B,20530827,0x139468B,6462981771,0x18139468B,0F05,true,true,false,true,57092,0x1394210,0x139B12A,28442,1147,0x47B,false,true,syscall,2,,,0x139B12A,function_end,instruction_start,true,false,true,true
1651,.text,0x60000020,20528292,0x1393CA4,20531364,0x13948A4,6462982308,0x1813948A4,0F05,true,true,false,true,57092,0x1394210,0x139B12A,28442,1684,0x694,true,true,syscall,2,,,0x139B12A,function_end,instruction_start,true,false,true,true
1652,.text,0x60000020,20530096,0x13943B0,20533168,0x1394FB0,6462984112,0x181394FB0,0F05,true,true,false,true,57092,0x1394210,0x139B12A,28442,3488,0xDA0,true,true,syscall,2,,,0x139B12A,function_end,instruction_start,true,false,true,true
1653,.text,0x60000020,20532108,0x1394B8C,20535180,0x139578C,6462986124,0x18139578C,0F05,true,true,false,true,57092,0x1394210,0x139B12A,28442,5500,0x157C,true,true,syscall,2,,,0x139B12A,function_end,instruction_start,true,false,true,true
1654,.text,0x60000020,20532606,0x1394D7E,20535678,0x139597E,6462986622,0x18139597E,0F05,true,true,false,true,57092,0x1394210,0x139B12A,28442,5998,0x176E,false,true,syscall,2,,,0x139B12A,function_end,instruction_start,true,false,true,true
1655,.text,0x60000020,20533329,0x1395051,20536401,0x1395C51,6462987345,0x181395C51,0F05,true,true,false,true,57092,0x1394210,0x139B12A,28442,6721,0x1A41,false,true,syscall,2,,,0x139B12A,function_end,instruction_start,true,false,true,true
1656,.text,0x60000020,20533995,0x13952EB,20537067,0x1395EEB,6462988011,0x181395EEB,0F05,true,true,false,true,57092,0x1394210,0x139B12A,28442,7387,0x1CDB,false,true,syscall,2,,,0x139B12A,function_end,instruction_start,true,false,true,true
1657,.text,0x60000020,20536674,0x1395D62,20539746,0x1396962,6462990690,0x181396962,0F05,true,true,false,true,57092,0x1394210,0x139B12A,28442,10066,0x2752,false,true,syscall,2,,,0x139B12A,function_end,instruction_start,true,false,true,true
1658,.text,0x60000020,20537822,0x13961DE,20540894,0x1396DDE,6462991838,0x181396DDE,0F05,true,true,false,true,57092,0x1394210,0x139B12A,28442,11214,0x2BCE,false,true,syscall,2,,,0x139B12A,function_end,instruction_start,true,false,true,true
1659,.text,0x60000020,20539929,0x1396A19,20543001,0x1397619,6462993945,0x181397619,0F05,true,true,false,true,57092,0x1394210,0x139B12A,28442,13321,0x3409,false,true,syscall,2,,,0x139B12A,function_end,instruction_start,true,false,true,true
1660,.text,0x60000020,20540768,0x1396D60,20543840,0x1397960,6462994784,0x181397960,0F05,true,true,false,true,57092,0x1394210,0x139B12A,28442,14160,0x3750,true,true,syscall,2,,,0x139B12A,function_end,instruction_start,true,false,true,true
1661,.text,0x60000020,20541179,0x1396EFB,20544251,0x1397AFB,6462995195,0x181397AFB,0F05,true,true,false,true,57092,0x1394210,0x139B12A,28442,14571,0x38EB,false,true,syscall,2,,,0x139B12A,function_end,instruction_start,true,false,true,true
1662,.text,0x60000020,20541569,0x1397081,20544641,0x1397C81,6462995585,0x181397C81,0F05,true,true,false,true,57092,0x1394210,0x139B12A,28442,14961,0x3A71,false,true,syscall,2,,,0x139B12A,function_end,instruction_start,true,false,true,true
1663,.text,0x60000020,20543495,0x1397807,20546567,0x1398407,6462997511,0x181398407,0F05,true,true,false,true,57092,0x1394210,0x139B12A,28442,16887,0x41F7,false,true,syscall,2,,,0x139B12A,function_end,instruction_start,true,false,true,true
1664,.text,0x60000020,20544317,0x1397B3D,20547389,0x139873D,6462998333,0x18139873D,0F05,true,true,false,true,57092,0x1394210,0x139B12A,28442,17709,0x452D,false,true,syscall,2,,,0x139B12A,function_end,instruction_start,true,false,true,true
1665,.text,0x60000020,20545009,0x1397DF1,20548081,0x13989F1,6462999025,0x1813989F1,0F05,true,true,false,true,57092,0x1394210,0x139B12A,28442,18401,0x47E1,false,true,syscall,2,,,0x139B12A,function_end,instruction_start,true,false,true,true
1666,.text,0x60000020,20546941,0x139857D,20550013,0x139917D,6463000957,0x18139917D,0F05,true,true,false,true,57092,0x1394210,0x139B12A,28442,20333,0x4F6D,false,true,syscall,2,,,0x139B12A,function_end,instruction_start,true,false,true,true
1667,.text,0x60000020,20547590,0x1398806,20550662,0x1399406,6463001606,0x181399406,0F05,true,true,false,true,57092,0x1394210,0x139B12A,28442,20982,0x51F6,false,true,syscall,2,,,0x139B12A,function_end,instruction_start,true,false,true,true
1668,.text,0x60000020,20548515,0x1398BA3,20551587,0x13997A3,6463002531,0x1813997A3,0F05,true,true,false,true,57092,0x1394210,0x139B12A,28442,21907,0x5593,false,true,syscall,2,,,0x139B12A,function_end,instruction_start,true,false,true,true
1669,.text,0x60000020,20548877,0x1398D0D,20551949,0x139990D,6463002893,0x18139990D,0F05,true,true,false,true,57092,0x1394210,0x139B12A,28442,22269,0x56FD,false,true,syscall,2,,,0x139B12A,function_end,instruction_start,true,false,true,true
1670,.text,0x60000020,20549360,0x1398EF0,20552432,0x1399AF0,6463003376,0x181399AF0,0F05,true,true,false,true,57092,0x1394210,0x139B12A,28442,22752,0x58E0,true,true,syscall,2,,,0x139B12A,function_end,instruction_start,true,false,true,true
1671,.text,0x60000020,20551152,0x13995F0,20554224,0x139A1F0,6463005168,0x18139A1F0,0F05,true,true,false,true,57092,0x1394210,0x139B12A,28442,24544,0x5FE0,true,true,syscall,2,,,0x139B12A,function_end,instruction_start,true,false,true,true
1672,.text,0x60000020,20553062,0x1399D66,20556134,0x139A966,6463007078,0x18139A966,0F05,true,true,false,true,57092,0x1394210,0x139B12A,28442,26454,0x6756,false,true,syscall,2,,,0x139B12A,function_end,instruction_start,true,false,true,true
1673,.text,0x60000020,20554516,0x139A314,20557588,0x139AF14,6463008532,0x18139AF14,0F05,true,true,false,true,57092,0x1394210,0x139B12A,28442,27908,0x6D04,true,true,syscall,2,,,0x139B12A,function_end,instruction_start,true,false,true,true
1674,.text,0x60000020,20587240,0x13A22E8,20590312,0x13A2EE8,6463041256,0x1813A2EE8,0F05,true,true,false,true,57109,0x13A2C10,0x13A5786,11126,728,0x2D8,true,true,syscall,2,,,0x13A5786,function_end,instruction_start,true,false,true,true
1675,.text,0x60000020,20587663,0x13A248F,20590735,0x13A308F,6463041679,0x1813A308F,0F05,true,true,false,true,57109,0x13A2C10,0x13A5786,11126,1151,0x47F,false,true,syscall,2,,,0x13A5786,function_end,instruction_start,true,false,true,true
1676,.text,0x60000020,20588064,0x13A2620,20591136,0x13A3220,6463042080,0x1813A3220,0F05,true,true,false,true,57109,0x13A2C10,0x13A5786,11126,1552,0x610,true,true,syscall,2,,,0x13A5786,function_end,instruction_start,true,false,true,true
1677,.text,0x60000020,20588527,0x13A27EF,20591599,0x13A33EF,6463042543,0x1813A33EF,0F05,true,true,false,true,57109,0x13A2C10,0x13A5786,11126,2015,0x7DF,false,true,syscall,2,,,0x13A5786,function_end,instruction_start,true,false,true,true
1678,.text,0x60000020,20588952,0x13A2998,20592024,0x13A3598,6463042968,0x1813A3598,0F05,true,true,false,true,57109,0x13A2C10,0x13A5786,11126,2440,0x988,true,true,syscall,2,,,0x13A5786,function_end,instruction_start,true,false,true,true
1679,.text,0x60000020,20589443,0x13A2B83,20592515,0x13A3783,6463043459,0x1813A3783,0F05,true,true,false,true,57109,0x13A2C10,0x13A5786,11126,2931,0xB73,false,true,syscall,2,,,0x13A5786,function_end,instruction_start,true,false,true,true
1680,.text,0x60000020,20589866,0x13A2D2A,20592938,0x13A392A,6463043882,0x1813A392A,0F05,true,true,false,true,57109,0x13A2C10,0x13A5786,11126,3354,0xD1A,false,true,syscall,2,,,0x13A5786,function_end,instruction_start,true,false,true,true
1681,.text,0x60000020,20590164,0x13A2E54,20593236,0x13A3A54,6463044180,0x1813A3A54,0F05,true,true,false,true,57109,0x13A2C10,0x13A5786,11126,3652,0xE44,true,true,syscall,2,,,0x13A5786,function_end,instruction_start,true,false,true,true
1682,.text,0x60000020,20591476,0x13A3374,20594548,0x13A3F74,6463045492,0x1813A3F74,0F05,true,true,false,true,57109,0x13A2C10,0x13A5786,11126,4964,0x1364,true,true,syscall,2,,,0x13A5786,function_end,instruction_start,true,false,true,true
1683,.text,0x60000020,20591919,0x13A352F,20594991,0x13A412F,6463045935,0x1813A412F,0F05,true,true,false,true,57109,0x13A2C10,0x13A5786,11126,5407,0x151F,false,true,syscall,2,,,0x13A5786,function_end,instruction_start,true,false,true,true
1684,.text,0x60000020,20592345,0x13A36D9,20595417,0x13A42D9,6463046361,0x1813A42D9,0F05,true,true,false,true,57109,0x13A2C10,0x13A5786,11126,5833,0x16C9,false,true,syscall,2,,,0x13A5786,function_end,instruction_start,true,false,true,true
1685,.text,0x60000020,20592845,0x13A38CD,20595917,0x13A44CD,6463046861,0x1813A44CD,0F05,true,true,false,true,57109,0x13A2C10,0x13A5786,11126,6333,0x18BD,false,true,syscall,2,,,0x13A5786,function_end,instruction_start,true,false,true,true
1686,.text,0x60000020,20593295,0x13A3A8F,20596367,0x13A468F,6463047311,0x1813A468F,0F05,true,true,false,true,57109,0x13A2C10,0x13A5786,11126,6783,0x1A7F,false,true,syscall,2,,,0x13A5786,function_end,instruction_start,true,false,true,true
1687,.text,0x60000020,20593799,0x13A3C87,20596871,0x13A4887,6463047815,0x1813A4887,0F05,true,true,false,true,57109,0x13A2C10,0x13A5786,11126,7287,0x1C77,false,true,syscall,2,,,0x13A5786,function_end,instruction_start,true,false,true,true
1688,.text,0x60000020,20594242,0x13A3E42,20597314,0x13A4A42,6463048258,0x1813A4A42,0F05,true,true,false,true,57109,0x13A2C10,0x13A5786,11126,7730,0x1E32,false,true,syscall,2,,,0x13A5786,function_end,instruction_start,true,false,true,true
1689,.text,0x60000020,20594553,0x13A3F79,20597625,0x13A4B79,6463048569,0x1813A4B79,0F05,true,true,false,true,57109,0x13A2C10,0x13A5786,11126,8041,0x1F69,false,true,syscall,2,,,0x13A5786,function_end,instruction_start,true,false,true,true
1690,.text,0x60000020,20595018,0x13A414A,20598090,0x13A4D4A,6463049034,0x1813A4D4A,0F05,true,true,false,true,57109,0x13A2C10,0x13A5786,11126,8506,0x213A,false,true,syscall,2,,,0x13A5786,function_end,instruction_start,true,false,true,true
1691,.text,0x60000020,20595382,0x13A42B6,20598454,0x13A4EB6,6463049398,0x1813A4EB6,0F05,true,true,false,true,57109,0x13A2C10,0x13A5786,11126,8870,0x22A6,false,true,syscall,2,,,0x13A5786,function_end,instruction_start,true,false,true,true
1692,.text,0x60000020,20595673,0x13A43D9,20598745,0x13A4FD9,6463049689,0x1813A4FD9,0F05,true,true,false,true,57109,0x13A2C10,0x13A5786,11126,9161,0x23C9,false,true,syscall,2,,,0x13A5786,function_end,instruction_start,true,false,true,true
1693,.text,0x60000020,20596067,0x13A4563,20599139,0x13A5163,6463050083,0x1813A5163,0F05,true,true,false,true,57109,0x13A2C10,0x13A5786,11126,9555,0x2553,false,true,syscall,2,,,0x13A5786,function_end,instruction_start,true,false,true,true
1694,.text,0x60000020,20596471,0x13A46F7,20599543,0x13A52F7,6463050487,0x1813A52F7,0F05,true,true,false,true,57109,0x13A2C10,0x13A5786,11126,9959,0x26E7,false,true,syscall,2,,,0x13A5786,function_end,instruction_start,true,false,true,true
1695,.text,0x60000020,20596860,0x13A487C,20599932,0x13A547C,6463050876,0x1813A547C,0F05,true,true,false,true,57109,0x13A2C10,0x13A5786,11126,10348,0x286C,true,true,syscall,2,,,0x13A5786,function_end,instruction_start,true,false,true,true
1696,.text,0x60000020,20597224,0x13A49E8,20600296,0x13A55E8,6463051240,0x1813A55E8,0F05,true,true,false,true,57109,0x13A2C10,0x13A5786,11126,10712,0x29D8,true,true,syscall,2,,,0x13A5786,function_end,instruction_start,true,false,true,true
1697,.text,0x60000020,20597604,0x13A4B64,20600676,0x13A5764,6463051620,0x1813A5764,0F05,true,true,false,true,57109,0x13A2C10,0x13A5786,11126,11092,0x2B54,true,true,syscall,2,,,0x13A5786,function_end,instruction_start,true,false,true,true
1698,.text,0x60000020,20692749,0x13BBF0D,20695821,0x13BCB0D,6463146765,0x1813BCB0D,0F05,true,true,false,true,57155,0x13B5D60,0x14DFF24,1221060,28077,0x6DAD,false,true,,0,0x13BCB0A,"add rax, qword ptr [rip + 0x1e2050f]",0x14DFF24,function_end,covered_by_instruction,false,true,false,false
1699,.text,0x60000020,22511429,0x1577F45,22514501,0x1578B45,6464965445,0x181578B45,0F05,true,true,false,false,,,,,,,false,false,,0,,,,no_pdata_function,no_pdata_function,false,true,false,false
1700,.text,0x60000020,22725191,0x15AC247,22728263,0x15ACE47,6465179207,0x1815ACE47,0F05,true,true,false,false,,,,,,,false,false,,0,,,,no_pdata_function,no_pdata_function,false,true,false,false
1701,.text,0x60000020,22750309,0x15B2465,22753381,0x15B3065,6465204325,0x1815B3065,0F05,true,true,false,true,67110,0x15B3060,0x15B3072,18,5,0x5,false,true,,0,0x15B3061,"lea rax, [rip + 0x50fe2]",0x15B3072,function_end,covered_by_instruction,false,true,false,false
1702,.text,0x60000020,23503493,0x166A285,23506565,0x166AE85,6465957509,0x18166AE85,0F05,true,true,false,true,69028,0x166AE80,0x166AE92,18,5,0x5,false,true,,0,0x166AE81,"lea rax, [rip + 0x50fc6]",0x166AE92,function_end,covered_by_instruction,false,true,false,false
1703,.text,0x60000020,23539813,0x1673065,23542885,0x1673C65,6465993829,0x181673C65,0F05,true,true,false,true,69575,0x1673C60,0x1673C72,18,5,0x5,false,true,,0,0x1673C61,"lea rax, [rip + 0x50f9a]",0x1673C72,function_end,covered_by_instruction,false,true,false,false
1704,.text,0x60000020,23587185,0x167E971,23590257,0x167F571,6466041201,0x18167F571,0F05,true,true,false,true,69712,0x167F330,0x1686939,30217,577,0x241,false,true,syscall,2,,,0x1686939,function_end,instruction_start,true,false,true,true
1705,.text,0x60000020,23589163,0x167F12B,23592235,0x167FD2B,6466043179,0x18167FD2B,0F05,true,true,false,true,69712,0x167F330,0x1686939,30217,2555,0x9FB,false,true,syscall,2,,,0x1686939,function_end,instruction_start,true,false,true,true
1706,.text,0x60000020,23590570,0x167F6AA,23593642,0x16802AA,6466044586,0x1816802AA,0F05,true,true,false,true,69712,0x167F330,0x1686939,30217,3962,0xF7A,false,true,syscall,2,,,0x1686939,function_end,instruction_start,true,false,true,true
1707,.text,0x60000020,23591394,0x167F9E2,23594466,0x16805E2,6466045410,0x1816805E2,0F05,true,true,false,true,69712,0x167F330,0x1686939,30217,4786,0x12B2,false,true,syscall,2,,,0x1686939,function_end,instruction_start,true,false,true,true
1708,.text,0x60000020,23592969,0x1680009,23596041,0x1680C09,6466046985,0x181680C09,0F05,true,true,false,true,69712,0x167F330,0x1686939,30217,6361,0x18D9,false,true,syscall,2,,,0x1686939,function_end,instruction_start,true,false,true,true
1709,.text,0x60000020,23593391,0x16801AF,23596463,0x1680DAF,6466047407,0x181680DAF,0F05,true,true,false,true,69712,0x167F330,0x1686939,30217,6783,0x1A7F,false,true,syscall,2,,,0x1686939,function_end,instruction_start,true,false,true,true
1710,.text,0x60000020,23594468,0x16805E4,23597540,0x16811E4,6466048484,0x1816811E4,0F05,true,true,false,true,69712,0x167F330,0x1686939,30217,7860,0x1EB4,true,true,syscall,2,,,0x1686939,function_end,instruction_start,true,false,true,true
1711,.text,0x60000020,23594879,0x168077F,23597951,0x168137F,6466048895,0x18168137F,0F05,true,true,false,true,69712,0x167F330,0x1686939,30217,8271,0x204F,false,true,syscall,2,,,0x1686939,function_end,instruction_start,true,false,true,true
1712,.text,0x60000020,23596385,0x1680D61,23599457,0x1681961,6466050401,0x181681961,0F05,true,true,false,true,69712,0x167F330,0x1686939,30217,9777,0x2631,false,true,syscall,2,,,0x1686939,function_end,instruction_start,true,false,true,true
1713,.text,0x60000020,23597436,0x168117C,23600508,0x1681D7C,6466051452,0x181681D7C,0F05,true,true,false,true,69712,0x167F330,0x1686939,30217,10828,0x2A4C,true,true,syscall,2,,,0x1686939,function_end,instruction_start,true,false,true,true
1714,.text,0x60000020,23601309,0x168209D,23604381,0x1682C9D,6466055325,0x181682C9D,0F05,true,true,false,true,69712,0x167F330,0x1686939,30217,14701,0x396D,false,true,syscall,2,,,0x1686939,function_end,instruction_start,true,false,true,true
1715,.text,0x60000020,23601760,0x1682260,23604832,0x1682E60,6466055776,0x181682E60,0F05,true,true,false,true,69712,0x167F330,0x1686939,30217,15152,0x3B30,true,true,syscall,2,,,0x1686939,function_end,instruction_start,true,false,true,true
1716,.text,0x60000020,23602311,0x1682487,23605383,0x1683087,6466056327,0x181683087,0F05,true,true,false,true,69712,0x167F330,0x1686939,30217,15703,0x3D57,false,true,syscall,2,,,0x1686939,function_end,instruction_start,true,false,true,true
1717,.text,0x60000020,23605533,0x168311D,23608605,0x1683D1D,6466059549,0x181683D1D,0F05,true,true,false,true,69712,0x167F330,0x1686939,30217,18925,0x49ED,false,true,syscall,2,,,0x1686939,function_end,instruction_start,true,false,true,true
1718,.text,0x60000020,23606752,0x16835E0,23609824,0x16841E0,6466060768,0x1816841E0,0F05,true,true,false,true,69712,0x167F330,0x1686939,30217,20144,0x4EB0,true,true,syscall,2,,,0x1686939,function_end,instruction_start,true,false,true,true
1719,.text,0x60000020,23608246,0x1683BB6,23611318,0x16847B6,6466062262,0x1816847B6,0F05,true,true,false,true,69712,0x167F330,0x1686939,30217,21638,0x5486,false,true,syscall,2,,,0x1686939,function_end,instruction_start,true,false,true,true
1720,.text,0x60000020,23608968,0x1683E88,23612040,0x1684A88,6466062984,0x181684A88,0F05,true,true,false,true,69712,0x167F330,0x1686939,30217,22360,0x5758,true,true,syscall,2,,,0x1686939,function_end,instruction_start,true,false,true,true
1721,.text,0x60000020,23609514,0x16840AA,23612586,0x1684CAA,6466063530,0x181684CAA,0F05,true,true,false,true,69712,0x167F330,0x1686939,30217,22906,0x597A,false,true,syscall,2,,,0x1686939,function_end,instruction_start,true,false,true,true
1722,.text,0x60000020,23610230,0x1684376,23613302,0x1684F76,6466064246,0x181684F76,0F05,true,true,false,true,69712,0x167F330,0x1686939,30217,23622,0x5C46,false,true,syscall,2,,,0x1686939,function_end,instruction_start,true,false,true,true
1723,.text,0x60000020,23612109,0x1684ACD,23615181,0x16856CD,6466066125,0x1816856CD,0F05,true,true,false,true,69712,0x167F330,0x1686939,30217,25501,0x639D,false,true,syscall,2,,,0x1686939,function_end,instruction_start,true,false,true,true
1724,.text,0x60000020,23612689,0x1684D11,23615761,0x1685911,6466066705,0x181685911,0F05,true,true,false,true,69712,0x167F330,0x1686939,30217,26081,0x65E1,false,true,syscall,2,,,0x1686939,function_end,instruction_start,true,false,true,true
1725,.text,0x60000020,23614034,0x1685252,23617106,0x1685E52,6466068050,0x181685E52,0F05,true,true,false,true,69712,0x167F330,0x1686939,30217,27426,0x6B22,false,true,syscall,2,,,0x1686939,function_end,instruction_start,true,false,true,true
1726,.text,0x60000020,23614621,0x168549D,23617693,0x168609D,6466068637,0x18168609D,0F05,true,true,false,true,69712,0x167F330,0x1686939,30217,28013,0x6D6D,false,true,syscall,2,,,0x1686939,function_end,instruction_start,true,false,true,true
1727,.text,0x60000020,23616725,0x1685CD5,23619797,0x16868D5,6466070741,0x1816868D5,0F05,true,true,false,true,69712,0x167F330,0x1686939,30217,30117,0x75A5,false,true,syscall,2,,,0x1686939,function_end,instruction_start,true,false,true,true
1728,.text,0x60000020,23731992,0x16A1F18,23735064,0x16A2B18,6466186008,0x1816A2B18,0F05,true,true,false,true,69790,0x16A2840,0x16A536C,11052,728,0x2D8,true,true,syscall,2,,,0x16A536C,function_end,instruction_start,true,false,true,true
1729,.text,0x60000020,23732415,0x16A20BF,23735487,0x16A2CBF,6466186431,0x1816A2CBF,0F05,true,true,false,true,69790,0x16A2840,0x16A536C,11052,1151,0x47F,false,true,syscall,2,,,0x16A536C,function_end,instruction_start,true,false,true,true
1730,.text,0x60000020,23732816,0x16A2250,23735888,0x16A2E50,6466186832,0x1816A2E50,0F05,true,true,false,true,69790,0x16A2840,0x16A536C,11052,1552,0x610,true,true,syscall,2,,,0x16A536C,function_end,instruction_start,true,false,true,true
1731,.text,0x60000020,23733279,0x16A241F,23736351,0x16A301F,6466187295,0x1816A301F,0F05,true,true,false,true,69790,0x16A2840,0x16A536C,11052,2015,0x7DF,false,true,syscall,2,,,0x16A536C,function_end,instruction_start,true,false,true,true
1732,.text,0x60000020,23733704,0x16A25C8,23736776,0x16A31C8,6466187720,0x1816A31C8,0F05,true,true,false,true,69790,0x16A2840,0x16A536C,11052,2440,0x988,true,true,syscall,2,,,0x16A536C,function_end,instruction_start,true,false,true,true
1733,.text,0x60000020,23734195,0x16A27B3,23737267,0x16A33B3,6466188211,0x1816A33B3,0F05,true,true,false,true,69790,0x16A2840,0x16A536C,11052,2931,0xB73,false,true,syscall,2,,,0x16A536C,function_end,instruction_start,true,false,true,true
1734,.text,0x60000020,23734618,0x16A295A,23737690,0x16A355A,6466188634,0x1816A355A,0F05,true,true,false,true,69790,0x16A2840,0x16A536C,11052,3354,0xD1A,false,true,syscall,2,,,0x16A536C,function_end,instruction_start,true,false,true,true
1735,.text,0x60000020,23734916,0x16A2A84,23737988,0x16A3684,6466188932,0x1816A3684,0F05,true,true,false,true,69790,0x16A2840,0x16A536C,11052,3652,0xE44,true,true,syscall,2,,,0x16A536C,function_end,instruction_start,true,false,true,true
1736,.text,0x60000020,23736154,0x16A2F5A,23739226,0x16A3B5A,6466190170,0x1816A3B5A,0F05,true,true,false,true,69790,0x16A2840,0x16A536C,11052,4890,0x131A,false,true,syscall,2,,,0x16A536C,function_end,instruction_start,true,false,true,true
1737,.text,0x60000020,23736597,0x16A3115,23739669,0x16A3D15,6466190613,0x1816A3D15,0F05,true,true,false,true,69790,0x16A2840,0x16A536C,11052,5333,0x14D5,false,true,syscall,2,,,0x16A536C,function_end,instruction_start,true,false,true,true
1738,.text,0x60000020,23737023,0x16A32BF,23740095,0x16A3EBF,6466191039,0x1816A3EBF,0F05,true,true,false,true,69790,0x16A2840,0x16A536C,11052,5759,0x167F,false,true,syscall,2,,,0x16A536C,function_end,instruction_start,true,false,true,true
1739,.text,0x60000020,23737523,0x16A34B3,23740595,0x16A40B3,6466191539,0x1816A40B3,0F05,true,true,false,true,69790,0x16A2840,0x16A536C,11052,6259,0x1873,false,true,syscall,2,,,0x16A536C,function_end,instruction_start,true,false,true,true
1740,.text,0x60000020,23737973,0x16A3675,23741045,0x16A4275,6466191989,0x1816A4275,0F05,true,true,false,true,69790,0x16A2840,0x16A536C,11052,6709,0x1A35,false,true,syscall,2,,,0x16A536C,function_end,instruction_start,true,false,true,true
1741,.text,0x60000020,23738477,0x16A386D,23741549,0x16A446D,6466192493,0x1816A446D,0F05,true,true,false,true,69790,0x16A2840,0x16A536C,11052,7213,0x1C2D,false,true,syscall,2,,,0x16A536C,function_end,instruction_start,true,false,true,true
1742,.text,0x60000020,23738920,0x16A3A28,23741992,0x16A4628,6466192936,0x1816A4628,0F05,true,true,false,true,69790,0x16A2840,0x16A536C,11052,7656,0x1DE8,true,true,syscall,2,,,0x16A536C,function_end,instruction_start,true,false,true,true
1743,.text,0x60000020,23739231,0x16A3B5F,23742303,0x16A475F,6466193247,0x1816A475F,0F05,true,true,false,true,69790,0x16A2840,0x16A536C,11052,7967,0x1F1F,false,true,syscall,2,,,0x16A536C,function_end,instruction_start,true,false,true,true
1744,.text,0x60000020,23739696,0x16A3D30,23742768,0x16A4930,6466193712,0x1816A4930,0F05,true,true,false,true,69790,0x16A2840,0x16A536C,11052,8432,0x20F0,true,true,syscall,2,,,0x16A536C,function_end,instruction_start,true,false,true,true
1745,.text,0x60000020,23740060,0x16A3E9C,23743132,0x16A4A9C,6466194076,0x1816A4A9C,0F05,true,true,false,true,69790,0x16A2840,0x16A536C,11052,8796,0x225C,true,true,syscall,2,,,0x16A536C,function_end,instruction_start,true,false,true,true
1746,.text,0x60000020,23740351,0x16A3FBF,23743423,0x16A4BBF,6466194367,0x1816A4BBF,0F05,true,true,false,true,69790,0x16A2840,0x16A536C,11052,9087,0x237F,false,true,syscall,2,,,0x16A536C,function_end,instruction_start,true,false,true,true
1747,.text,0x60000020,23740745,0x16A4149,23743817,0x16A4D49,6466194761,0x1816A4D49,0F05,true,true,false,true,69790,0x16A2840,0x16A536C,11052,9481,0x2509,false,true,syscall,2,,,0x16A536C,function_end,instruction_start,true,false,true,true
1748,.text,0x60000020,23741149,0x16A42DD,23744221,0x16A4EDD,6466195165,0x1816A4EDD,0F05,true,true,false,true,69790,0x16A2840,0x16A536C,11052,9885,0x269D,false,true,syscall,2,,,0x16A536C,function_end,instruction_start,true,false,true,true
1749,.text,0x60000020,23741538,0x16A4462,23744610,0x16A5062,6466195554,0x1816A5062,0F05,true,true,false,true,69790,0x16A2840,0x16A536C,11052,10274,0x2822,false,true,syscall,2,,,0x16A536C,function_end,instruction_start,true,false,true,true
1750,.text,0x60000020,23741902,0x16A45CE,23744974,0x16A51CE,6466195918,0x1816A51CE,0F05,true,true,false,true,69790,0x16A2840,0x16A536C,11052,10638,0x298E,false,true,syscall,2,,,0x16A536C,function_end,instruction_start,true,false,true,true
1751,.text,0x60000020,23742282,0x16A474A,23745354,0x16A534A,6466196298,0x1816A534A,0F05,true,true,false,true,69790,0x16A2840,0x16A536C,11052,11018,0x2B0A,false,true,syscall,2,,,0x16A536C,function_end,instruction_start,true,false,true,true
1752,.text,0x60000020,23850293,0x16BED35,23853365,0x16BF935,6466304309,0x1816BF935,0F05,true,true,false,false,,,,,,,false,false,,0,,,,no_pdata_function,no_pdata_function,false,true,false,false
1753,.text,0x60000020,23963373,0x16DA6ED,23966445,0x16DB2ED,6466417389,0x1816DB2ED,0F05,true,true,false,true,70271,0x16DB170,0x16DDB16,10662,381,0x17D,false,true,syscall,2,,,0x16DDB16,function_end,instruction_start,true,false,true,true
1754,.text,0x60000020,23966588,0x16DB37C,23969660,0x16DBF7C,6466420604,0x1816DBF7C,0F05,true,true,false,true,70271,0x16DB170,0x16DDB16,10662,3596,0xE0C,true,true,syscall,2,,,0x16DDB16,function_end,instruction_start,true,false,true,true
1755,.text,0x60000020,23967126,0x16DB596,23970198,0x16DC196,6466421142,0x1816DC196,0F05,true,true,false,true,70271,0x16DB170,0x16DDB16,10662,4134,0x1026,false,true,syscall,2,,,0x16DDB16,function_end,instruction_start,true,false,true,true
1756,.text,0x60000020,23968523,0x16DBB0B,23971595,0x16DC70B,6466422539,0x1816DC70B,0F05,true,true,false,true,70271,0x16DB170,0x16DDB16,10662,5531,0x159B,false,true,syscall,2,,,0x16DDB16,function_end,instruction_start,true,false,true,true
1757,.text,0x60000020,23969001,0x16DBCE9,23972073,0x16DC8E9,6466423017,0x1816DC8E9,0F05,true,true,false,true,70271,0x16DB170,0x16DDB16,10662,6009,0x1779,false,true,syscall,2,,,0x16DDB16,function_end,instruction_start,true,false,true,true
1758,.text,0x60000020,23971245,0x16DC5AD,23974317,0x16DD1AD,6466425261,0x1816DD1AD,0F05,true,true,false,true,70271,0x16DB170,0x16DDB16,10662,8253,0x203D,false,true,syscall,2,,,0x16DDB16,function_end,instruction_start,true,false,true,true
1759,.text,0x60000020,23971743,0x16DC79F,23974815,0x16DD39F,6466425759,0x1816DD39F,0F05,true,true,false,true,70271,0x16DB170,0x16DDB16,10662,8751,0x222F,false,true,syscall,2,,,0x16DDB16,function_end,instruction_start,true,false,true,true
1760,.text,0x60000020,23972975,0x16DCC6F,23976047,0x16DD86F,6466426991,0x1816DD86F,0F05,true,true,false,true,70271,0x16DB170,0x16DDB16,10662,9983,0x26FF,false,true,syscall,2,,,0x16DDB16,function_end,instruction_start,true,false,true,true
1761,.text,0x60000020,24363655,0x173C287,24366727,0x173CE87,6466817671,0x18173CE87,0F05,true,true,false,true,71860,0x173CDE0,0x173D009,553,167,0xA7,false,true,,0,0x173CE83,"movzx r10d, byte ptr [rdi + r9 + 5]",0x173D009,function_end,covered_by_instruction,false,true,false,false
1762,.text,0x60000020,24426455,0x174B7D7,24429527,0x174C3D7,6466880471,0x18174C3D7,0F05,true,true,false,true,72092,0x174C190,0x1753697,29959,583,0x247,false,true,syscall,2,,,0x1753697,function_end,instruction_start,true,false,true,true
1763,.text,0x60000020,24429835,0x174C50B,24432907,0x174D10B,6466883851,0x18174D10B,0F05,true,true,false,true,72092,0x174C190,0x1753697,29959,3963,0xF7B,false,true,syscall,2,,,0x1753697,function_end,instruction_start,true,false,true,true
1764,.text,0x60000020,24430431,0x174C75F,24433503,0x174D35F,6466884447,0x18174D35F,0F05,true,true,false,true,72092,0x174C190,0x1753697,29959,4559,0x11CF,false,true,syscall,2,,,0x1753697,function_end,instruction_start,true,false,true,true
1765,.text,0x60000020,24430962,0x174C972,24434034,0x174D572,6466884978,0x18174D572,0F05,true,true,false,true,72092,0x174C190,0x1753697,29959,5090,0x13E2,false,true,syscall,2,,,0x1753697,function_end,instruction_start,true,false,true,true
1766,.text,0x60000020,24432883,0x174D0F3,24435955,0x174DCF3,6466886899,0x18174DCF3,0F05,true,true,false,true,72092,0x174C190,0x1753697,29959,7011,0x1B63,false,true,syscall,2,,,0x1753697,function_end,instruction_start,true,false,true,true
1767,.text,0x60000020,24433443,0x174D323,24436515,0x174DF23,6466887459,0x18174DF23,0F05,true,true,false,true,72092,0x174C190,0x1753697,29959,7571,0x1D93,false,true,syscall,2,,,0x1753697,function_end,instruction_start,true,false,true,true
1768,.text,0x60000020,24433931,0x174D50B,24437003,0x174E10B,6466887947,0x18174E10B,0F05,true,true,false,true,72092,0x174C190,0x1753697,29959,8059,0x1F7B,false,true,syscall,2,,,0x1753697,function_end,instruction_start,true,false,true,true
1769,.text,0x60000020,24434864,0x174D8B0,24437936,0x174E4B0,6466888880,0x18174E4B0,0F05,true,true,false,true,72092,0x174C190,0x1753697,29959,8992,0x2320,true,true,syscall,2,,,0x1753697,function_end,instruction_start,true,false,true,true
1770,.text,0x60000020,24435926,0x174DCD6,24438998,0x174E8D6,6466889942,0x18174E8D6,0F05,true,true,false,true,72092,0x174C190,0x1753697,29959,10054,0x2746,false,true,syscall,2,,,0x1753697,function_end,instruction_start,true,false,true,true
1771,.text,0x60000020,24436746,0x174E00A,24439818,0x174EC0A,6466890762,0x18174EC0A,0F05,true,true,false,true,72092,0x174C190,0x1753697,29959,10874,0x2A7A,false,true,syscall,2,,,0x1753697,function_end,instruction_start,true,false,true,true
1772,.text,0x60000020,24437746,0x174E3F2,24440818,0x174EFF2,6466891762,0x18174EFF2,0F05,true,true,false,true,72092,0x174C190,0x1753697,29959,11874,0x2E62,false,true,syscall,2,,,0x1753697,function_end,instruction_start,true,false,true,true
1773,.text,0x60000020,24438337,0x174E641,24441409,0x174F241,6466892353,0x18174F241,0F05,true,true,false,true,72092,0x174C190,0x1753697,29959,12465,0x30B1,false,true,syscall,2,,,0x1753697,function_end,instruction_start,true,false,true,true
1774,.text,0x60000020,24439237,0x174E9C5,24442309,0x174F5C5,6466893253,0x18174F5C5,0F05,true,true,false,true,72092,0x174C190,0x1753697,29959,13365,0x3435,false,true,syscall,2,,,0x1753697,function_end,instruction_start,true,false,true,true
1775,.text,0x60000020,24439865,0x174EC39,24442937,0x174F839,6466893881,0x18174F839,0F05,true,true,false,true,72092,0x174C190,0x1753697,29959,13993,0x36A9,false,true,syscall,2,,,0x1753697,function_end,instruction_start,true,false,true,true
1776,.text,0x60000020,24440373,0x174EE35,24443445,0x174FA35,6466894389,0x18174FA35,0F05,true,true,false,true,72092,0x174C190,0x1753697,29959,14501,0x38A5,false,true,syscall,2,,,0x1753697,function_end,instruction_start,true,false,true,true
1777,.text,0x60000020,24440759,0x174EFB7,24443831,0x174FBB7,6466894775,0x18174FBB7,0F05,true,true,false,true,72092,0x174C190,0x1753697,29959,14887,0x3A27,false,true,syscall,2,,,0x1753697,function_end,instruction_start,true,false,true,true
1778,.text,0x60000020,24441652,0x174F334,24444724,0x174FF34,6466895668,0x18174FF34,0F05,true,true,false,true,72092,0x174C190,0x1753697,29959,15780,0x3DA4,true,true,syscall,2,,,0x1753697,function_end,instruction_start,true,false,true,true
1779,.text,0x60000020,24444040,0x174FC88,24447112,0x1750888,6466898056,0x181750888,0F05,true,true,false,true,72092,0x174C190,0x1753697,29959,18168,0x46F8,true,true,syscall,2,,,0x1753697,function_end,instruction_start,true,false,true,true
1780,.text,0x60000020,24445822,0x175037E,24448894,0x1750F7E,6466899838,0x181750F7E,0F05,true,true,false,true,72092,0x174C190,0x1753697,29959,19950,0x4DEE,false,true,syscall,2,,,0x1753697,function_end,instruction_start,true,false,true,true
1781,.text,0x60000020,24446571,0x175066B,24449643,0x175126B,6466900587,0x18175126B,0F05,true,true,false,true,72092,0x174C190,0x1753697,29959,20699,0x50DB,false,true,syscall,2,,,0x1753697,function_end,instruction_start,true,false,true,true
1782,.text,0x60000020,24449363,0x1751153,24452435,0x1751D53,6466903379,0x181751D53,0F05,true,true,false,true,72092,0x174C190,0x1753697,29959,23491,0x5BC3,false,true,syscall,2,,,0x1753697,function_end,instruction_start,true,false,true,true
1783,.text,0x60000020,24451798,0x1751AD6,24454870,0x17526D6,6466905814,0x1817526D6,0F05,true,true,false,true,72092,0x174C190,0x1753697,29959,25926,0x6546,false,true,syscall,2,,,0x1753697,function_end,instruction_start,true,false,true,true
1784,.text,0x60000020,24453828,0x17522C4,24456900,0x1752EC4,6466907844,0x181752EC4,0F05,true,true,false,true,72092,0x174C190,0x1753697,29959,27956,0x6D34,true,true,syscall,2,,,0x1753697,function_end,instruction_start,true,false,true,true
1785,.text,0x60000020,24455084,0x17527AC,24458156,0x17533AC,6466909100,0x1817533AC,0F05,true,true,false,true,72092,0x174C190,0x1753697,29959,29212,0x721C,true,true,syscall,2,,,0x1753697,function_end,instruction_start,true,false,true,true
1786,.text,0x60000020,24676325,0x17887E5,24679397,0x17893E5,6467130341,0x1817893E5,0F05,true,true,false,true,73021,0x1789230,0x178CFE2,15794,437,0x1B5,false,true,,0,0x17893E2,"mov rcx, qword ptr [rip + 0x15c050f]",0x178CFE2,function_end,covered_by_instruction,false,true,false,false
1787,.text,0x60000020,25082545,0x17EBAB1,25085617,0x17EC6B1,6467536561,0x1817EC6B1,0F05,true,true,false,true,74117,0x17EC2D0,0x17EE15A,7818,993,0x3E1,false,true,syscall,2,,,0x17EE15A,function_end,instruction_start,true,false,true,true
1788,.text,0x60000020,25082865,0x17EBBF1,25085937,0x17EC7F1,6467536881,0x1817EC7F1,0F05,true,true,false,true,74117,0x17EC2D0,0x17EE15A,7818,1313,0x521,false,true,syscall,2,,,0x17EE15A,function_end,instruction_start,true,false,true,true
1789,.text,0x60000020,25083289,0x17EBD99,25086361,0x17EC999,6467537305,0x1817EC999,0F05,true,true,false,true,74117,0x17EC2D0,0x17EE15A,7818,1737,0x6C9,false,true,syscall,2,,,0x17EE15A,function_end,instruction_start,true,false,true,true
1790,.text,0x60000020,25083705,0x17EBF39,25086777,0x17ECB39,6467537721,0x1817ECB39,0F05,true,true,false,true,74117,0x17EC2D0,0x17EE15A,7818,2153,0x869,false,true,syscall,2,,,0x17EE15A,function_end,instruction_start,true,false,true,true
1791,.text,0x60000020,25084176,0x17EC110,25087248,0x17ECD10,6467538192,0x1817ECD10,0F05,true,true,false,true,74117,0x17EC2D0,0x17EE15A,7818,2624,0xA40,true,true,syscall,2,,,0x17EE15A,function_end,instruction_start,true,false,true,true
1792,.text,0x60000020,25084510,0x17EC25E,25087582,0x17ECE5E,6467538526,0x1817ECE5E,0F05,true,true,false,true,74117,0x17EC2D0,0x17EE15A,7818,2958,0xB8E,false,true,syscall,2,,,0x17EE15A,function_end,instruction_start,true,false,true,true
1793,.text,0x60000020,25084830,0x17EC39E,25087902,0x17ECF9E,6467538846,0x1817ECF9E,0F05,true,true,false,true,74117,0x17EC2D0,0x17EE15A,7818,3278,0xCCE,false,true,syscall,2,,,0x17EE15A,function_end,instruction_start,true,false,true,true
1794,.text,0x60000020,25085247,0x17EC53F,25088319,0x17ED13F,6467539263,0x1817ED13F,0F05,true,true,false,true,74117,0x17EC2D0,0x17EE15A,7818,3695,0xE6F,false,true,syscall,2,,,0x17EE15A,function_end,instruction_start,true,false,true,true
1795,.text,0x60000020,25086318,0x17EC96E,25089390,0x17ED56E,6467540334,0x1817ED56E,0F05,true,true,false,true,74117,0x17EC2D0,0x17EE15A,7818,4766,0x129E,false,true,syscall,2,,,0x17EE15A,function_end,instruction_start,true,false,true,true
1796,.text,0x60000020,25086724,0x17ECB04,25089796,0x17ED704,6467540740,0x1817ED704,0F05,true,true,false,true,74117,0x17EC2D0,0x17EE15A,7818,5172,0x1434,true,true,syscall,2,,,0x17EE15A,function_end,instruction_start,true,false,true,true
1797,.text,0x60000020,25087113,0x17ECC89,25090185,0x17ED889,6467541129,0x1817ED889,0F05,true,true,false,true,74117,0x17EC2D0,0x17EE15A,7818,5561,0x15B9,false,true,syscall,2,,,0x17EE15A,function_end,instruction_start,true,false,true,true
1798,.text,0x60000020,25087555,0x17ECE43,25090627,0x17EDA43,6467541571,0x1817EDA43,0F05,true,true,false,true,74117,0x17EC2D0,0x17EE15A,7818,6003,0x1773,false,true,syscall,2,,,0x17EE15A,function_end,instruction_start,true,false,true,true
1799,.text,0x60000020,25087968,0x17ECFE0,25091040,0x17EDBE0,6467541984,0x1817EDBE0,0F05,true,true,false,true,74117,0x17EC2D0,0x17EE15A,7818,6416,0x1910,true,true,syscall,2,,,0x17EE15A,function_end,instruction_start,true,false,true,true
1800,.text,0x60000020,25088456,0x17ED1C8,25091528,0x17EDDC8,6467542472,0x1817EDDC8,0F05,true,true,false,true,74117,0x17EC2D0,0x17EE15A,7818,6904,0x1AF8,true,true,syscall,2,,,0x17EE15A,function_end,instruction_start,true,false,true,true
1801,.text,0x60000020,25088862,0x17ED35E,25091934,0x17EDF5E,6467542878,0x1817EDF5E,0F05,true,true,false,true,74117,0x17EC2D0,0x17EE15A,7818,7310,0x1C8E,false,true,syscall,2,,,0x17EE15A,function_end,instruction_start,true,false,true,true
1802,.text,0x60000020,25089157,0x17ED485,25092229,0x17EE085,6467543173,0x1817EE085,0F05,true,true,false,true,74117,0x17EC2D0,0x17EE15A,7818,7605,0x1DB5,false,true,syscall,2,,,0x17EE15A,function_end,instruction_start,true,false,true,true
1803,.text,0x60000020,25094358,0x17EE8D6,25097430,0x17EF4D6,6467548374,0x1817EF4D6,0F05,true,true,false,true,74120,0x17EE7E0,0x183F26C,330380,3318,0xCF6,false,true,syscall,2,,,0x183F26C,function_end,instruction_start,true,false,true,true
1804,.text,0x60000020,25096183,0x17EEFF7,25099255,0x17EFBF7,6467550199,0x1817EFBF7,0F05,true,true,false,true,74120,0x17EE7E0,0x183F26C,330380,5143,0x1417,false,true,syscall,2,,,0x183F26C,function_end,instruction_start,true,false,true,true
1805,.text,0x60000020,25203763,0x1809433,25206835,0x180A033,6467657779,0x18180A033,0F05,true,true,false,true,74120,0x17EE7E0,0x183F26C,330380,112723,0x1B853,false,true,syscall,2,,,0x183F26C,function_end,instruction_start,true,false,true,true
1806,.text,0x60000020,25226810,0x180EE3A,25229882,0x180FA3A,6467680826,0x18180FA3A,0F05,true,true,false,true,74120,0x17EE7E0,0x183F26C,330380,135770,0x2125A,false,true,syscall,2,,,0x183F26C,function_end,instruction_start,true,false,true,true
1807,.text,0x60000020,25227389,0x180F07D,25230461,0x180FC7D,6467681405,0x18180FC7D,0F05,true,true,false,true,74120,0x17EE7E0,0x183F26C,330380,136349,0x2149D,false,true,syscall,2,,,0x183F26C,function_end,instruction_start,true,false,true,true
1808,.text,0x60000020,25264404,0x1818114,25267476,0x1818D14,6467718420,0x181818D14,0F05,true,true,false,true,74120,0x17EE7E0,0x183F26C,330380,173364,0x2A534,true,true,syscall,2,,,0x183F26C,function_end,instruction_start,true,false,true,true
1809,.text,0x60000020,25273892,0x181A624,25276964,0x181B224,6467727908,0x18181B224,0F05,true,true,false,true,74120,0x17EE7E0,0x183F26C,330380,182852,0x2CA44,true,true,syscall,2,,,0x183F26C,function_end,instruction_start,true,false,true,true
1810,.text,0x60000020,25317663,0x182511F,25320735,0x1825D1F,6467771679,0x181825D1F,0F05,true,true,false,true,74120,0x17EE7E0,0x183F26C,330380,226623,0x3753F,false,true,syscall,2,,,0x183F26C,function_end,instruction_start,true,false,true,true
1811,.text,0x60000020,25318676,0x1825514,25321748,0x1826114,6467772692,0x181826114,0F05,true,true,false,true,74120,0x17EE7E0,0x183F26C,330380,227636,0x37934,true,true,syscall,2,,,0x183F26C,function_end,instruction_start,true,false,true,true
1812,.text,0x60000020,25321311,0x1825F5F,25324383,0x1826B5F,6467775327,0x181826B5F,0F05,true,true,false,true,74120,0x17EE7E0,0x183F26C,330380,230271,0x3837F,false,true,syscall,2,,,0x183F26C,function_end,instruction_start,true,false,true,true
1813,.text,0x60000020,25321720,0x18260F8,25324792,0x1826CF8,6467775736,0x181826CF8,0F05,true,true,false,true,74120,0x17EE7E0,0x183F26C,330380,230680,0x38518,true,true,syscall,2,,,0x183F26C,function_end,instruction_start,true,false,true,true
1814,.text,0x60000020,25323824,0x1826930,25326896,0x1827530,6467777840,0x181827530,0F05,true,true,false,true,74120,0x17EE7E0,0x183F26C,330380,232784,0x38D50,true,true,syscall,2,,,0x183F26C,function_end,instruction_start,true,false,true,true
1815,.text,0x60000020,25326611,0x1827413,25329683,0x1828013,6467780627,0x181828013,0F05,true,true,false,true,74120,0x17EE7E0,0x183F26C,330380,235571,0x39833,false,true,syscall,2,,,0x183F26C,function_end,instruction_start,true,false,true,true
1816,.text,0x60000020,25331697,0x18287F1,25334769,0x18293F1,6467785713,0x1818293F1,0F05,true,true,false,true,74120,0x17EE7E0,0x183F26C,330380,240657,0x3AC11,false,true,syscall,2,,,0x183F26C,function_end,instruction_start,true,false,true,true
1817,.text,0x60000020,25335407,0x182966F,25338479,0x182A26F,6467789423,0x18182A26F,0F05,true,true,false,true,74120,0x17EE7E0,0x183F26C,330380,244367,0x3BA8F,false,true,syscall,2,,,0x183F26C,function_end,instruction_start,true,false,true,true
1818,.text,0x60000020,25350089,0x182CFC9,25353161,0x182DBC9,6467804105,0x18182DBC9,0F05,true,true,false,true,74120,0x17EE7E0,0x183F26C,330380,259049,0x3F3E9,false,true,syscall,2,,,0x183F26C,function_end,instruction_start,true,false,true,true
1819,.text,0x60000020,25355088,0x182E350,25358160,0x182EF50,6467809104,0x18182EF50,0F05,true,true,false,true,74120,0x17EE7E0,0x183F26C,330380,264048,0x40770,true,true,syscall,2,,,0x183F26C,function_end,instruction_start,true,false,true,true
1820,.text,0x60000020,25378005,0x1833CD5,25381077,0x18348D5,6467832021,0x1818348D5,0F05,true,true,false,true,74120,0x17EE7E0,0x183F26C,330380,286965,0x460F5,false,true,syscall,2,,,0x183F26C,function_end,instruction_start,true,false,true,true
1821,.text,0x60000020,25385216,0x1835900,25388288,0x1836500,6467839232,0x181836500,0F05,true,true,false,true,74120,0x17EE7E0,0x183F26C,330380,294176,0x47D20,true,true,syscall,2,,,0x183F26C,function_end,instruction_start,true,false,true,true
1822,.text,0x60000020,25397540,0x1838924,25400612,0x1839524,6467851556,0x181839524,0F05,true,true,false,true,74120,0x17EE7E0,0x183F26C,330380,306500,0x4AD44,true,true,syscall,2,,,0x183F26C,function_end,instruction_start,true,false,true,true
1823,.text,0x60000020,25398014,0x1838AFE,25401086,0x18396FE,6467852030,0x1818396FE,0F05,true,true,false,true,74120,0x17EE7E0,0x183F26C,330380,306974,0x4AF1E,false,true,syscall,2,,,0x183F26C,function_end,instruction_start,true,false,true,true
1824,.text,0x60000020,25401458,0x1839872,25404530,0x183A472,6467855474,0x18183A472,0F05,true,true,false,true,74120,0x17EE7E0,0x183F26C,330380,310418,0x4BC92,false,true,syscall,2,,,0x183F26C,function_end,instruction_start,true,false,true,true
1825,.text,0x60000020,25407680,0x183B0C0,25410752,0x183BCC0,6467861696,0x18183BCC0,0F05,true,true,false,true,74120,0x17EE7E0,0x183F26C,330380,316640,0x4D4E0,true,true,syscall,2,,,0x183F26C,function_end,instruction_start,true,false,true,true
1826,.text,0x60000020,25414254,0x183CA6E,25417326,0x183D66E,6467868270,0x18183D66E,0F05,true,true,false,true,74120,0x17EE7E0,0x183F26C,330380,323214,0x4EE8E,false,true,syscall,2,,,0x183F26C,function_end,instruction_start,true,false,true,true
1827,.text,0x60000020,25430861,0x1840B4D,25433933,0x184174D,6467884877,0x18184174D,0F05,true,true,false,true,74127,0x1840FF0,0x1849D7F,36239,1885,0x75D,false,true,syscall,2,,,0x1849D7F,function_end,instruction_start,true,false,true,true
1828,.text,0x60000020,25431967,0x1840F9F,25435039,0x1841B9F,6467885983,0x181841B9F,0F05,true,true,false,true,74127,0x1840FF0,0x1849D7F,36239,2991,0xBAF,false,true,syscall,2,,,0x1849D7F,function_end,instruction_start,true,false,true,true
1829,.text,0x60000020,25432937,0x1841369,25436009,0x1841F69,6467886953,0x181841F69,0F05,true,true,false,true,74127,0x1840FF0,0x1849D7F,36239,3961,0xF79,false,true,syscall,2,,,0x1849D7F,function_end,instruction_start,true,false,true,true
1830,.text,0x60000020,25433366,0x1841516,25436438,0x1842116,6467887382,0x181842116,0F05,true,true,false,true,74127,0x1840FF0,0x1849D7F,36239,4390,0x1126,false,true,syscall,2,,,0x1849D7F,function_end,instruction_start,true,false,true,true
1831,.text,0x60000020,25434965,0x1841B55,25438037,0x1842755,6467888981,0x181842755,0F05,true,true,false,true,74127,0x1840FF0,0x1849D7F,36239,5989,0x1765,false,true,syscall,2,,,0x1849D7F,function_end,instruction_start,true,false,true,true
1832,.text,0x60000020,25435836,0x1841EBC,25438908,0x1842ABC,6467889852,0x181842ABC,0F05,true,true,false,true,74127,0x1840FF0,0x1849D7F,36239,6860,0x1ACC,true,true,syscall,2,,,0x1849D7F,function_end,instruction_start,true,false,true,true
1833,.text,0x60000020,25437401,0x18424D9,25440473,0x18430D9,6467891417,0x1818430D9,0F05,true,true,false,true,74127,0x1840FF0,0x1849D7F,36239,8425,0x20E9,false,true,syscall,2,,,0x1849D7F,function_end,instruction_start,true,false,true,true
1834,.text,0x60000020,25443206,0x1843B86,25446278,0x1844786,6467897222,0x181844786,0F05,true,true,false,true,74127,0x1840FF0,0x1849D7F,36239,14230,0x3796,false,true,syscall,2,,,0x1849D7F,function_end,instruction_start,true,false,true,true
1835,.text,0x60000020,25444817,0x18441D1,25447889,0x1844DD1,6467898833,0x181844DD1,0F05,true,true,false,true,74127,0x1840FF0,0x1849D7F,36239,15841,0x3DE1,false,true,syscall,2,,,0x1849D7F,function_end,instruction_start,true,false,true,true
1836,.text,0x60000020,25445395,0x1844413,25448467,0x1845013,6467899411,0x181845013,0F05,true,true,false,true,74127,0x1840FF0,0x1849D7F,36239,16419,0x4023,false,true,syscall,2,,,0x1849D7F,function_end,instruction_start,true,false,true,true
1837,.text,0x60000020,25451122,0x1845A72,25454194,0x1846672,6467905138,0x181846672,0F05,true,true,false,true,74127,0x1840FF0,0x1849D7F,36239,22146,0x5682,false,true,syscall,2,,,0x1849D7F,function_end,instruction_start,true,false,true,true
1838,.text,0x60000020,25451719,0x1845CC7,25454791,0x18468C7,6467905735,0x1818468C7,0F05,true,true,false,true,74127,0x1840FF0,0x1849D7F,36239,22743,0x58D7,false,true,syscall,2,,,0x1849D7F,function_end,instruction_start,true,false,true,true
1839,.text,0x60000020,25452436,0x1845F94,25455508,0x1846B94,6467906452,0x181846B94,0F05,true,true,false,true,74127,0x1840FF0,0x1849D7F,36239,23460,0x5BA4,true,true,syscall,2,,,0x1849D7F,function_end,instruction_start,true,false,true,true
1840,.text,0x60000020,25461307,0x184823B,25464379,0x1848E3B,6467915323,0x181848E3B,0F05,true,true,false,true,74127,0x1840FF0,0x1849D7F,36239,32331,0x7E4B,false,true,syscall,2,,,0x1849D7F,function_end,instruction_start,true,false,true,true
1841,.text,0x60000020,25462003,0x18484F3,25465075,0x18490F3,6467916019,0x1818490F3,0F05,true,true,false,true,74127,0x1840FF0,0x1849D7F,36239,33027,0x8103,false,true,syscall,2,,,0x1849D7F,function_end,instruction_start,true,false,true,true
1842,.text,0x60000020,25465094,0x1849106,25468166,0x1849D06,6467919110,0x181849D06,0F05,true,true,false,true,74127,0x1840FF0,0x1849D7F,36239,36118,0x8D16,false,true,syscall,2,,,0x1849D7F,function_end,instruction_start,true,false,true,true
1843,.text,0x60000020,25492438,0x184FBD6,25495510,0x18507D6,6467946454,0x1818507D6,0F05,true,true,false,true,74133,0x1850510,0x18577DC,29388,710,0x2C6,false,true,syscall,2,,,0x18577DC,function_end,instruction_start,true,false,true,true
1844,.text,0x60000020,25493259,0x184FF0B,25496331,0x1850B0B,6467947275,0x181850B0B,0F05,true,true,false,true,74133,0x1850510,0x18577DC,29388,1531,0x5FB,false,true,syscall,2,,,0x18577DC,function_end,instruction_start,true,false,true,true
1845,.text,0x60000020,25493608,0x1850068,25496680,0x1850C68,6467947624,0x181850C68,0F05,true,true,false,true,74133,0x1850510,0x18577DC,29388,1880,0x758,true,true,syscall,2,,,0x18577DC,function_end,instruction_start,true,false,true,true
1846,.text,0x60000020,25494104,0x1850258,25497176,0x1850E58,6467948120,0x181850E58,0F05,true,true,false,true,74133,0x1850510,0x18577DC,29388,2376,0x948,true,true,syscall,2,,,0x18577DC,function_end,instruction_start,true,false,true,true
1847,.text,0x60000020,25494712,0x18504B8,25497784,0x18510B8,6467948728,0x1818510B8,0F05,true,true,false,true,74133,0x1850510,0x18577DC,29388,2984,0xBA8,true,true,syscall,2,,,0x18577DC,function_end,instruction_start,true,false,true,true
1848,.text,0x60000020,25495345,0x1850731,25498417,0x1851331,6467949361,0x181851331,0F05,true,true,false,true,74133,0x1850510,0x18577DC,29388,3617,0xE21,false,true,syscall,2,,,0x18577DC,function_end,instruction_start,true,false,true,true
1849,.text,0x60000020,25495966,0x185099E,25499038,0x185159E,6467949982,0x18185159E,0F05,true,true,false,true,74133,0x1850510,0x18577DC,29388,4238,0x108E,false,true,syscall,2,,,0x18577DC,function_end,instruction_start,true,false,true,true
1850,.text,0x60000020,25502818,0x1852462,25505890,0x1853062,6467956834,0x181853062,0F05,true,true,false,true,74133,0x1850510,0x18577DC,29388,11090,0x2B52,false,true,syscall,2,,,0x18577DC,function_end,instruction_start,true,false,true,true
1851,.text,0x60000020,25505591,0x1852F37,25508663,0x1853B37,6467959607,0x181853B37,0F05,true,true,false,true,74133,0x1850510,0x18577DC,29388,13863,0x3627,false,true,syscall,2,,,0x18577DC,function_end,instruction_start,true,false,true,true
1852,.text,0x60000020,25506185,0x1853189,25509257,0x1853D89,6467960201,0x181853D89,0F05,true,true,false,true,74133,0x1850510,0x18577DC,29388,14457,0x3879,false,true,syscall,2,,,0x18577DC,function_end,instruction_start,true,false,true,true
1853,.text,0x60000020,25506581,0x1853315,25509653,0x1853F15,6467960597,0x181853F15,0F05,true,true,false,true,74133,0x1850510,0x18577DC,29388,14853,0x3A05,false,true,syscall,2,,,0x18577DC,function_end,instruction_start,true,false,true,true
1854,.text,0x60000020,25507088,0x1853510,25510160,0x1854110,6467961104,0x181854110,0F05,true,true,false,true,74133,0x1850510,0x18577DC,29388,15360,0x3C00,true,true,syscall,2,,,0x18577DC,function_end,instruction_start,true,false,true,true
1855,.text,0x60000020,25509307,0x1853DBB,25512379,0x18549BB,6467963323,0x1818549BB,0F05,true,true,false,true,74133,0x1850510,0x18577DC,29388,17579,0x44AB,false,true,syscall,2,,,0x18577DC,function_end,instruction_start,true,false,true,true
1856,.text,0x60000020,25510642,0x18542F2,25513714,0x1854EF2,6467964658,0x181854EF2,0F05,true,true,false,true,74133,0x1850510,0x18577DC,29388,18914,0x49E2,false,true,syscall,2,,,0x18577DC,function_end,instruction_start,true,false,true,true
1857,.text,0x60000020,25511061,0x1854495,25514133,0x1855095,6467965077,0x181855095,0F05,true,true,false,true,74133,0x1850510,0x18577DC,29388,19333,0x4B85,false,true,syscall,2,,,0x18577DC,function_end,instruction_start,true,false,true,true
1858,.text,0x60000020,25512733,0x1854B1D,25515805,0x185571D,6467966749,0x18185571D,0F05,true,true,false,true,74133,0x1850510,0x18577DC,29388,21005,0x520D,false,true,syscall,2,,,0x18577DC,function_end,instruction_start,true,false,true,true
1859,.text,0x60000020,25513689,0x1854ED9,25516761,0x1855AD9,6467967705,0x181855AD9,0F05,true,true,false,true,74133,0x1850510,0x18577DC,29388,21961,0x55C9,false,true,syscall,2,,,0x18577DC,function_end,instruction_start,true,false,true,true
1860,.text,0x60000020,25514364,0x185517C,25517436,0x1855D7C,6467968380,0x181855D7C,0F05,true,true,false,true,74133,0x1850510,0x18577DC,29388,22636,0x586C,true,true,syscall,2,,,0x18577DC,function_end,instruction_start,true,false,true,true
1861,.text,0x60000020,25515010,0x1855402,25518082,0x1856002,6467969026,0x181856002,0F05,true,true,false,true,74133,0x1850510,0x18577DC,29388,23282,0x5AF2,false,true,syscall,2,,,0x18577DC,function_end,instruction_start,true,false,true,true
1862,.text,0x60000020,25515519,0x18555FF,25518591,0x18561FF,6467969535,0x1818561FF,0F05,true,true,false,true,74133,0x1850510,0x18577DC,29388,23791,0x5CEF,false,true,syscall,2,,,0x18577DC,function_end,instruction_start,true,false,true,true
1863,.text,0x60000020,25516038,0x1855806,25519110,0x1856406,6467970054,0x181856406,0F05,true,true,false,true,74133,0x1850510,0x18577DC,29388,24310,0x5EF6,false,true,syscall,2,,,0x18577DC,function_end,instruction_start,true,false,true,true
1864,.text,0x60000020,25518301,0x18560DD,25521373,0x1856CDD,6467972317,0x181856CDD,0F05,true,true,false,true,74133,0x1850510,0x18577DC,29388,26573,0x67CD,false,true,syscall,2,,,0x18577DC,function_end,instruction_start,true,false,true,true
1865,.text,0x60000020,25518656,0x1856240,25521728,0x1856E40,6467972672,0x181856E40,0F05,true,true,false,true,74133,0x1850510,0x18577DC,29388,26928,0x6930,true,true,syscall,2,,,0x18577DC,function_end,instruction_start,true,false,true,true
1866,.text,0x60000020,25520677,0x1856A25,25523749,0x1857625,6467974693,0x181857625,0F05,true,true,false,true,74133,0x1850510,0x18577DC,29388,28949,0x7115,false,true,syscall,2,,,0x18577DC,function_end,instruction_start,true,false,true,true
1867,.text,0x60000020,25539483,0x185B39B,25542555,0x185BF9B,6467993499,0x18185BF9B,0F05,true,true,false,true,74136,0x185B700,0x1862EB1,30641,2203,0x89B,false,true,syscall,2,,,0x1862EB1,function_end,instruction_start,true,false,true,true
1868,.text,0x60000020,25539843,0x185B503,25542915,0x185C103,6467993859,0x18185C103,0F05,true,true,false,true,74136,0x185B700,0x1862EB1,30641,2563,0xA03,false,true,syscall,2,,,0x1862EB1,function_end,instruction_start,true,false,true,true
1869,.text,0x60000020,25540246,0x185B696,25543318,0x185C296,6467994262,0x18185C296,0F05,true,true,false,true,74136,0x185B700,0x1862EB1,30641,2966,0xB96,false,true,syscall,2,,,0x1862EB1,function_end,instruction_start,true,false,true,true
1870,.text,0x60000020,25541799,0x185BCA7,25544871,0x185C8A7,6467995815,0x18185C8A7,0F05,true,true,false,true,74136,0x185B700,0x1862EB1,30641,4519,0x11A7,false,true,syscall,2,,,0x1862EB1,function_end,instruction_start,true,false,true,true
1871,.text,0x60000020,25544344,0x185C698,25547416,0x185D298,6467998360,0x18185D298,0F05,true,true,false,true,74136,0x185B700,0x1862EB1,30641,7064,0x1B98,true,true,syscall,2,,,0x1862EB1,function_end,instruction_start,true,false,true,true
1872,.text,0x60000020,25548478,0x185D6BE,25551550,0x185E2BE,6468002494,0x18185E2BE,0F05,true,true,false,true,74136,0x185B700,0x1862EB1,30641,11198,0x2BBE,false,true,syscall,2,,,0x1862EB1,function_end,instruction_start,true,false,true,true
1873,.text,0x60000020,25548871,0x185D847,25551943,0x185E447,6468002887,0x18185E447,0F05,true,true,false,true,74136,0x185B700,0x1862EB1,30641,11591,0x2D47,false,true,syscall,2,,,0x1862EB1,function_end,instruction_start,true,false,true,true
1874,.text,0x60000020,25549948,0x185DC7C,25553020,0x185E87C,6468003964,0x18185E87C,0F05,true,true,false,true,74136,0x185B700,0x1862EB1,30641,12668,0x317C,true,true,syscall,2,,,0x1862EB1,function_end,instruction_start,true,false,true,true
1875,.text,0x60000020,25551498,0x185E28A,25554570,0x185EE8A,6468005514,0x18185EE8A,0F05,true,true,false,true,74136,0x185B700,0x1862EB1,30641,14218,0x378A,false,true,syscall,2,,,0x1862EB1,function_end,instruction_start,true,false,true,true
1876,.text,0x60000020,25553666,0x185EB02,25556738,0x185F702,6468007682,0x18185F702,0F05,true,true,false,true,74136,0x185B700,0x1862EB1,30641,16386,0x4002,false,true,syscall,2,,,0x1862EB1,function_end,instruction_start,true,false,true,true
1877,.text,0x60000020,25554782,0x185EF5E,25557854,0x185FB5E,6468008798,0x18185FB5E,0F05,true,true,false,true,74136,0x185B700,0x1862EB1,30641,17502,0x445E,false,true,syscall,2,,,0x1862EB1,function_end,instruction_start,true,false,true,true
1878,.text,0x60000020,25555813,0x185F365,25558885,0x185FF65,6468009829,0x18185FF65,0F05,true,true,false,true,74136,0x185B700,0x1862EB1,30641,18533,0x4865,false,true,syscall,2,,,0x1862EB1,function_end,instruction_start,true,false,true,true
1879,.text,0x60000020,25556681,0x185F6C9,25559753,0x18602C9,6468010697,0x1818602C9,0F05,true,true,false,true,74136,0x185B700,0x1862EB1,30641,19401,0x4BC9,false,true,syscall,2,,,0x1862EB1,function_end,instruction_start,true,false,true,true
1880,.text,0x60000020,25557085,0x185F85D,25560157,0x186045D,6468011101,0x18186045D,0F05,true,true,false,true,74136,0x185B700,0x1862EB1,30641,19805,0x4D5D,false,true,syscall,2,,,0x1862EB1,function_end,instruction_start,true,false,true,true
1881,.text,0x60000020,25559325,0x186011D,25562397,0x1860D1D,6468013341,0x181860D1D,0F05,true,true,false,true,74136,0x185B700,0x1862EB1,30641,22045,0x561D,false,true,syscall,2,,,0x1862EB1,function_end,instruction_start,true,false,true,true
1882,.text,0x60000020,25559763,0x18602D3,25562835,0x1860ED3,6468013779,0x181860ED3,0F05,true,true,false,true,74136,0x185B700,0x1862EB1,30641,22483,0x57D3,false,true,syscall,2,,,0x1862EB1,function_end,instruction_start,true,false,true,true
1883,.text,0x60000020,25560286,0x18604DE,25563358,0x18610DE,6468014302,0x1818610DE,0F05,true,true,false,true,74136,0x185B700,0x1862EB1,30641,23006,0x59DE,false,true,syscall,2,,,0x1862EB1,function_end,instruction_start,true,false,true,true
1884,.text,0x60000020,25561460,0x1860974,25564532,0x1861574,6468015476,0x181861574,0F05,true,true,false,true,74136,0x185B700,0x1862EB1,30641,24180,0x5E74,true,true,syscall,2,,,0x1862EB1,function_end,instruction_start,true,false,true,true
1885,.text,0x60000020,25562757,0x1860E85,25565829,0x1861A85,6468016773,0x181861A85,0F05,true,true,false,true,74136,0x185B700,0x1862EB1,30641,25477,0x6385,false,true,syscall,2,,,0x1862EB1,function_end,instruction_start,true,false,true,true
1886,.text,0x60000020,25564409,0x18614F9,25567481,0x18620F9,6468018425,0x1818620F9,0F05,true,true,false,true,74136,0x185B700,0x1862EB1,30641,27129,0x69F9,false,true,syscall,2,,,0x1862EB1,function_end,instruction_start,true,false,true,true
1887,.text,0x60000020,25565358,0x18618AE,25568430,0x18624AE,6468019374,0x1818624AE,0F05,true,true,false,true,74136,0x185B700,0x1862EB1,30641,28078,0x6DAE,false,true,syscall,2,,,0x1862EB1,function_end,instruction_start,true,false,true,true
1888,.text,0x60000020,25565802,0x1861A6A,25568874,0x186266A,6468019818,0x18186266A,0F05,true,true,false,true,74136,0x185B700,0x1862EB1,30641,28522,0x6F6A,false,true,syscall,2,,,0x1862EB1,function_end,instruction_start,true,false,true,true
1889,.text,0x60000020,25566555,0x1861D5B,25569627,0x186295B,6468020571,0x18186295B,0F05,true,true,false,true,74136,0x185B700,0x1862EB1,30641,29275,0x725B,false,true,syscall,2,,,0x1862EB1,function_end,instruction_start,true,false,true,true
1890,.text,0x60000020,25567140,0x1861FA4,25570212,0x1862BA4,6468021156,0x181862BA4,0F05,true,true,false,true,74136,0x185B700,0x1862EB1,30641,29860,0x74A4,true,true,syscall,2,,,0x1862EB1,function_end,instruction_start,true,false,true,true
1891,.text,0x60000020,25657362,0x1878012,25660434,0x1878C12,6468111378,0x181878C12,0F05,true,true,false,true,74197,0x1878110,0x188329E,45454,2818,0xB02,false,true,syscall,2,,,0x188329E,function_end,instruction_start,true,false,true,true
1892,.text,0x60000020,25659904,0x1878A00,25662976,0x1879600,6468113920,0x181879600,0F05,true,true,false,true,74197,0x1878110,0x188329E,45454,5360,0x14F0,true,true,syscall,2,,,0x188329E,function_end,instruction_start,true,false,true,true
1893,.text,0x60000020,25663968,0x18799E0,25667040,0x187A5E0,6468117984,0x18187A5E0,0F05,true,true,false,true,74197,0x1878110,0x188329E,45454,9424,0x24D0,true,true,syscall,2,,,0x188329E,function_end,instruction_start,true,false,true,true
1894,.text,0x60000020,25664434,0x1879BB2,25667506,0x187A7B2,6468118450,0x18187A7B2,0F05,true,true,false,true,74197,0x1878110,0x188329E,45454,9890,0x26A2,false,true,syscall,2,,,0x188329E,function_end,instruction_start,true,false,true,true
1895,.text,0x60000020,25668806,0x187ACC6,25671878,0x187B8C6,6468122822,0x18187B8C6,0F05,true,true,false,true,74197,0x1878110,0x188329E,45454,14262,0x37B6,false,true,syscall,2,,,0x188329E,function_end,instruction_start,true,false,true,true
1896,.text,0x60000020,25669644,0x187B00C,25672716,0x187BC0C,6468123660,0x18187BC0C,0F05,true,true,false,true,74197,0x1878110,0x188329E,45454,15100,0x3AFC,true,true,syscall,2,,,0x188329E,function_end,instruction_start,true,false,true,true
1897,.text,0x60000020,25671528,0x187B768,25674600,0x187C368,6468125544,0x18187C368,0F05,true,true,false,true,74197,0x1878110,0x188329E,45454,16984,0x4258,true,true,syscall,2,,,0x188329E,function_end,instruction_start,true,false,true,true
1898,.text,0x60000020,25673986,0x187C102,25677058,0x187CD02,6468128002,0x18187CD02,0F05,true,true,false,true,74197,0x1878110,0x188329E,45454,19442,0x4BF2,false,true,syscall,2,,,0x188329E,function_end,instruction_start,true,false,true,true
1899,.text,0x60000020,25680092,0x187D8DC,25683164,0x187E4DC,6468134108,0x18187E4DC,0F05,true,true,false,true,74197,0x1878110,0x188329E,45454,25548,0x63CC,true,true,syscall,2,,,0x188329E,function_end,instruction_start,true,false,true,true
1900,.text,0x60000020,25680857,0x187DBD9,25683929,0x187E7D9,6468134873,0x18187E7D9,0F05,true,true,false,true,74197,0x1878110,0x188329E,45454,26313,0x66C9,false,true,syscall,2,,,0x188329E,function_end,instruction_start,true,false,true,true
1901,.text,0x60000020,25682487,0x187E237,25685559,0x187EE37,6468136503,0x18187EE37,0F05,true,true,false,true,74197,0x1878110,0x188329E,45454,27943,0x6D27,false,true,syscall,2,,,0x188329E,function_end,instruction_start,true,false,true,true
1902,.text,0x60000020,25687058,0x187F412,25690130,0x1880012,6468141074,0x181880012,0F05,true,true,false,true,74197,0x1878110,0x188329E,45454,32514,0x7F02,false,true,syscall,2,,,0x188329E,function_end,instruction_start,true,false,true,true
1903,.text,0x60000020,25687458,0x187F5A2,25690530,0x18801A2,6468141474,0x1818801A2,0F05,true,true,false,true,74197,0x1878110,0x188329E,45454,32914,0x8092,false,true,syscall,2,,,0x188329E,function_end,instruction_start,true,false,true,true
1904,.text,0x60000020,25689578,0x187FDEA,25692650,0x18809EA,6468143594,0x1818809EA,0F05,true,true,false,true,74197,0x1878110,0x188329E,45454,35034,0x88DA,false,true,syscall,2,,,0x188329E,function_end,instruction_start,true,false,true,true
1905,.text,0x60000020,25694609,0x1881191,25697681,0x1881D91,6468148625,0x181881D91,0F05,true,true,false,true,74197,0x1878110,0x188329E,45454,40065,0x9C81,false,true,syscall,2,,,0x188329E,function_end,instruction_start,true,false,true,true
1906,.text,0x60000020,25694945,0x18812E1,25698017,0x1881EE1,6468148961,0x181881EE1,0F05,true,true,false,true,74197,0x1878110,0x188329E,45454,40401,0x9DD1,false,true,syscall,2,,,0x188329E,function_end,instruction_start,true,false,true,true
1907,.text,0x60000020,26067933,0x18DC3DD,26071005,0x18DCFDD,6468521949,0x1818DCFDD,0F05,true,true,false,true,74316,0x18DC6D0,0x18E3BB5,29925,2317,0x90D,false,true,,0,0x18DCFDC,call 0x1a9d4f0,0x18E3BB5,function_end,covered_by_instruction,false,true,false,false
1908,.text,0x60000020,26138925,0x18ED92D,26141997,0x18EE52D,6468592941,0x1818EE52D,0F05,true,true,false,true,74334,0x18EB2F0,0x18F29DD,30445,12861,0x323D,false,true,,0,0x18EE52C,call 0x198ea40,0x18F29DD,function_end,covered_by_instruction,false,true,false,false
1909,.text,0x60000020,26158109,0x18F241D,26161181,0x18F301D,6468612125,0x1818F301D,0F05,true,true,false,true,74343,0x18F2AE0,0x18FA27D,30621,1341,0x53D,false,true,,0,0x18F301C,call 0x53530,0x18FA27D,function_end,covered_by_instruction,false,true,false,false
1910,.text,0x60000020,26554531,0x19530A3,26557603,0x1953CA3,6469008547,0x181953CA3,0F05,true,true,false,true,74510,0x1953B30,0x1953CC7,407,371,0x173,false,true,syscall,2,,,0x1953CC7,function_end,instruction_start,true,false,true,true
1911,.text,0x60000020,26554937,0x1953239,26558009,0x1953E39,6469008953,0x181953E39,0F05,true,true,false,true,74511,0x1953CD0,0x1953E59,393,361,0x169,false,true,syscall,2,,,0x1953E59,function_end,instruction_start,true,false,true,true
1912,.text,0x60000020,26555375,0x19533EF,26558447,0x1953FEF,6469009391,0x181953FEF,0F05,true,true,false,true,74512,0x1953E60,0x1954011,433,399,0x18F,false,true,syscall,2,,,0x1954011,function_end,instruction_start,true,false,true,true
1913,.text,0x60000020,26555944,0x1953628,26559016,0x1954228,6469009960,0x181954228,0F05,true,true,false,true,74513,0x1954020,0x195424C,556,520,0x208,true,true,syscall,2,,,0x195424C,function_end,instruction_start,true,false,true,true
1914,.text,0x60000020,26556283,0x195377B,26559355,0x195437B,6469010299,0x18195437B,0F05,true,true,false,false,,,,,,,false,false,,0,,,,no_pdata_function,no_pdata_function,false,true,false,false
1915,.text,0x60000020,26556739,0x1953943,26559811,0x1954543,6469010755,0x181954543,0F05,true,true,false,true,74514,0x1954390,0x1954565,469,435,0x1B3,false,true,syscall,2,,,0x1954565,function_end,instruction_start,true,false,true,true
1916,.text,0x60000020,26775960,0x1989198,26779032,0x1989D98,6469229976,0x181989D98,0F05,true,true,false,false,,,,,,,false,false,,0,,,,no_pdata_function,no_pdata_function,false,true,false,false
1917,.text,0x60000020,26872431,0x19A0A6F,26875503,0x19A166F,6469326447,0x1819A166F,0F05,true,true,false,true,74626,0x19A1490,0x19A3E1E,10638,479,0x1DF,false,true,syscall,2,,,0x19A3E1E,function_end,instruction_start,true,false,true,true
1918,.text,0x60000020,26874100,0x19A10F4,26877172,0x19A1CF4,6469328116,0x1819A1CF4,0F05,true,true,false,true,74626,0x19A1490,0x19A3E1E,10638,2148,0x864,true,true,syscall,2,,,0x19A3E1E,function_end,instruction_start,true,false,true,true
1919,.text,0x60000020,26877683,0x19A1EF3,26880755,0x19A2AF3,6469331699,0x1819A2AF3,0F05,true,true,false,true,74626,0x19A1490,0x19A3E1E,10638,5731,0x1663,false,true,syscall,2,,,0x19A3E1E,function_end,instruction_start,true,false,true,true
1920,.text,0x60000020,26878205,0x19A20FD,26881277,0x19A2CFD,6469332221,0x1819A2CFD,0F05,true,true,false,true,74626,0x19A1490,0x19A3E1E,10638,6253,0x186D,false,true,syscall,2,,,0x19A3E1E,function_end,instruction_start,true,false,true,true
1921,.text,0x60000020,26879711,0x19A26DF,26882783,0x19A32DF,6469333727,0x1819A32DF,0F05,true,true,false,true,74626,0x19A1490,0x19A3E1E,10638,7759,0x1E4F,false,true,syscall,2,,,0x19A3E1E,function_end,instruction_start,true,false,true,true
1922,.text,0x60000020,26881188,0x19A2CA4,26884260,0x19A38A4,6469335204,0x1819A38A4,0F05,true,true,false,true,74626,0x19A1490,0x19A3E1E,10638,9236,0x2414,true,true,syscall,2,,,0x19A3E1E,function_end,instruction_start,true,false,true,true
1923,.text,0x60000020,26881635,0x19A2E63,26884707,0x19A3A63,6469335651,0x1819A3A63,0F05,true,true,false,true,74626,0x19A1490,0x19A3E1E,10638,9683,0x25D3,false,true,syscall,2,,,0x19A3E1E,function_end,instruction_start,true,false,true,true
1924,.text,0x60000020,26882398,0x19A315E,26885470,0x19A3D5E,6469336414,0x1819A3D5E,0F05,true,true,false,true,74626,0x19A1490,0x19A3E1E,10638,10446,0x28CE,false,true,syscall,2,,,0x19A3E1E,function_end,instruction_start,true,false,true,true
1925,.text,0x60000020,26893893,0x19A5E45,26896965,0x19A6A45,6469347909,0x1819A6A45,0F05,true,true,false,true,74660,0x19A6890,0x19A8F14,9860,437,0x1B5,false,true,syscall,2,,,0x19A8F14,function_end,instruction_start,true,false,true,true
1926,.text,0x60000020,26894409,0x19A6049,26897481,0x19A6C49,6469348425,0x1819A6C49,0F05,true,true,false,true,74660,0x19A6890,0x19A8F14,9860,953,0x3B9,false,true,syscall,2,,,0x19A8F14,function_end,instruction_start,true,false,true,true
1927,.text,0x60000020,26894976,0x19A6280,26898048,0x19A6E80,6469348992,0x1819A6E80,0F05,true,true,false,true,74660,0x19A6890,0x19A8F14,9860,1520,0x5F0,true,true,syscall,2,,,0x19A8F14,function_end,instruction_start,true,false,true,true
1928,.text,0x60000020,26895371,0x19A640B,26898443,0x19A700B,6469349387,0x1819A700B,0F05,true,true,false,true,74660,0x19A6890,0x19A8F14,9860,1915,0x77B,false,true,syscall,2,,,0x19A8F14,function_end,instruction_start,true,false,true,true
1929,.text,0x60000020,26897268,0x19A6B74,26900340,0x19A7774,6469351284,0x1819A7774,0F05,true,true,false,true,74660,0x19A6890,0x19A8F14,9860,3812,0xEE4,true,true,syscall,2,,,0x19A8F14,function_end,instruction_start,true,false,true,true
1930,.text,0x60000020,26899620,0x19A74A4,26902692,0x19A80A4,6469353636,0x1819A80A4,0F05,true,true,false,true,74660,0x19A6890,0x19A8F14,9860,6164,0x1814,true,true,syscall,2,,,0x19A8F14,function_end,instruction_start,true,false,true,true
1931,.text,0x60000020,26900122,0x19A769A,26903194,0x19A829A,6469354138,0x1819A829A,0F05,true,true,false,true,74660,0x19A6890,0x19A8F14,9860,6666,0x1A0A,false,true,syscall,2,,,0x19A8F14,function_end,instruction_start,true,false,true,true
1932,.text,0x60000020,26900532,0x19A7834,26903604,0x19A8434,6469354548,0x1819A8434,0F05,true,true,false,true,74660,0x19A6890,0x19A8F14,9860,7076,0x1BA4,true,true,syscall,2,,,0x19A8F14,function_end,instruction_start,true,false,true,true
1933,.text,0x60000020,26934437,0x19AFCA5,26937509,0x19B08A5,6469388453,0x1819B08A5,0F05,true,true,false,true,74745,0x19B03B0,0x19B5FE7,23607,1269,0x4F5,false,true,syscall,2,,,0x19B5FE7,function_end,instruction_start,true,false,true,true
1934,.text,0x60000020,26936658,0x19B0552,26939730,0x19B1152,6469390674,0x1819B1152,0F05,true,true,false,true,74745,0x19B03B0,0x19B5FE7,23607,3490,0xDA2,false,true,syscall,2,,,0x19B5FE7,function_end,instruction_start,true,false,true,true
1935,.text,0x60000020,26938635,0x19B0D0B,26941707,0x19B190B,6469392651,0x1819B190B,0F05,true,true,false,true,74745,0x19B03B0,0x19B5FE7,23607,5467,0x155B,false,true,syscall,2,,,0x19B5FE7,function_end,instruction_start,true,false,true,true
1936,.text,0x60000020,26941083,0x19B169B,26944155,0x19B229B,6469395099,0x1819B229B,0F05,true,true,false,true,74745,0x19B03B0,0x19B5FE7,23607,7915,0x1EEB,false,true,syscall,2,,,0x19B5FE7,function_end,instruction_start,true,false,true,true
1937,.text,0x60000020,26942368,0x19B1BA0,26945440,0x19B27A0,6469396384,0x1819B27A0,0F05,true,true,false,true,74745,0x19B03B0,0x19B5FE7,23607,9200,0x23F0,true,true,syscall,2,,,0x19B5FE7,function_end,instruction_start,true,false,true,true
1938,.text,0x60000020,26942822,0x19B1D66,26945894,0x19B2966,6469396838,0x1819B2966,0F05,true,true,false,true,74745,0x19B03B0,0x19B5FE7,23607,9654,0x25B6,false,true,syscall,2,,,0x19B5FE7,function_end,instruction_start,true,false,true,true
1939,.text,0x60000020,26943390,0x19B1F9E,26946462,0x19B2B9E,6469397406,0x1819B2B9E,0F05,true,true,false,true,74745,0x19B03B0,0x19B5FE7,23607,10222,0x27EE,false,true,syscall,2,,,0x19B5FE7,function_end,instruction_start,true,false,true,true
1940,.text,0x60000020,26944233,0x19B22E9,26947305,0x19B2EE9,6469398249,0x1819B2EE9,0F05,true,true,false,true,74745,0x19B03B0,0x19B5FE7,23607,11065,0x2B39,false,true,syscall,2,,,0x19B5FE7,function_end,instruction_start,true,false,true,true
1941,.text,0x60000020,26945730,0x19B28C2,26948802,0x19B34C2,6469399746,0x1819B34C2,0F05,true,true,false,true,74745,0x19B03B0,0x19B5FE7,23607,12562,0x3112,false,true,syscall,2,,,0x19B5FE7,function_end,instruction_start,true,false,true,true
1942,.text,0x60000020,26946328,0x19B2B18,26949400,0x19B3718,6469400344,0x1819B3718,0F05,true,true,false,true,74745,0x19B03B0,0x19B5FE7,23607,13160,0x3368,true,true,syscall,2,,,0x19B5FE7,function_end,instruction_start,true,false,true,true
1943,.text,0x60000020,26948742,0x19B3486,26951814,0x19B4086,6469402758,0x1819B4086,0F05,true,true,false,true,74745,0x19B03B0,0x19B5FE7,23607,15574,0x3CD6,false,true,syscall,2,,,0x19B5FE7,function_end,instruction_start,true,false,true,true
1944,.text,0x60000020,26949303,0x19B36B7,26952375,0x19B42B7,6469403319,0x1819B42B7,0F05,true,true,false,true,74745,0x19B03B0,0x19B5FE7,23607,16135,0x3F07,false,true,syscall,2,,,0x19B5FE7,function_end,instruction_start,true,false,true,true
1945,.text,0x60000020,26950063,0x19B39AF,26953135,0x19B45AF,6469404079,0x1819B45AF,0F05,true,true,false,true,74745,0x19B03B0,0x19B5FE7,23607,16895,0x41FF,false,true,syscall,2,,,0x19B5FE7,function_end,instruction_start,true,false,true,true
1946,.text,0x60000020,26950899,0x19B3CF3,26953971,0x19B48F3,6469404915,0x1819B48F3,0F05,true,true,false,true,74745,0x19B03B0,0x19B5FE7,23607,17731,0x4543,false,true,syscall,2,,,0x19B5FE7,function_end,instruction_start,true,false,true,true
1947,.text,0x60000020,26952754,0x19B4432,26955826,0x19B5032,6469406770,0x1819B5032,0F05,true,true,false,true,74745,0x19B03B0,0x19B5FE7,23607,19586,0x4C82,false,true,syscall,2,,,0x19B5FE7,function_end,instruction_start,true,false,true,true
1948,.text,0x60000020,26954865,0x19B4C71,26957937,0x19B5871,6469408881,0x1819B5871,0F05,true,true,false,true,74745,0x19B03B0,0x19B5FE7,23607,21697,0x54C1,false,true,syscall,2,,,0x19B5FE7,function_end,instruction_start,true,false,true,true
1949,.text,0x60000020,26964119,0x19B7097,26967191,0x19B7C97,6469418135,0x1819B7C97,0F05,true,true,false,true,74753,0x19B7930,0x19B9E7B,9547,871,0x367,false,true,syscall,2,,,0x19B9E7B,function_end,instruction_start,true,false,true,true
1950,.text,0x60000020,26964602,0x19B727A,26967674,0x19B7E7A,6469418618,0x1819B7E7A,0F05,true,true,false,true,74753,0x19B7930,0x19B9E7B,9547,1354,0x54A,false,true,syscall,2,,,0x19B9E7B,function_end,instruction_start,true,false,true,true
1951,.text,0x60000020,26965263,0x19B750F,26968335,0x19B810F,6469419279,0x1819B810F,0F05,true,true,false,true,74753,0x19B7930,0x19B9E7B,9547,2015,0x7DF,false,true,syscall,2,,,0x19B9E7B,function_end,instruction_start,true,false,true,true
1952,.text,0x60000020,26966863,0x19B7B4F,26969935,0x19B874F,6469420879,0x1819B874F,0F05,true,true,false,true,74753,0x19B7930,0x19B9E7B,9547,3615,0xE1F,false,true,syscall,2,,,0x19B9E7B,function_end,instruction_start,true,false,true,true
1953,.text,0x60000020,26967388,0x19B7D5C,26970460,0x19B895C,6469421404,0x1819B895C,0F05,true,true,false,true,74753,0x19B7930,0x19B9E7B,9547,4140,0x102C,true,true,syscall,2,,,0x19B9E7B,function_end,instruction_start,true,false,true,true
1954,.text,0x60000020,26970297,0x19B88B9,26973369,0x19B94B9,6469424313,0x1819B94B9,0F05,true,true,false,true,74753,0x19B7930,0x19B9E7B,9547,7049,0x1B89,false,true,syscall,2,,,0x19B9E7B,function_end,instruction_start,true,false,true,true
1955,.text,0x60000020,26971597,0x19B8DCD,26974669,0x19B99CD,6469425613,0x1819B99CD,0F05,true,true,false,true,74753,0x19B7930,0x19B9E7B,9547,8349,0x209D,false,true,syscall,2,,,0x19B9E7B,function_end,instruction_start,true,false,true,true
1956,.text,0x60000020,26972488,0x19B9148,26975560,0x19B9D48,6469426504,0x1819B9D48,0F05,true,true,false,true,74753,0x19B7930,0x19B9E7B,9547,9240,0x2418,true,true,syscall,2,,,0x19B9E7B,function_end,instruction_start,true,false,true,true
1957,.text,0x60000020,27002651,0x19C071B,27005723,0x19C131B,6469456667,0x1819C131B,0F05,true,true,false,true,74859,0x19C0F50,0x19C3CD8,11656,971,0x3CB,false,true,syscall,2,,,0x19C3CD8,function_end,instruction_start,true,false,true,true
1958,.text,0x60000020,27003187,0x19C0933,27006259,0x19C1533,6469457203,0x1819C1533,0F05,true,true,false,true,74859,0x19C0F50,0x19C3CD8,11656,1507,0x5E3,false,true,syscall,2,,,0x19C3CD8,function_end,instruction_start,true,false,true,true
1959,.text,0x60000020,27004208,0x19C0D30,27007280,0x19C1930,6469458224,0x1819C1930,0F05,true,true,false,true,74859,0x19C0F50,0x19C3CD8,11656,2528,0x9E0,true,true,syscall,2,,,0x19C3CD8,function_end,instruction_start,true,false,true,true
1960,.text,0x60000020,27007121,0x19C1891,27010193,0x19C2491,6469461137,0x1819C2491,0F05,true,true,false,true,74859,0x19C0F50,0x19C3CD8,11656,5441,0x1541,false,true,syscall,2,,,0x19C3CD8,function_end,instruction_start,true,false,true,true
1961,.text,0x60000020,27008422,0x19C1DA6,27011494,0x19C29A6,6469462438,0x1819C29A6,0F05,true,true,false,true,74859,0x19C0F50,0x19C3CD8,11656,6742,0x1A56,false,true,syscall,2,,,0x19C3CD8,function_end,instruction_start,true,false,true,true
1962,.text,0x60000020,27009120,0x19C2060,27012192,0x19C2C60,6469463136,0x1819C2C60,0F05,true,true,false,true,74859,0x19C0F50,0x19C3CD8,11656,7440,0x1D10,true,true,syscall,2,,,0x19C3CD8,function_end,instruction_start,true,false,true,true
1963,.text,0x60000020,27009803,0x19C230B,27012875,0x19C2F0B,6469463819,0x1819C2F0B,0F05,true,true,false,true,74859,0x19C0F50,0x19C3CD8,11656,8123,0x1FBB,false,true,syscall,2,,,0x19C3CD8,function_end,instruction_start,true,false,true,true
1964,.text,0x60000020,27012985,0x19C2F79,27016057,0x19C3B79,6469467001,0x1819C3B79,0F05,true,true,false,true,74859,0x19C0F50,0x19C3CD8,11656,11305,0x2C29,false,true,syscall,2,,,0x19C3CD8,function_end,instruction_start,true,false,true,true
1965,.text,0x60000020,27020907,0x19C4E6B,27023979,0x19C5A6B,6469474923,0x1819C5A6B,0F05,true,true,false,true,74868,0x19C5280,0x19CA6B3,21555,2027,0x7EB,false,true,syscall,2,,,0x19CA6B3,function_end,instruction_start,true,false,true,true
1966,.text,0x60000020,27024183,0x19C5B37,27027255,0x19C6737,6469478199,0x1819C6737,0F05,true,true,false,true,74868,0x19C5280,0x19CA6B3,21555,5303,0x14B7,false,true,syscall,2,,,0x19CA6B3,function_end,instruction_start,true,false,true,true
1967,.text,0x60000020,27025471,0x19C603F,27028543,0x19C6C3F,6469479487,0x1819C6C3F,0F05,true,true,false,true,74868,0x19C5280,0x19CA6B3,21555,6591,0x19BF,false,true,syscall,2,,,0x19CA6B3,function_end,instruction_start,true,false,true,true
1968,.text,0x60000020,27026805,0x19C6575,27029877,0x19C7175,6469480821,0x1819C7175,0F05,true,true,false,true,74868,0x19C5280,0x19CA6B3,21555,7925,0x1EF5,false,true,,0,0x19C7172,"lea rcx, [rip + 0x12a050f]",0x19CA6B3,function_end,covered_by_instruction,false,true,false,false
1969,.text,0x60000020,27030543,0x19C740F,27033615,0x19C800F,6469484559,0x1819C800F,0F05,true,true,false,true,74868,0x19C5280,0x19CA6B3,21555,11663,0x2D8F,false,true,syscall,2,,,0x19CA6B3,function_end,instruction_start,true,false,true,true
1970,.text,0x60000020,27030956,0x19C75AC,27034028,0x19C81AC,6469484972,0x1819C81AC,0F05,true,true,false,true,74868,0x19C5280,0x19CA6B3,21555,12076,0x2F2C,true,true,syscall,2,,,0x19CA6B3,function_end,instruction_start,true,false,true,true
1971,.text,0x60000020,27031456,0x19C77A0,27034528,0x19C83A0,6469485472,0x1819C83A0,0F05,true,true,false,true,74868,0x19C5280,0x19CA6B3,21555,12576,0x3120,true,true,syscall,2,,,0x19CA6B3,function_end,instruction_start,true,false,true,true
1972,.text,0x60000020,27038456,0x19C92F8,27041528,0x19C9EF8,6469492472,0x1819C9EF8,0F05,true,true,false,true,74868,0x19C5280,0x19CA6B3,21555,19576,0x4C78,true,true,syscall,2,,,0x19CA6B3,function_end,instruction_start,true,false,true,true
1973,.text,0x60000020,27040179,0x19C99B3,27043251,0x19CA5B3,6469494195,0x1819CA5B3,0F05,true,true,false,true,74868,0x19C5280,0x19CA6B3,21555,21299,0x5333,false,true,syscall,2,,,0x19CA6B3,function_end,instruction_start,true,false,true,true
1974,.text,0x60000020,27052252,0x19CC8DC,27055324,0x19CD4DC,6469506268,0x1819CD4DC,0F05,true,true,false,true,74903,0x19CD450,0x19CD50D,189,140,0x8C,true,true,,0,0x19CD4D6,"movabs rax, 0xf6c4050f50f14f47",0x19CD50D,function_end,covered_by_instruction,false,true,false,false
1975,.text,0x60000020,27127857,0x19DF031,27130929,0x19DFC31,6469581873,0x1819DFC31,0F05,true,true,false,true,75019,0x19DF7D0,0x19E15D3,7683,1121,0x461,false,true,syscall,2,,,0x19E15D3,function_end,instruction_start,true,false,true,true
1976,.text,0x60000020,27128551,0x19DF2E7,27131623,0x19DFEE7,6469582567,0x1819DFEE7,0F05,true,true,false,true,75019,0x19DF7D0,0x19E15D3,7683,1815,0x717,false,true,syscall,2,,,0x19E15D3,function_end,instruction_start,true,false,true,true
1977,.text,0x60000020,27128938,0x19DF46A,27132010,0x19E006A,6469582954,0x1819E006A,0F05,true,true,false,true,75019,0x19DF7D0,0x19E15D3,7683,2202,0x89A,false,true,syscall,2,,,0x19E15D3,function_end,instruction_start,true,false,true,true
1978,.text,0x60000020,27129566,0x19DF6DE,27132638,0x19E02DE,6469583582,0x1819E02DE,0F05,true,true,false,true,75019,0x19DF7D0,0x19E15D3,7683,2830,0xB0E,false,true,syscall,2,,,0x19E15D3,function_end,instruction_start,true,false,true,true
1979,.text,0x60000020,27130482,0x19DFA72,27133554,0x19E0672,6469584498,0x1819E0672,0F05,true,true,false,true,75019,0x19DF7D0,0x19E15D3,7683,3746,0xEA2,false,true,syscall,2,,,0x19E15D3,function_end,instruction_start,true,false,true,true
1980,.text,0x60000020,27131565,0x19DFEAD,27134637,0x19E0AAD,6469585581,0x1819E0AAD,0F05,true,true,false,true,75019,0x19DF7D0,0x19E15D3,7683,4829,0x12DD,false,true,syscall,2,,,0x19E15D3,function_end,instruction_start,true,false,true,true
1981,.text,0x60000020,27132185,0x19E0119,27135257,0x19E0D19,6469586201,0x1819E0D19,0F05,true,true,false,true,75019,0x19DF7D0,0x19E15D3,7683,5449,0x1549,false,true,syscall,2,,,0x19E15D3,function_end,instruction_start,true,false,true,true
1982,.text,0x60000020,27133994,0x19E082A,27137066,0x19E142A,6469588010,0x1819E142A,0F05,true,true,false,true,75019,0x19DF7D0,0x19E15D3,7683,7258,0x1C5A,false,true,syscall,2,,,0x19E15D3,function_end,instruction_start,true,false,true,true
1983,.text,0x60000020,27135001,0x19E0C19,27138073,0x19E1819,6469589017,0x1819E1819,0F05,true,true,false,true,75022,0x19E1670,0x19E35E5,8053,425,0x1A9,false,true,syscall,2,,,0x19E35E5,function_end,instruction_start,true,false,true,true
1984,.text,0x60000020,27135710,0x19E0EDE,27138782,0x19E1ADE,6469589726,0x1819E1ADE,0F05,true,true,false,true,75022,0x19E1670,0x19E35E5,8053,1134,0x46E,false,true,syscall,2,,,0x19E35E5,function_end,instruction_start,true,false,true,true
1985,.text,0x60000020,27136139,0x19E108B,27139211,0x19E1C8B,6469590155,0x1819E1C8B,0F05,true,true,false,true,75022,0x19E1670,0x19E35E5,8053,1563,0x61B,false,true,syscall,2,,,0x19E35E5,function_end,instruction_start,true,false,true,true
1986,.text,0x60000020,27137899,0x19E176B,27140971,0x19E236B,6469591915,0x1819E236B,0F05,true,true,false,true,75022,0x19E1670,0x19E35E5,8053,3323,0xCFB,false,true,syscall,2,,,0x19E35E5,function_end,instruction_start,true,false,true,true
1987,.text,0x60000020,27138327,0x19E1917,27141399,0x19E2517,6469592343,0x1819E2517,0F05,true,true,false,true,75022,0x19E1670,0x19E35E5,8053,3751,0xEA7,false,true,syscall,2,,,0x19E35E5,function_end,instruction_start,true,false,true,true
1988,.text,0x60000020,27139549,0x19E1DDD,27142621,0x19E29DD,6469593565,0x1819E29DD,0F05,true,true,false,true,75022,0x19E1670,0x19E35E5,8053,4973,0x136D,false,true,syscall,2,,,0x19E35E5,function_end,instruction_start,true,false,true,true
1989,.text,0x60000020,27140791,0x19E22B7,27143863,0x19E2EB7,6469594807,0x1819E2EB7,0F05,true,true,false,true,75022,0x19E1670,0x19E35E5,8053,6215,0x1847,false,true,syscall,2,,,0x19E35E5,function_end,instruction_start,true,false,true,true
1990,.text,0x60000020,27141261,0x19E248D,27144333,0x19E308D,6469595277,0x1819E308D,0F05,true,true,false,true,75022,0x19E1670,0x19E35E5,8053,6685,0x1A1D,false,true,syscall,2,,,0x19E35E5,function_end,instruction_start,true,false,true,true
1991,.text,0x60000020,27143159,0x19E2BF7,27146231,0x19E37F7,6469597175,0x1819E37F7,0F05,true,true,false,true,75023,0x19E3610,0x19E5340,7472,487,0x1E7,false,true,syscall,2,,,0x19E5340,function_end,instruction_start,true,false,true,true
1992,.text,0x60000020,27145008,0x19E3330,27148080,0x19E3F30,6469599024,0x1819E3F30,0F05,true,true,false,true,75023,0x19E3610,0x19E5340,7472,2336,0x920,true,true,syscall,2,,,0x19E5340,function_end,instruction_start,true,false,true,true
1993,.text,0x60000020,27145666,0x19E35C2,27148738,0x19E41C2,6469599682,0x1819E41C2,0F05,true,true,false,true,75023,0x19E3610,0x19E5340,7472,2994,0xBB2,false,true,syscall,2,,,0x19E5340,function_end,instruction_start,true,false,true,true
1994,.text,0x60000020,27145945,0x19E36D9,27149017,0x19E42D9,6469599961,0x1819E42D9,0F05,true,true,false,true,75023,0x19E3610,0x19E5340,7472,3273,0xCC9,false,true,syscall,2,,,0x19E5340,function_end,instruction_start,true,false,true,true
1995,.text,0x60000020,27146509,0x19E390D,27149581,0x19E450D,6469600525,0x1819E450D,0F05,true,true,false,true,75023,0x19E3610,0x19E5340,7472,3837,0xEFD,false,true,syscall,2,,,0x19E5340,function_end,instruction_start,true,false,true,true
1996,.text,0x60000020,27147029,0x19E3B15,27150101,0x19E4715,6469601045,0x1819E4715,0F05,true,true,false,true,75023,0x19E3610,0x19E5340,7472,4357,0x1105,false,true,syscall,2,,,0x19E5340,function_end,instruction_start,true,false,true,true
1997,.text,0x60000020,27149113,0x19E4339,27152185,0x19E4F39,6469603129,0x1819E4F39,0F05,true,true,false,true,75023,0x19E3610,0x19E5340,7472,6441,0x1929,false,true,syscall,2,,,0x19E5340,function_end,instruction_start,true,false,true,true
1998,.text,0x60000020,27150045,0x19E46DD,27153117,0x19E52DD,6469604061,0x1819E52DD,0F05,true,true,false,true,75023,0x19E3610,0x19E5340,7472,7373,0x1CCD,false,true,syscall,2,,,0x19E5340,function_end,instruction_start,true,false,true,true
1999,.text,0x60000020,27151169,0x19E4B41,27154241,0x19E5741,6469605185,0x1819E5741,0F05,true,true,false,true,75024,0x19E5360,0x19E7232,7890,993,0x3E1,false,true,syscall,2,,,0x19E7232,function_end,instruction_start,true,false,true,true
2000,.text,0x60000020,27152835,0x19E51C3,27155907,0x19E5DC3,6469606851,0x1819E5DC3,0F05,true,true,false,true,75024,0x19E5360,0x19E7232,7890,2659,0xA63,false,true,syscall,2,,,0x19E7232,function_end,instruction_start,true,false,true,true
2001,.text,0x60000020,27153364,0x19E53D4,27156436,0x19E5FD4,6469607380,0x1819E5FD4,0F05,true,true,false,true,75024,0x19E5360,0x19E7232,7890,3188,0xC74,true,true,syscall,2,,,0x19E7232,function_end,instruction_start,true,false,true,true
2002,.text,0x60000020,27154622,0x19E58BE,27157694,0x19E64BE,6469608638,0x1819E64BE,0F05,true,true,false,true,75024,0x19E5360,0x19E7232,7890,4446,0x115E,false,true,syscall,2,,,0x19E7232,function_end,instruction_start,true,false,true,true
2003,.text,0x60000020,27155306,0x19E5B6A,27158378,0x19E676A,6469609322,0x1819E676A,0F05,true,true,false,true,75024,0x19E5360,0x19E7232,7890,5130,0x140A,false,true,syscall,2,,,0x19E7232,function_end,instruction_start,true,false,true,true
2004,.text,0x60000020,27156784,0x19E6130,27159856,0x19E6D30,6469610800,0x1819E6D30,0F05,true,true,false,true,75024,0x19E5360,0x19E7232,7890,6608,0x19D0,true,true,syscall,2,,,0x19E7232,function_end,instruction_start,true,false,true,true
2005,.text,0x60000020,27157136,0x19E6290,27160208,0x19E6E90,6469611152,0x1819E6E90,0F05,true,true,false,true,75024,0x19E5360,0x19E7232,7890,6960,0x1B30,true,true,syscall,2,,,0x19E7232,function_end,instruction_start,true,false,true,true
2006,.text,0x60000020,27158014,0x19E65FE,27161086,0x19E71FE,6469612030,0x1819E71FE,0F05,true,true,false,true,75024,0x19E5360,0x19E7232,7890,7838,0x1E9E,false,true,syscall,2,,,0x19E7232,function_end,instruction_start,true,false,true,true
2007,.text,0x60000020,27158698,0x19E68AA,27161770,0x19E74AA,6469612714,0x1819E74AA,0F05,true,true,false,true,75025,0x19E7260,0x19E8FF6,7574,586,0x24A,false,true,syscall,2,,,0x19E8FF6,function_end,instruction_start,true,false,true,true
2008,.text,0x60000020,27159066,0x19E6A1A,27162138,0x19E761A,6469613082,0x1819E761A,0F05,true,true,false,true,75025,0x19E7260,0x19E8FF6,7574,954,0x3BA,false,true,syscall,2,,,0x19E8FF6,function_end,instruction_start,true,false,true,true
2009,.text,0x60000020,27160743,0x19E70A7,27163815,0x19E7CA7,6469614759,0x1819E7CA7,0F05,true,true,false,true,75025,0x19E7260,0x19E8FF6,7574,2631,0xA47,false,true,syscall,2,,,0x19E8FF6,function_end,instruction_start,true,false,true,true
2010,.text,0x60000020,27161560,0x19E73D8,27164632,0x19E7FD8,6469615576,0x1819E7FD8,0F05,true,true,false,true,75025,0x19E7260,0x19E8FF6,7574,3448,0xD78,true,true,syscall,2,,,0x19E8FF6,function_end,instruction_start,true,false,true,true
2011,.text,0x60000020,27162621,0x19E77FD,27165693,0x19E83FD,6469616637,0x1819E83FD,0F05,true,true,false,true,75025,0x19E7260,0x19E8FF6,7574,4509,0x119D,false,true,syscall,2,,,0x19E8FF6,function_end,instruction_start,true,false,true,true
2012,.text,0x60000020,27163412,0x19E7B14,27166484,0x19E8714,6469617428,0x1819E8714,0F05,true,true,false,true,75025,0x19E7260,0x19E8FF6,7574,5300,0x14B4,true,true,syscall,2,,,0x19E8FF6,function_end,instruction_start,true,false,true,true
2013,.text,0x60000020,27164172,0x19E7E0C,27167244,0x19E8A0C,6469618188,0x1819E8A0C,0F05,true,true,false,true,75025,0x19E7260,0x19E8FF6,7574,6060,0x17AC,true,true,syscall,2,,,0x19E8FF6,function_end,instruction_start,true,false,true,true
2014,.text,0x60000020,27164964,0x19E8124,27168036,0x19E8D24,6469618980,0x1819E8D24,0F05,true,true,false,true,75025,0x19E7260,0x19E8FF6,7574,6852,0x1AC4,true,true,syscall,2,,,0x19E8FF6,function_end,instruction_start,true,false,true,true
2015,.text,0x60000020,27166328,0x19E8678,27169400,0x19E9278,6469620344,0x1819E9278,0F05,true,true,false,true,75026,0x19E9020,0x19EAEBE,7838,600,0x258,true,true,syscall,2,,,0x19EAEBE,function_end,instruction_start,true,false,true,true
2016,.text,0x60000020,27167279,0x19E8A2F,27170351,0x19E962F,6469621295,0x1819E962F,0F05,true,true,false,true,75026,0x19E9020,0x19EAEBE,7838,1551,0x60F,false,true,syscall,2,,,0x19EAEBE,function_end,instruction_start,true,false,true,true
2017,.text,0x60000020,27167731,0x19E8BF3,27170803,0x19E97F3,6469621747,0x1819E97F3,0F05,true,true,false,true,75026,0x19E9020,0x19EAEBE,7838,2003,0x7D3,false,true,syscall,2,,,0x19EAEBE,function_end,instruction_start,true,false,true,true
2018,.text,0x60000020,27168869,0x19E9065,27171941,0x19E9C65,6469622885,0x1819E9C65,0F05,true,true,false,true,75026,0x19E9020,0x19EAEBE,7838,3141,0xC45,false,true,syscall,2,,,0x19EAEBE,function_end,instruction_start,true,false,true,true
2019,.text,0x60000020,27169514,0x19E92EA,27172586,0x19E9EEA,6469623530,0x1819E9EEA,0F05,true,true,false,true,75026,0x19E9020,0x19EAEBE,7838,3786,0xECA,false,true,syscall,2,,,0x19EAEBE,function_end,instruction_start,true,false,true,true
2020,.text,0x60000020,27170523,0x19E96DB,27173595,0x19EA2DB,6469624539,0x1819EA2DB,0F05,true,true,false,true,75026,0x19E9020,0x19EAEBE,7838,4795,0x12BB,false,true,syscall,2,,,0x19EAEBE,function_end,instruction_start,true,false,true,true
2021,.text,0x60000020,27171332,0x19E9A04,27174404,0x19EA604,6469625348,0x1819EA604,0F05,true,true,false,true,75026,0x19E9020,0x19EAEBE,7838,5604,0x15E4,true,true,syscall,2,,,0x19EAEBE,function_end,instruction_start,true,false,true,true
2022,.text,0x60000020,27172581,0x19E9EE5,27175653,0x19EAAE5,6469626597,0x1819EAAE5,0F05,true,true,false,true,75026,0x19E9020,0x19EAEBE,7838,6853,0x1AC5,false,true,syscall,2,,,0x19EAEBE,function_end,instruction_start,true,false,true,true
2023,.text,0x60000020,27174946,0x19EA822,27178018,0x19EB422,6469628962,0x1819EB422,0F05,true,true,false,true,75027,0x19EAEE0,0x19ECDE2,7938,1346,0x542,false,true,syscall,2,,,0x19ECDE2,function_end,instruction_start,true,false,true,true
2024,.text,0x60000020,27175389,0x19EA9DD,27178461,0x19EB5DD,6469629405,0x1819EB5DD,0F05,true,true,false,true,75027,0x19EAEE0,0x19ECDE2,7938,1789,0x6FD,false,true,syscall,2,,,0x19ECDE2,function_end,instruction_start,true,false,true,true
2025,.text,0x60000020,27175707,0x19EAB1B,27178779,0x19EB71B,6469629723,0x1819EB71B,0F05,true,true,false,true,75027,0x19EAEE0,0x19ECDE2,7938,2107,0x83B,false,true,syscall,2,,,0x19ECDE2,function_end,instruction_start,true,false,true,true
2026,.text,0x60000020,27176707,0x19EAF03,27179779,0x19EBB03,6469630723,0x1819EBB03,0F05,true,true,false,true,75027,0x19EAEE0,0x19ECDE2,7938,3107,0xC23,false,true,syscall,2,,,0x19ECDE2,function_end,instruction_start,true,false,true,true
2027,.text,0x60000020,27177917,0x19EB3BD,27180989,0x19EBFBD,6469631933,0x1819EBFBD,0F05,true,true,false,true,75027,0x19EAEE0,0x19ECDE2,7938,4317,0x10DD,false,true,syscall,2,,,0x19ECDE2,function_end,instruction_start,true,false,true,true
2028,.text,0x60000020,27178867,0x19EB773,27181939,0x19EC373,6469632883,0x1819EC373,0F05,true,true,false,true,75027,0x19EAEE0,0x19ECDE2,7938,5267,0x1493,false,true,syscall,2,,,0x19ECDE2,function_end,instruction_start,true,false,true,true
2029,.text,0x60000020,27180344,0x19EBD38,27183416,0x19EC938,6469634360,0x1819EC938,0F05,true,true,false,true,75027,0x19EAEE0,0x19ECDE2,7938,6744,0x1A58,true,true,syscall,2,,,0x19ECDE2,function_end,instruction_start,true,false,true,true
2030,.text,0x60000020,27181418,0x19EC16A,27184490,0x19ECD6A,6469635434,0x1819ECD6A,0F05,true,true,false,true,75027,0x19EAEE0,0x19ECDE2,7938,7818,0x1E8A,false,true,syscall,2,,,0x19ECDE2,function_end,instruction_start,true,false,true,true
2031,.text,0x60000020,27182065,0x19EC3F1,27185137,0x19ECFF1,6469636081,0x1819ECFF1,0F05,true,true,false,true,75028,0x19ECE10,0x19EEC8F,7807,481,0x1E1,false,true,syscall,2,,,0x19EEC8F,function_end,instruction_start,true,false,true,true
2032,.text,0x60000020,27182845,0x19EC6FD,27185917,0x19ED2FD,6469636861,0x1819ED2FD,0F05,true,true,false,true,75028,0x19ECE10,0x19EEC8F,7807,1261,0x4ED,false,true,syscall,2,,,0x19EEC8F,function_end,instruction_start,true,false,true,true
2033,.text,0x60000020,27184114,0x19ECBF2,27187186,0x19ED7F2,6469638130,0x1819ED7F2,0F05,true,true,false,true,75028,0x19ECE10,0x19EEC8F,7807,2530,0x9E2,false,true,syscall,2,,,0x19EEC8F,function_end,instruction_start,true,false,true,true
2034,.text,0x60000020,27186506,0x19ED54A,27189578,0x19EE14A,6469640522,0x1819EE14A,0F05,true,true,false,true,75028,0x19ECE10,0x19EEC8F,7807,4922,0x133A,false,true,syscall,2,,,0x19EEC8F,function_end,instruction_start,true,false,true,true
2035,.text,0x60000020,27187066,0x19ED77A,27190138,0x19EE37A,6469641082,0x1819EE37A,0F05,true,true,false,true,75028,0x19ECE10,0x19EEC8F,7807,5482,0x156A,false,true,syscall,2,,,0x19EEC8F,function_end,instruction_start,true,false,true,true
2036,.text,0x60000020,27187818,0x19EDA6A,27190890,0x19EE66A,6469641834,0x1819EE66A,0F05,true,true,false,true,75028,0x19ECE10,0x19EEC8F,7807,6234,0x185A,false,true,syscall,2,,,0x19EEC8F,function_end,instruction_start,true,false,true,true
2037,.text,0x60000020,27188440,0x19EDCD8,27191512,0x19EE8D8,6469642456,0x1819EE8D8,0F05,true,true,false,true,75028,0x19ECE10,0x19EEC8F,7807,6856,0x1AC8,true,true,syscall,2,,,0x19EEC8F,function_end,instruction_start,true,false,true,true
2038,.text,0x60000020,27189156,0x19EDFA4,27192228,0x19EEBA4,6469643172,0x1819EEBA4,0F05,true,true,false,true,75028,0x19ECE10,0x19EEC8F,7807,7572,0x1D94,true,true,syscall,2,,,0x19EEC8F,function_end,instruction_start,true,false,true,true
2039,.text,0x60000020,27190064,0x19EE330,27193136,0x19EEF30,6469644080,0x1819EEF30,0F05,true,true,false,true,75029,0x19EECB0,0x19F0CCA,8218,640,0x280,true,true,syscall,2,,,0x19F0CCA,function_end,instruction_start,true,false,true,true
2040,.text,0x60000020,27191561,0x19EE909,27194633,0x19EF509,6469645577,0x1819EF509,0F05,true,true,false,true,75029,0x19EECB0,0x19F0CCA,8218,2137,0x859,false,true,syscall,2,,,0x19F0CCA,function_end,instruction_start,true,false,true,true
2041,.text,0x60000020,27192245,0x19EEBB5,27195317,0x19EF7B5,6469646261,0x1819EF7B5,0F05,true,true,false,true,75029,0x19EECB0,0x19F0CCA,8218,2821,0xB05,false,true,syscall,2,,,0x19F0CCA,function_end,instruction_start,true,false,true,true
2042,.text,0x60000020,27192907,0x19EEE4B,27195979,0x19EFA4B,6469646923,0x1819EFA4B,0F05,true,true,false,true,75029,0x19EECB0,0x19F0CCA,8218,3483,0xD9B,false,true,syscall,2,,,0x19F0CCA,function_end,instruction_start,true,false,true,true
2043,.text,0x60000020,27193355,0x19EF00B,27196427,0x19EFC0B,6469647371,0x1819EFC0B,0F05,true,true,false,true,75029,0x19EECB0,0x19F0CCA,8218,3931,0xF5B,false,true,syscall,2,,,0x19F0CCA,function_end,instruction_start,true,false,true,true
2044,.text,0x60000020,27194054,0x19EF2C6,27197126,0x19EFEC6,6469648070,0x1819EFEC6,0F05,true,true,false,true,75029,0x19EECB0,0x19F0CCA,8218,4630,0x1216,false,true,syscall,2,,,0x19F0CCA,function_end,instruction_start,true,false,true,true
2045,.text,0x60000020,27194447,0x19EF44F,27197519,0x19F004F,6469648463,0x1819F004F,0F05,true,true,false,true,75029,0x19EECB0,0x19F0CCA,8218,5023,0x139F,false,true,syscall,2,,,0x19F0CCA,function_end,instruction_start,true,false,true,true
2046,.text,0x60000020,27197587,0x19F0093,27200659,0x19F0C93,6469651603,0x1819F0C93,0F05,true,true,false,true,75029,0x19EECB0,0x19F0CCA,8218,8163,0x1FE3,false,true,syscall,2,,,0x19F0CCA,function_end,instruction_start,true,false,true,true
2047,.text,0x60000020,27198490,0x19F041A,27201562,0x19F101A,6469652506,0x1819F101A,0F05,true,true,false,true,75030,0x19F0CF0,0x19F2C29,7993,810,0x32A,false,true,syscall,2,,,0x19F2C29,function_end,instruction_start,true,false,true,true
2048,.text,0x60000020,27200261,0x19F0B05,27203333,0x19F1705,6469654277,0x1819F1705,0F05,true,true,false,true,75030,0x19F0CF0,0x19F2C29,7993,2581,0xA15,false,true,syscall,2,,,0x19F2C29,function_end,instruction_start,true,false,true,true
2049,.text,0x60000020,27200729,0x19F0CD9,27203801,0x19F18D9,6469654745,0x1819F18D9,0F05,true,true,false,true,75030,0x19F0CF0,0x19F2C29,7993,3049,0xBE9,false,true,syscall,2,,,0x19F2C29,function_end,instruction_start,true,false,true,true
2050,.text,0x60000020,27202259,0x19F12D3,27205331,0x19F1ED3,6469656275,0x1819F1ED3,0F05,true,true,false,true,75030,0x19F0CF0,0x19F2C29,7993,4579,0x11E3,false,true,syscall,2,,,0x19F2C29,function_end,instruction_start,true,false,true,true
2051,.text,0x60000020,27202883,0x19F1543,27205955,0x19F2143,6469656899,0x1819F2143,0F05,true,true,false,true,75030,0x19F0CF0,0x19F2C29,7993,5203,0x1453,false,true,syscall,2,,,0x19F2C29,function_end,instruction_start,true,false,true,true
2052,.text,0x60000020,27203429,0x19F1765,27206501,0x19F2365,6469657445,0x1819F2365,0F05,true,true,false,true,75030,0x19F0CF0,0x19F2C29,7993,5749,0x1675,false,true,syscall,2,,,0x19F2C29,function_end,instruction_start,true,false,true,true
2053,.text,0x60000020,27204981,0x19F1D75,27208053,0x19F2975,6469658997,0x1819F2975,0F05,true,true,false,true,75030,0x19F0CF0,0x19F2C29,7993,7301,0x1C85,false,true,syscall,2,,,0x19F2C29,function_end,instruction_start,true,false,true,true
2054,.text,0x60000020,27205526,0x19F1F96,27208598,0x19F2B96,6469659542,0x1819F2B96,0F05,true,true,false,true,75030,0x19F0CF0,0x19F2C29,7993,7846,0x1EA6,false,true,syscall,2,,,0x19F2C29,function_end,instruction_start,true,false,true,true
2055,.text,0x60000020,27207215,0x19F262F,27210287,0x19F322F,6469661231,0x1819F322F,0F05,true,true,false,true,75031,0x19F2C50,0x19F4A27,7639,1503,0x5DF,false,true,syscall,2,,,0x19F4A27,function_end,instruction_start,true,false,true,true
2056,.text,0x60000020,27209144,0x19F2DB8,27212216,0x19F39B8,6469663160,0x1819F39B8,0F05,true,true,false,true,75031,0x19F2C50,0x19F4A27,7639,3432,0xD68,true,true,syscall,2,,,0x19F4A27,function_end,instruction_start,true,false,true,true
2057,.text,0x60000020,27209676,0x19F2FCC,27212748,0x19F3BCC,6469663692,0x1819F3BCC,0F05,true,true,false,true,75031,0x19F2C50,0x19F4A27,7639,3964,0xF7C,true,true,syscall,2,,,0x19F4A27,function_end,instruction_start,true,false,true,true
2058,.text,0x60000020,27210145,0x19F31A1,27213217,0x19F3DA1,6469664161,0x1819F3DA1,0F05,true,true,false,true,75031,0x19F2C50,0x19F4A27,7639,4433,0x1151,false,true,syscall,2,,,0x19F4A27,function_end,instruction_start,true,false,true,true
2059,.text,0x60000020,27210688,0x19F33C0,27213760,0x19F3FC0,6469664704,0x1819F3FC0,0F05,true,true,false,true,75031,0x19F2C50,0x19F4A27,7639,4976,0x1370,true,true,syscall,2,,,0x19F4A27,function_end,instruction_start,true,false,true,true
2060,.text,0x60000020,27211568,0x19F3730,27214640,0x19F4330,6469665584,0x1819F4330,0F05,true,true,false,true,75031,0x19F2C50,0x19F4A27,7639,5856,0x16E0,true,true,syscall,2,,,0x19F4A27,function_end,instruction_start,true,false,true,true
2061,.text,0x60000020,27212148,0x19F3974,27215220,0x19F4574,6469666164,0x1819F4574,0F05,true,true,false,true,75031,0x19F2C50,0x19F4A27,7639,6436,0x1924,true,true,syscall,2,,,0x19F4A27,function_end,instruction_start,true,false,true,true
2062,.text,0x60000020,27213066,0x19F3D0A,27216138,0x19F490A,6469667082,0x1819F490A,0F05,true,true,false,true,75031,0x19F2C50,0x19F4A27,7639,7354,0x1CBA,false,true,syscall,2,,,0x19F4A27,function_end,instruction_start,true,false,true,true
2063,.text,0x60000020,27214012,0x19F40BC,27217084,0x19F4CBC,6469668028,0x1819F4CBC,0F05,true,true,false,true,75032,0x19F4A50,0x19F6991,8001,620,0x26C,true,true,syscall,2,,,0x19F6991,function_end,instruction_start,true,false,true,true
2064,.text,0x60000020,27214510,0x19F42AE,27217582,0x19F4EAE,6469668526,0x1819F4EAE,0F05,true,true,false,true,75032,0x19F4A50,0x19F6991,8001,1118,0x45E,false,true,syscall,2,,,0x19F6991,function_end,instruction_start,true,false,true,true
2065,.text,0x60000020,27215589,0x19F46E5,27218661,0x19F52E5,6469669605,0x1819F52E5,0F05,true,true,false,true,75032,0x19F4A50,0x19F6991,8001,2197,0x895,false,true,syscall,2,,,0x19F6991,function_end,instruction_start,true,false,true,true
2066,.text,0x60000020,27216066,0x19F48C2,27219138,0x19F54C2,6469670082,0x1819F54C2,0F05,true,true,false,true,75032,0x19F4A50,0x19F6991,8001,2674,0xA72,false,true,syscall,2,,,0x19F6991,function_end,instruction_start,true,false,true,true
2067,.text,0x60000020,27216569,0x19F4AB9,27219641,0x19F56B9,6469670585,0x1819F56B9,0F05,true,true,false,true,75032,0x19F4A50,0x19F6991,8001,3177,0xC69,false,true,syscall,2,,,0x19F6991,function_end,instruction_start,true,false,true,true
2068,.text,0x60000020,27218765,0x19F534D,27221837,0x19F5F4D,6469672781,0x1819F5F4D,0F05,true,true,false,true,75032,0x19F4A50,0x19F6991,8001,5373,0x14FD,false,true,syscall,2,,,0x19F6991,function_end,instruction_start,true,false,true,true
2069,.text,0x60000020,27220141,0x19F58AD,27223213,0x19F64AD,6469674157,0x1819F64AD,0F05,true,true,false,true,75032,0x19F4A50,0x19F6991,8001,6749,0x1A5D,false,true,syscall,2,,,0x19F6991,function_end,instruction_start,true,false,true,true
2070,.text,0x60000020,27221114,0x19F5C7A,27224186,0x19F687A,6469675130,0x1819F687A,0F05,true,true,false,true,75032,0x19F4A50,0x19F6991,8001,7722,0x1E2A,false,true,syscall,2,,,0x19F6991,function_end,instruction_start,true,false,true,true
2071,.text,0x60000020,27222364,0x19F615C,27225436,0x19F6D5C,6469676380,0x1819F6D5C,0F05,true,true,false,true,75033,0x19F69C0,0x19F88B6,7926,924,0x39C,true,true,syscall,2,,,0x19F88B6,function_end,instruction_start,true,false,true,true
2072,.text,0x60000020,27223131,0x19F645B,27226203,0x19F705B,6469677147,0x1819F705B,0F05,true,true,false,true,75033,0x19F69C0,0x19F88B6,7926,1691,0x69B,false,true,syscall,2,,,0x19F88B6,function_end,instruction_start,true,false,true,true
2073,.text,0x60000020,27223520,0x19F65E0,27226592,0x19F71E0,6469677536,0x1819F71E0,0F05,true,true,false,true,75033,0x19F69C0,0x19F88B6,7926,2080,0x820,true,true,syscall,2,,,0x19F88B6,function_end,instruction_start,true,false,true,true
2074,.text,0x60000020,27224775,0x19F6AC7,27227847,0x19F76C7,6469678791,0x1819F76C7,0F05,true,true,false,true,75033,0x19F69C0,0x19F88B6,7926,3335,0xD07,false,true,syscall,2,,,0x19F88B6,function_end,instruction_start,true,false,true,true
2075,.text,0x60000020,27225953,0x19F6F61,27229025,0x19F7B61,6469679969,0x1819F7B61,0F05,true,true,false,true,75033,0x19F69C0,0x19F88B6,7926,4513,0x11A1,false,true,syscall,2,,,0x19F88B6,function_end,instruction_start,true,false,true,true
2076,.text,0x60000020,27227571,0x19F75B3,27230643,0x19F81B3,6469681587,0x1819F81B3,0F05,true,true,false,true,75033,0x19F69C0,0x19F88B6,7926,6131,0x17F3,false,true,syscall,2,,,0x19F88B6,function_end,instruction_start,true,false,true,true
2077,.text,0x60000020,27228057,0x19F7799,27231129,0x19F8399,6469682073,0x1819F8399,0F05,true,true,false,true,75033,0x19F69C0,0x19F88B6,7926,6617,0x19D9,false,true,syscall,2,,,0x19F88B6,function_end,instruction_start,true,false,true,true
2078,.text,0x60000020,27228503,0x19F7957,27231575,0x19F8557,6469682519,0x1819F8557,0F05,true,true,false,true,75033,0x19F69C0,0x19F88B6,7926,7063,0x1B97,false,true,syscall,2,,,0x19F88B6,function_end,instruction_start,true,false,true,true
2079,.text,0x60000020,27229979,0x19F7F1B,27233051,0x19F8B1B,6469683995,0x1819F8B1B,0F05,true,true,false,true,75034,0x19F88E0,0x19FA73F,7775,571,0x23B,false,true,syscall,2,,,0x19FA73F,function_end,instruction_start,true,false,true,true
2080,.text,0x60000020,27231282,0x19F8432,27234354,0x19F9032,6469685298,0x1819F9032,0F05,true,true,false,true,75034,0x19F88E0,0x19FA73F,7775,1874,0x752,false,true,syscall,2,,,0x19FA73F,function_end,instruction_start,true,false,true,true
2081,.text,0x60000020,27232187,0x19F87BB,27235259,0x19F93BB,6469686203,0x1819F93BB,0F05,true,true,false,true,75034,0x19F88E0,0x19FA73F,7775,2779,0xADB,false,true,syscall,2,,,0x19FA73F,function_end,instruction_start,true,false,true,true
2082,.text,0x60000020,27232583,0x19F8947,27235655,0x19F9547,6469686599,0x1819F9547,0F05,true,true,false,true,75034,0x19F88E0,0x19FA73F,7775,3175,0xC67,false,true,syscall,2,,,0x19FA73F,function_end,instruction_start,true,false,true,true
2083,.text,0x60000020,27233361,0x19F8C51,27236433,0x19F9851,6469687377,0x1819F9851,0F05,true,true,false,true,75034,0x19F88E0,0x19FA73F,7775,3953,0xF71,false,true,syscall,2,,,0x19FA73F,function_end,instruction_start,true,false,true,true
2084,.text,0x60000020,27234078,0x19F8F1E,27237150,0x19F9B1E,6469688094,0x1819F9B1E,0F05,true,true,false,true,75034,0x19F88E0,0x19FA73F,7775,4670,0x123E,false,true,syscall,2,,,0x19FA73F,function_end,instruction_start,true,false,true,true
2085,.text,0x60000020,27234689,0x19F9181,27237761,0x19F9D81,6469688705,0x1819F9D81,0F05,true,true,false,true,75034,0x19F88E0,0x19FA73F,7775,5281,0x14A1,false,true,syscall,2,,,0x19FA73F,function_end,instruction_start,true,false,true,true
2086,.text,0x60000020,27236798,0x19F99BE,27239870,0x19FA5BE,6469690814,0x1819FA5BE,0F05,true,true,false,true,75034,0x19F88E0,0x19FA73F,7775,7390,0x1CDE,false,true,syscall,2,,,0x19FA73F,function_end,instruction_start,true,false,true,true
2087,.text,0x60000020,27239045,0x19FA285,27242117,0x19FAE85,6469693061,0x1819FAE85,0F05,true,true,false,true,75035,0x19FA760,0x19FC4CF,7535,1829,0x725,false,true,syscall,2,,,0x19FC4CF,function_end,instruction_start,true,false,true,true
2088,.text,0x60000020,27239466,0x19FA42A,27242538,0x19FB02A,6469693482,0x1819FB02A,0F05,true,true,false,true,75035,0x19FA760,0x19FC4CF,7535,2250,0x8CA,false,true,syscall,2,,,0x19FC4CF,function_end,instruction_start,true,false,true,true
2089,.text,0x60000020,27240454,0x19FA806,27243526,0x19FB406,6469694470,0x1819FB406,0F05,true,true,false,true,75035,0x19FA760,0x19FC4CF,7535,3238,0xCA6,false,true,syscall,2,,,0x19FC4CF,function_end,instruction_start,true,false,true,true
2090,.text,0x60000020,27240965,0x19FAA05,27244037,0x19FB605,6469694981,0x1819FB605,0F05,true,true,false,true,75035,0x19FA760,0x19FC4CF,7535,3749,0xEA5,false,true,syscall,2,,,0x19FC4CF,function_end,instruction_start,true,false,true,true
2091,.text,0x60000020,27241923,0x19FADC3,27244995,0x19FB9C3,6469695939,0x1819FB9C3,0F05,true,true,false,true,75035,0x19FA760,0x19FC4CF,7535,4707,0x1263,false,true,syscall,2,,,0x19FC4CF,function_end,instruction_start,true,false,true,true
2092,.text,0x60000020,27243045,0x19FB225,27246117,0x19FBE25,6469697061,0x1819FBE25,0F05,true,true,false,true,75035,0x19FA760,0x19FC4CF,7535,5829,0x16C5,false,true,syscall,2,,,0x19FC4CF,function_end,instruction_start,true,false,true,true
2093,.text,0x60000020,27243956,0x19FB5B4,27247028,0x19FC1B4,6469697972,0x1819FC1B4,0F05,true,true,false,true,75035,0x19FA760,0x19FC4CF,7535,6740,0x1A54,true,true,syscall,2,,,0x19FC4CF,function_end,instruction_start,true,false,true,true
2094,.text,0x60000020,27244580,0x19FB824,27247652,0x19FC424,6469698596,0x1819FC424,0F05,true,true,false,true,75035,0x19FA760,0x19FC4CF,7535,7364,0x1CC4,true,true,syscall,2,,,0x19FC4CF,function_end,instruction_start,true,false,true,true
2095,.text,0x60000020,27245380,0x19FBB44,27248452,0x19FC744,6469699396,0x1819FC744,0F05,true,true,false,true,75036,0x19FC4F0,0x19FE4C2,8146,596,0x254,true,true,syscall,2,,,0x19FE4C2,function_end,instruction_start,true,false,true,true
2096,.text,0x60000020,27245823,0x19FBCFF,27248895,0x19FC8FF,6469699839,0x1819FC8FF,0F05,true,true,false,true,75036,0x19FC4F0,0x19FE4C2,8146,1039,0x40F,false,true,syscall,2,,,0x19FE4C2,function_end,instruction_start,true,false,true,true
2097,.text,0x60000020,27246244,0x19FBEA4,27249316,0x19FCAA4,6469700260,0x1819FCAA4,0F05,true,true,false,true,75036,0x19FC4F0,0x19FE4C2,8146,1460,0x5B4,true,true,syscall,2,,,0x19FE4C2,function_end,instruction_start,true,false,true,true
2098,.text,0x60000020,27247327,0x19FC2DF,27250399,0x19FCEDF,6469701343,0x1819FCEDF,0F05,true,true,false,true,75036,0x19FC4F0,0x19FE4C2,8146,2543,0x9EF,false,true,syscall,2,,,0x19FE4C2,function_end,instruction_start,true,false,true,true
2099,.text,0x60000020,27248501,0x19FC775,27251573,0x19FD375,6469702517,0x1819FD375,0F05,true,true,false,true,75036,0x19FC4F0,0x19FE4C2,8146,3717,0xE85,false,true,syscall,2,,,0x19FE4C2,function_end,instruction_start,true,false,true,true
2100,.text,0x60000020,27248958,0x19FC93E,27252030,0x19FD53E,6469702974,0x1819FD53E,0F05,true,true,false,true,75036,0x19FC4F0,0x19FE4C2,8146,4174,0x104E,false,true,syscall,2,,,0x19FE4C2,function_end,instruction_start,true,false,true,true
2101,.text,0x60000020,27249716,0x19FCC34,27252788,0x19FD834,6469703732,0x1819FD834,0F05,true,true,false,true,75036,0x19FC4F0,0x19FE4C2,8146,4932,0x1344,true,true,syscall,2,,,0x19FE4C2,function_end,instruction_start,true,false,true,true
2102,.text,0x60000020,27251666,0x19FD3D2,27254738,0x19FDFD2,6469705682,0x1819FDFD2,0F05,true,true,false,true,75036,0x19FC4F0,0x19FE4C2,8146,6882,0x1AE2,false,true,syscall,2,,,0x19FE4C2,function_end,instruction_start,true,false,true,true
2103,.text,0x60000020,27253414,0x19FDAA6,27256486,0x19FE6A6,6469707430,0x1819FE6A6,0F05,true,true,false,true,75037,0x19FE4F0,0x1A003BC,7884,438,0x1B6,false,true,syscall,2,,,0x1A003BC,function_end,instruction_start,true,false,true,true
2104,.text,0x60000020,27256067,0x19FE503,27259139,0x19FF103,6469710083,0x1819FF103,0F05,true,true,false,true,75037,0x19FE4F0,0x1A003BC,7884,3091,0xC13,false,true,syscall,2,,,0x1A003BC,function_end,instruction_start,true,false,true,true
2105,.text,0x60000020,27256570,0x19FE6FA,27259642,0x19FF2FA,6469710586,0x1819FF2FA,0F05,true,true,false,true,75037,0x19FE4F0,0x1A003BC,7884,3594,0xE0A,false,true,syscall,2,,,0x1A003BC,function_end,instruction_start,true,false,true,true
2106,.text,0x60000020,27256947,0x19FE873,27260019,0x19FF473,6469710963,0x1819FF473,0F05,true,true,false,true,75037,0x19FE4F0,0x1A003BC,7884,3971,0xF83,false,true,syscall,2,,,0x1A003BC,function_end,instruction_start,true,false,true,true
2107,.text,0x60000020,27257542,0x19FEAC6,27260614,0x19FF6C6,6469711558,0x1819FF6C6,0F05,true,true,false,true,75037,0x19FE4F0,0x1A003BC,7884,4566,0x11D6,false,true,syscall,2,,,0x1A003BC,function_end,instruction_start,true,false,true,true
2108,.text,0x60000020,27258417,0x19FEE31,27261489,0x19FFA31,6469712433,0x1819FFA31,0F05,true,true,false,true,75037,0x19FE4F0,0x1A003BC,7884,5441,0x1541,false,true,syscall,2,,,0x1A003BC,function_end,instruction_start,true,false,true,true
2109,.text,0x60000020,27260207,0x19FF52F,27263279,0x1A0012F,6469714223,0x181A0012F,0F05,true,true,false,true,75037,0x19FE4F0,0x1A003BC,7884,7231,0x1C3F,false,true,syscall,2,,,0x1A003BC,function_end,instruction_start,true,false,true,true
2110,.text,0x60000020,27260491,0x19FF64B,27263563,0x1A0024B,6469714507,0x181A0024B,0F05,true,true,false,true,75037,0x19FE4F0,0x1A003BC,7884,7515,0x1D5B,false,true,syscall,2,,,0x1A003BC,function_end,instruction_start,true,false,true,true
2111,.text,0x60000020,27263267,0x1A00123,27266339,0x1A00D23,6469717283,0x181A00D23,0F05,true,true,false,true,75038,0x1A003E0,0x1A021A5,7621,2371,0x943,false,true,syscall,2,,,0x1A021A5,function_end,instruction_start,true,false,true,true
2112,.text,0x60000020,27264133,0x1A00485,27267205,0x1A01085,6469718149,0x181A01085,0F05,true,true,false,true,75038,0x1A003E0,0x1A021A5,7621,3237,0xCA5,false,true,syscall,2,,,0x1A021A5,function_end,instruction_start,true,false,true,true
2113,.text,0x60000020,27264693,0x1A006B5,27267765,0x1A012B5,6469718709,0x181A012B5,0F05,true,true,false,true,75038,0x1A003E0,0x1A021A5,7621,3797,0xED5,false,true,syscall,2,,,0x1A021A5,function_end,instruction_start,true,false,true,true
2114,.text,0x60000020,27265997,0x1A00BCD,27269069,0x1A017CD,6469720013,0x181A017CD,0F05,true,true,false,true,75038,0x1A003E0,0x1A021A5,7621,5101,0x13ED,false,true,syscall,2,,,0x1A021A5,function_end,instruction_start,true,false,true,true
2115,.text,0x60000020,27266387,0x1A00D53,27269459,0x1A01953,6469720403,0x181A01953,0F05,true,true,false,true,75038,0x1A003E0,0x1A021A5,7621,5491,0x1573,false,true,syscall,2,,,0x1A021A5,function_end,instruction_start,true,false,true,true
2116,.text,0x60000020,27266974,0x1A00F9E,27270046,0x1A01B9E,6469720990,0x181A01B9E,0F05,true,true,false,true,75038,0x1A003E0,0x1A021A5,7621,6078,0x17BE,false,true,syscall,2,,,0x1A021A5,function_end,instruction_start,true,false,true,true
2117,.text,0x60000020,27267787,0x1A012CB,27270859,0x1A01ECB,6469721803,0x181A01ECB,0F05,true,true,false,true,75038,0x1A003E0,0x1A021A5,7621,6891,0x1AEB,false,true,syscall,2,,,0x1A021A5,function_end,instruction_start,true,false,true,true
2118,.text,0x60000020,27268309,0x1A014D5,27271381,0x1A020D5,6469722325,0x181A020D5,0F05,true,true,false,true,75038,0x1A003E0,0x1A021A5,7621,7413,0x1CF5,false,true,syscall,2,,,0x1A021A5,function_end,instruction_start,true,false,true,true
2119,.text,0x60000020,27268995,0x1A01783,27272067,0x1A02383,6469723011,0x181A02383,0F05,true,true,false,true,75039,0x1A021D0,0x1A04041,7793,435,0x1B3,false,true,syscall,2,,,0x1A04041,function_end,instruction_start,true,false,true,true
2120,.text,0x60000020,27269596,0x1A019DC,27272668,0x1A025DC,6469723612,0x181A025DC,0F05,true,true,false,true,75039,0x1A021D0,0x1A04041,7793,1036,0x40C,true,true,syscall,2,,,0x1A04041,function_end,instruction_start,true,false,true,true
2121,.text,0x60000020,27270607,0x1A01DCF,27273679,0x1A029CF,6469724623,0x181A029CF,0F05,true,true,false,true,75039,0x1A021D0,0x1A04041,7793,2047,0x7FF,false,true,syscall,2,,,0x1A04041,function_end,instruction_start,true,false,true,true
2122,.text,0x60000020,27271253,0x1A02055,27274325,0x1A02C55,6469725269,0x181A02C55,0F05,true,true,false,true,75039,0x1A021D0,0x1A04041,7793,2693,0xA85,false,true,syscall,2,,,0x1A04041,function_end,instruction_start,true,false,true,true
2123,.text,0x60000020,27271961,0x1A02319,27275033,0x1A02F19,6469725977,0x181A02F19,0F05,true,true,false,true,75039,0x1A021D0,0x1A04041,7793,3401,0xD49,false,true,syscall,2,,,0x1A04041,function_end,instruction_start,true,false,true,true
2124,.text,0x60000020,27274485,0x1A02CF5,27277557,0x1A038F5,6469728501,0x181A038F5,0F05,true,true,false,true,75039,0x1A021D0,0x1A04041,7793,5925,0x1725,false,true,syscall,2,,,0x1A04041,function_end,instruction_start,true,false,true,true
2125,.text,0x60000020,27275770,0x1A031FA,27278842,0x1A03DFA,6469729786,0x181A03DFA,0F05,true,true,false,true,75039,0x1A021D0,0x1A04041,7793,7210,0x1C2A,false,true,syscall,2,,,0x1A04041,function_end,instruction_start,true,false,true,true
2126,.text,0x60000020,27276231,0x1A033C7,27279303,0x1A03FC7,6469730247,0x181A03FC7,0F05,true,true,false,true,75039,0x1A021D0,0x1A04041,7793,7671,0x1DF7,false,true,syscall,2,,,0x1A04041,function_end,instruction_start,true,false,true,true
2127,.text,0x60000020,27277586,0x1A03912,27280658,0x1A04512,6469731602,0x181A04512,0F05,true,true,false,true,75040,0x1A04070,0x1A05EC5,7765,1186,0x4A2,false,true,syscall,2,,,0x1A05EC5,function_end,instruction_start,true,false,true,true
2128,.text,0x60000020,27278402,0x1A03C42,27281474,0x1A04842,6469732418,0x181A04842,0F05,true,true,false,true,75040,0x1A04070,0x1A05EC5,7765,2002,0x7D2,false,true,syscall,2,,,0x1A05EC5,function_end,instruction_start,true,false,true,true
2129,.text,0x60000020,27279081,0x1A03EE9,27282153,0x1A04AE9,6469733097,0x181A04AE9,0F05,true,true,false,true,75040,0x1A04070,0x1A05EC5,7765,2681,0xA79,false,true,syscall,2,,,0x1A05EC5,function_end,instruction_start,true,false,true,true
2130,.text,0x60000020,27279688,0x1A04148,27282760,0x1A04D48,6469733704,0x181A04D48,0F05,true,true,false,true,75040,0x1A04070,0x1A05EC5,7765,3288,0xCD8,true,true,syscall,2,,,0x1A05EC5,function_end,instruction_start,true,false,true,true
2131,.text,0x60000020,27279944,0x1A04248,27283016,0x1A04E48,6469733960,0x181A04E48,0F05,true,true,false,true,75040,0x1A04070,0x1A05EC5,7765,3544,0xDD8,true,true,syscall,2,,,0x1A05EC5,function_end,instruction_start,true,false,true,true
2132,.text,0x60000020,27280581,0x1A044C5,27283653,0x1A050C5,6469734597,0x181A050C5,0F05,true,true,false,true,75040,0x1A04070,0x1A05EC5,7765,4181,0x1055,false,true,syscall,2,,,0x1A05EC5,function_end,instruction_start,true,false,true,true
2133,.text,0x60000020,27281617,0x1A048D1,27284689,0x1A054D1,6469735633,0x181A054D1,0F05,true,true,false,true,75040,0x1A04070,0x1A05EC5,7765,5217,0x1461,false,true,syscall,2,,,0x1A05EC5,function_end,instruction_start,true,false,true,true
2134,.text,0x60000020,27282864,0x1A04DB0,27285936,0x1A059B0,6469736880,0x181A059B0,0F05,true,true,false,true,75040,0x1A04070,0x1A05EC5,7765,6464,0x1940,true,true,syscall,2,,,0x1A05EC5,function_end,instruction_start,true,false,true,true
2135,.text,0x60000020,27285354,0x1A0576A,27288426,0x1A0636A,6469739370,0x181A0636A,0F05,true,true,false,true,75041,0x1A05EF0,0x1A07D68,7800,1146,0x47A,false,true,syscall,2,,,0x1A07D68,function_end,instruction_start,true,false,true,true
2136,.text,0x60000020,27287026,0x1A05DF2,27290098,0x1A069F2,6469741042,0x181A069F2,0F05,true,true,false,true,75041,0x1A05EF0,0x1A07D68,7800,2818,0xB02,false,true,syscall,2,,,0x1A07D68,function_end,instruction_start,true,false,true,true
2137,.text,0x60000020,27287560,0x1A06008,27290632,0x1A06C08,6469741576,0x181A06C08,0F05,true,true,false,true,75041,0x1A05EF0,0x1A07D68,7800,3352,0xD18,true,true,syscall,2,,,0x1A07D68,function_end,instruction_start,true,false,true,true
2138,.text,0x60000020,27288377,0x1A06339,27291449,0x1A06F39,6469742393,0x181A06F39,0F05,true,true,false,true,75041,0x1A05EF0,0x1A07D68,7800,4169,0x1049,false,true,syscall,2,,,0x1A07D68,function_end,instruction_start,true,false,true,true
2139,.text,0x60000020,27288922,0x1A0655A,27291994,0x1A0715A,6469742938,0x181A0715A,0F05,true,true,false,true,75041,0x1A05EF0,0x1A07D68,7800,4714,0x126A,false,true,syscall,2,,,0x1A07D68,function_end,instruction_start,true,false,true,true
2140,.text,0x60000020,27289266,0x1A066B2,27292338,0x1A072B2,6469743282,0x181A072B2,0F05,true,true,false,true,75041,0x1A05EF0,0x1A07D68,7800,5058,0x13C2,false,true,syscall,2,,,0x1A07D68,function_end,instruction_start,true,false,true,true
2141,.text,0x60000020,27290905,0x1A06D19,27293977,0x1A07919,6469744921,0x181A07919,0F05,true,true,false,true,75041,0x1A05EF0,0x1A07D68,7800,6697,0x1A29,false,true,syscall,2,,,0x1A07D68,function_end,instruction_start,true,false,true,true
2142,.text,0x60000020,27291300,0x1A06EA4,27294372,0x1A07AA4,6469745316,0x181A07AA4,0F05,true,true,false,true,75041,0x1A05EF0,0x1A07D68,7800,7092,0x1BB4,true,true,syscall,2,,,0x1A07D68,function_end,instruction_start,true,false,true,true
2143,.text,0x60000020,27292426,0x1A0730A,27295498,0x1A07F0A,6469746442,0x181A07F0A,0F05,true,true,false,true,75042,0x1A07D90,0x1A09CD6,8006,378,0x17A,false,true,syscall,2,,,0x1A09CD6,function_end,instruction_start,true,false,true,true
2144,.text,0x60000020,27292978,0x1A07532,27296050,0x1A08132,6469746994,0x181A08132,0F05,true,true,false,true,75042,0x1A07D90,0x1A09CD6,8006,930,0x3A2,false,true,syscall,2,,,0x1A09CD6,function_end,instruction_start,true,false,true,true
2145,.text,0x60000020,27293964,0x1A0790C,27297036,0x1A0850C,6469747980,0x181A0850C,0F05,true,true,false,true,75042,0x1A07D90,0x1A09CD6,8006,1916,0x77C,true,true,syscall,2,,,0x1A09CD6,function_end,instruction_start,true,false,true,true
2146,.text,0x60000020,27294621,0x1A07B9D,27297693,0x1A0879D,6469748637,0x181A0879D,0F05,true,true,false,true,75042,0x1A07D90,0x1A09CD6,8006,2573,0xA0D,false,true,syscall,2,,,0x1A09CD6,function_end,instruction_start,true,false,true,true
2147,.text,0x60000020,27295971,0x1A080E3,27299043,0x1A08CE3,6469749987,0x181A08CE3,0F05,true,true,false,true,75042,0x1A07D90,0x1A09CD6,8006,3923,0xF53,false,true,syscall,2,,,0x1A09CD6,function_end,instruction_start,true,false,true,true
2148,.text,0x60000020,27297376,0x1A08660,27300448,0x1A09260,6469751392,0x181A09260,0F05,true,true,false,true,75042,0x1A07D90,0x1A09CD6,8006,5328,0x14D0,true,true,syscall,2,,,0x1A09CD6,function_end,instruction_start,true,false,true,true
2149,.text,0x60000020,27298915,0x1A08C63,27301987,0x1A09863,6469752931,0x181A09863,0F05,true,true,false,true,75042,0x1A07D90,0x1A09CD6,8006,6867,0x1AD3,false,true,syscall,2,,,0x1A09CD6,function_end,instruction_start,true,false,true,true
2150,.text,0x60000020,27299392,0x1A08E40,27302464,0x1A09A40,6469753408,0x181A09A40,0F05,true,true,false,true,75042,0x1A07D90,0x1A09CD6,8006,7344,0x1CB0,true,true,syscall,2,,,0x1A09CD6,function_end,instruction_start,true,false,true,true
2151,.text,0x60000020,27300517,0x1A092A5,27303589,0x1A09EA5,6469754533,0x181A09EA5,0F05,true,true,false,true,75043,0x1A09D00,0x1A0BBDA,7898,421,0x1A5,false,true,syscall,2,,,0x1A0BBDA,function_end,instruction_start,true,false,true,true
2152,.text,0x60000020,27302723,0x1A09B43,27305795,0x1A0A743,6469756739,0x181A0A743,0F05,true,true,false,true,75043,0x1A09D00,0x1A0BBDA,7898,2627,0xA43,false,true,syscall,2,,,0x1A0BBDA,function_end,instruction_start,true,false,true,true
2153,.text,0x60000020,27303129,0x1A09CD9,27306201,0x1A0A8D9,6469757145,0x181A0A8D9,0F05,true,true,false,true,75043,0x1A09D00,0x1A0BBDA,7898,3033,0xBD9,false,true,syscall,2,,,0x1A0BBDA,function_end,instruction_start,true,false,true,true
2154,.text,0x60000020,27304640,0x1A0A2C0,27307712,0x1A0AEC0,6469758656,0x181A0AEC0,0F05,true,true,false,true,75043,0x1A09D00,0x1A0BBDA,7898,4544,0x11C0,true,true,syscall,2,,,0x1A0BBDA,function_end,instruction_start,true,false,true,true
2155,.text,0x60000020,27305156,0x1A0A4C4,27308228,0x1A0B0C4,6469759172,0x181A0B0C4,0F05,true,true,false,true,75043,0x1A09D00,0x1A0BBDA,7898,5060,0x13C4,true,true,syscall,2,,,0x1A0BBDA,function_end,instruction_start,true,false,true,true
2156,.text,0x60000020,27305711,0x1A0A6EF,27308783,0x1A0B2EF,6469759727,0x181A0B2EF,0F05,true,true,false,true,75043,0x1A09D00,0x1A0BBDA,7898,5615,0x15EF,false,true,syscall,2,,,0x1A0BBDA,function_end,instruction_start,true,false,true,true
2157,.text,0x60000020,27306459,0x1A0A9DB,27309531,0x1A0B5DB,6469760475,0x181A0B5DB,0F05,true,true,false,true,75043,0x1A09D00,0x1A0BBDA,7898,6363,0x18DB,false,true,syscall,2,,,0x1A0BBDA,function_end,instruction_start,true,false,true,true
2158,.text,0x60000020,27307461,0x1A0ADC5,27310533,0x1A0B9C5,6469761477,0x181A0B9C5,0F05,true,true,false,true,75043,0x1A09D00,0x1A0BBDA,7898,7365,0x1CC5,false,true,syscall,2,,,0x1A0BBDA,function_end,instruction_start,true,false,true,true
2159,.text,0x60000020,27308358,0x1A0B146,27311430,0x1A0BD46,6469762374,0x181A0BD46,0F05,true,true,false,true,75044,0x1A0BC00,0x1A0DA38,7736,326,0x146,false,true,syscall,2,,,0x1A0DA38,function_end,instruction_start,true,false,true,true
2160,.text,0x60000020,27309276,0x1A0B4DC,27312348,0x1A0C0DC,6469763292,0x181A0C0DC,0F05,true,true,false,true,75044,0x1A0BC00,0x1A0DA38,7736,1244,0x4DC,true,true,syscall,2,,,0x1A0DA38,function_end,instruction_start,true,false,true,true
2161,.text,0x60000020,27310826,0x1A0BAEA,27313898,0x1A0C6EA,6469764842,0x181A0C6EA,0F05,true,true,false,true,75044,0x1A0BC00,0x1A0DA38,7736,2794,0xAEA,false,true,syscall,2,,,0x1A0DA38,function_end,instruction_start,true,false,true,true
2162,.text,0x60000020,27311163,0x1A0BC3B,27314235,0x1A0C83B,6469765179,0x181A0C83B,0F05,true,true,false,true,75044,0x1A0BC00,0x1A0DA38,7736,3131,0xC3B,false,true,syscall,2,,,0x1A0DA38,function_end,instruction_start,true,false,true,true
2163,.text,0x60000020,27312531,0x1A0C193,27315603,0x1A0CD93,6469766547,0x181A0CD93,0F05,true,true,false,true,75044,0x1A0BC00,0x1A0DA38,7736,4499,0x1193,false,true,syscall,2,,,0x1A0DA38,function_end,instruction_start,true,false,true,true
2164,.text,0x60000020,27313825,0x1A0C6A1,27316897,0x1A0D2A1,6469767841,0x181A0D2A1,0F05,true,true,false,true,75044,0x1A0BC00,0x1A0DA38,7736,5793,0x16A1,false,true,syscall,2,,,0x1A0DA38,function_end,instruction_start,true,false,true,true
2165,.text,0x60000020,27314868,0x1A0CAB4,27317940,0x1A0D6B4,6469768884,0x181A0D6B4,0F05,true,true,false,true,75044,0x1A0BC00,0x1A0DA38,7736,6836,0x1AB4,true,true,syscall,2,,,0x1A0DA38,function_end,instruction_start,true,false,true,true
2166,.text,0x60000020,27315241,0x1A0CC29,27318313,0x1A0D829,6469769257,0x181A0D829,0F05,true,true,false,true,75044,0x1A0BC00,0x1A0DA38,7736,7209,0x1C29,false,true,syscall,2,,,0x1A0DA38,function_end,instruction_start,true,false,true,true
2167,.text,0x60000020,27316512,0x1A0D120,27319584,0x1A0DD20,6469770528,0x181A0DD20,0F05,true,true,false,true,75045,0x1A0DA60,0x1A0FA08,8104,704,0x2C0,true,true,syscall,2,,,0x1A0FA08,function_end,instruction_start,true,false,true,true
2168,.text,0x60000020,27317211,0x1A0D3DB,27320283,0x1A0DFDB,6469771227,0x181A0DFDB,0F05,true,true,false,true,75045,0x1A0DA60,0x1A0FA08,8104,1403,0x57B,false,true,syscall,2,,,0x1A0FA08,function_end,instruction_start,true,false,true,true
2169,.text,0x60000020,27317876,0x1A0D674,27320948,0x1A0E274,6469771892,0x181A0E274,0F05,true,true,false,true,75045,0x1A0DA60,0x1A0FA08,8104,2068,0x814,true,true,syscall,2,,,0x1A0FA08,function_end,instruction_start,true,false,true,true
2170,.text,0x60000020,27319064,0x1A0DB18,27322136,0x1A0E718,6469773080,0x181A0E718,0F05,true,true,false,true,75045,0x1A0DA60,0x1A0FA08,8104,3256,0xCB8,true,true,syscall,2,,,0x1A0FA08,function_end,instruction_start,true,false,true,true
2171,.text,0x60000020,27321211,0x1A0E37B,27324283,0x1A0EF7B,6469775227,0x181A0EF7B,0F05,true,true,false,true,75045,0x1A0DA60,0x1A0FA08,8104,5403,0x151B,false,true,syscall,2,,,0x1A0FA08,function_end,instruction_start,true,false,true,true
2172,.text,0x60000020,27321905,0x1A0E631,27324977,0x1A0F231,6469775921,0x181A0F231,0F05,true,true,false,true,75045,0x1A0DA60,0x1A0FA08,8104,6097,0x17D1,false,true,syscall,2,,,0x1A0FA08,function_end,instruction_start,true,false,true,true
2173,.text,0x60000020,27322571,0x1A0E8CB,27325643,0x1A0F4CB,6469776587,0x181A0F4CB,0F05,true,true,false,true,75045,0x1A0DA60,0x1A0FA08,8104,6763,0x1A6B,false,true,syscall,2,,,0x1A0FA08,function_end,instruction_start,true,false,true,true
2174,.text,0x60000020,27323163,0x1A0EB1B,27326235,0x1A0F71B,6469777179,0x181A0F71B,0F05,true,true,false,true,75045,0x1A0DA60,0x1A0FA08,8104,7355,0x1CBB,false,true,syscall,2,,,0x1A0FA08,function_end,instruction_start,true,false,true,true
2175,.text,0x60000020,27325044,0x1A0F274,27328116,0x1A0FE74,6469779060,0x181A0FE74,0F05,true,true,false,true,75046,0x1A0FA30,0x1A118B1,7809,1092,0x444,true,true,syscall,2,,,0x1A118B1,function_end,instruction_start,true,false,true,true
2176,.text,0x60000020,27327331,0x1A0FB63,27330403,0x1A10763,6469781347,0x181A10763,0F05,true,true,false,true,75046,0x1A0FA30,0x1A118B1,7809,3379,0xD33,false,true,syscall,2,,,0x1A118B1,function_end,instruction_start,true,false,true,true
2177,.text,0x60000020,27327729,0x1A0FCF1,27330801,0x1A108F1,6469781745,0x181A108F1,0F05,true,true,false,true,75046,0x1A0FA30,0x1A118B1,7809,3777,0xEC1,false,true,syscall,2,,,0x1A118B1,function_end,instruction_start,true,false,true,true
2178,.text,0x60000020,27329080,0x1A10238,27332152,0x1A10E38,6469783096,0x181A10E38,0F05,true,true,false,true,75046,0x1A0FA30,0x1A118B1,7809,5128,0x1408,true,true,syscall,2,,,0x1A118B1,function_end,instruction_start,true,false,true,true
2179,.text,0x60000020,27329583,0x1A1042F,27332655,0x1A1102F,6469783599,0x181A1102F,0F05,true,true,false,true,75046,0x1A0FA30,0x1A118B1,7809,5631,0x15FF,false,true,syscall,2,,,0x1A118B1,function_end,instruction_start,true,false,true,true
2180,.text,0x60000020,27330125,0x1A1064D,27333197,0x1A1124D,6469784141,0x181A1124D,0F05,true,true,false,true,75046,0x1A0FA30,0x1A118B1,7809,6173,0x181D,false,true,syscall,2,,,0x1A118B1,function_end,instruction_start,true,false,true,true
2181,.text,0x60000020,27330932,0x1A10974,27334004,0x1A11574,6469784948,0x181A11574,0F05,true,true,false,true,75046,0x1A0FA30,0x1A118B1,7809,6980,0x1B44,true,true,syscall,2,,,0x1A118B1,function_end,instruction_start,true,false,true,true
2182,.text,0x60000020,27331691,0x1A10C6B,27334763,0x1A1186B,6469785707,0x181A1186B,0F05,true,true,false,true,75046,0x1A0FA30,0x1A118B1,7809,7739,0x1E3B,false,true,syscall,2,,,0x1A118B1,function_end,instruction_start,true,false,true,true
2183,.text,0x60000020,27332225,0x1A10E81,27335297,0x1A11A81,6469786241,0x181A11A81,0F05,true,true,false,true,75047,0x1A118E0,0x1A1368A,7594,417,0x1A1,false,true,syscall,2,,,0x1A1368A,function_end,instruction_start,true,false,true,true
2184,.text,0x60000020,27332996,0x1A11184,27336068,0x1A11D84,6469787012,0x181A11D84,0F05,true,true,false,true,75047,0x1A118E0,0x1A1368A,7594,1188,0x4A4,true,true,syscall,2,,,0x1A1368A,function_end,instruction_start,true,false,true,true
2185,.text,0x60000020,27334181,0x1A11625,27337253,0x1A12225,6469788197,0x181A12225,0F05,true,true,false,true,75047,0x1A118E0,0x1A1368A,7594,2373,0x945,false,true,syscall,2,,,0x1A1368A,function_end,instruction_start,true,false,true,true
2186,.text,0x60000020,27336827,0x1A1207B,27339899,0x1A12C7B,6469790843,0x181A12C7B,0F05,true,true,false,true,75047,0x1A118E0,0x1A1368A,7594,5019,0x139B,false,true,syscall,2,,,0x1A1368A,function_end,instruction_start,true,false,true,true
2187,.text,0x60000020,27337889,0x1A124A1,27340961,0x1A130A1,6469791905,0x181A130A1,0F05,true,true,false,true,75047,0x1A118E0,0x1A1368A,7594,6081,0x17C1,false,true,syscall,2,,,0x1A1368A,function_end,instruction_start,true,false,true,true
2188,.text,0x60000020,27338506,0x1A1270A,27341578,0x1A1330A,6469792522,0x181A1330A,0F05,true,true,false,true,75047,0x1A118E0,0x1A1368A,7594,6698,0x1A2A,false,true,syscall,2,,,0x1A1368A,function_end,instruction_start,true,false,true,true
2189,.text,0x60000020,27339011,0x1A12903,27342083,0x1A13503,6469793027,0x181A13503,0F05,true,true,false,true,75047,0x1A118E0,0x1A1368A,7594,7203,0x1C23,false,true,syscall,2,,,0x1A1368A,function_end,instruction_start,true,false,true,true
2190,.text,0x60000020,27339349,0x1A12A55,27342421,0x1A13655,6469793365,0x181A13655,0F05,true,true,false,true,75047,0x1A118E0,0x1A1368A,7594,7541,0x1D75,false,true,syscall,2,,,0x1A1368A,function_end,instruction_start,true,false,true,true
2191,.text,0x60000020,27339936,0x1A12CA0,27343008,0x1A138A0,6469793952,0x181A138A0,0F05,true,true,false,true,75048,0x1A136B0,0x1A15686,8150,496,0x1F0,true,true,syscall,2,,,0x1A15686,function_end,instruction_start,true,false,true,true
2192,.text,0x60000020,27341281,0x1A131E1,27344353,0x1A13DE1,6469795297,0x181A13DE1,0F05,true,true,false,true,75048,0x1A136B0,0x1A15686,8150,1841,0x731,false,true,syscall,2,,,0x1A15686,function_end,instruction_start,true,false,true,true
2193,.text,0x60000020,27341715,0x1A13393,27344787,0x1A13F93,6469795731,0x181A13F93,0F05,true,true,false,true,75048,0x1A136B0,0x1A15686,8150,2275,0x8E3,false,true,syscall,2,,,0x1A15686,function_end,instruction_start,true,false,true,true
2194,.text,0x60000020,27342508,0x1A136AC,27345580,0x1A142AC,6469796524,0x181A142AC,0F05,true,true,false,true,75048,0x1A136B0,0x1A15686,8150,3068,0xBFC,true,true,syscall,2,,,0x1A15686,function_end,instruction_start,true,false,true,true
2195,.text,0x60000020,27342986,0x1A1388A,27346058,0x1A1448A,6469797002,0x181A1448A,0F05,true,true,false,true,75048,0x1A136B0,0x1A15686,8150,3546,0xDDA,false,true,syscall,2,,,0x1A15686,function_end,instruction_start,true,false,true,true
2196,.text,0x60000020,27343552,0x1A13AC0,27346624,0x1A146C0,6469797568,0x181A146C0,0F05,true,true,false,true,75048,0x1A136B0,0x1A15686,8150,4112,0x1010,true,true,syscall,2,,,0x1A15686,function_end,instruction_start,true,false,true,true
2197,.text,0x60000020,27345386,0x1A141EA,27348458,0x1A14DEA,6469799402,0x181A14DEA,0F05,true,true,false,true,75048,0x1A136B0,0x1A15686,8150,5946,0x173A,false,true,syscall,2,,,0x1A15686,function_end,instruction_start,true,false,true,true
2198,.text,0x60000020,27346901,0x1A147D5,27349973,0x1A153D5,6469800917,0x181A153D5,0F05,true,true,false,true,75048,0x1A136B0,0x1A15686,8150,7461,0x1D25,false,true,syscall,2,,,0x1A15686,function_end,instruction_start,true,false,true,true
2199,.text,0x60000020,27348243,0x1A14D13,27351315,0x1A15913,6469802259,0x181A15913,0F05,true,true,false,true,75049,0x1A156B0,0x1A17515,7781,611,0x263,false,true,syscall,2,,,0x1A17515,function_end,instruction_start,true,false,true,true
2200,.text,0x60000020,27348650,0x1A14EAA,27351722,0x1A15AAA,6469802666,0x181A15AAA,0F05,true,true,false,true,75049,0x1A156B0,0x1A17515,7781,1018,0x3FA,false,true,syscall,2,,,0x1A17515,function_end,instruction_start,true,false,true,true
2201,.text,0x60000020,27349231,0x1A150EF,27352303,0x1A15CEF,6469803247,0x181A15CEF,0F05,true,true,false,true,75049,0x1A156B0,0x1A17515,7781,1599,0x63F,false,true,syscall,2,,,0x1A17515,function_end,instruction_start,true,false,true,true
2202,.text,0x60000020,27350440,0x1A155A8,27353512,0x1A161A8,6469804456,0x181A161A8,0F05,true,true,false,true,75049,0x1A156B0,0x1A17515,7781,2808,0xAF8,true,true,syscall,2,,,0x1A17515,function_end,instruction_start,true,false,true,true
2203,.text,0x60000020,27351118,0x1A1584E,27354190,0x1A1644E,6469805134,0x181A1644E,0F05,true,true,false,true,75049,0x1A156B0,0x1A17515,7781,3486,0xD9E,false,true,syscall,2,,,0x1A17515,function_end,instruction_start,true,false,true,true
2204,.text,0x60000020,27352505,0x1A15DB9,27355577,0x1A169B9,6469806521,0x181A169B9,0F05,true,true,false,true,75049,0x1A156B0,0x1A17515,7781,4873,0x1309,false,true,syscall,2,,,0x1A17515,function_end,instruction_start,true,false,true,true
2205,.text,0x60000020,27353813,0x1A162D5,27356885,0x1A16ED5,6469807829,0x181A16ED5,0F05,true,true,false,true,75049,0x1A156B0,0x1A17515,7781,6181,0x1825,false,true,syscall,2,,,0x1A17515,function_end,instruction_start,true,false,true,true
2206,.text,0x60000020,27354938,0x1A1673A,27358010,0x1A1733A,6469808954,0x181A1733A,0F05,true,true,false,true,75049,0x1A156B0,0x1A17515,7781,7306,0x1C8A,false,true,syscall,2,,,0x1A17515,function_end,instruction_start,true,false,true,true
2207,.text,0x60000020,27356169,0x1A16C09,27359241,0x1A17809,6469810185,0x181A17809,0F05,true,true,false,true,75050,0x1A17540,0x1A1940E,7886,713,0x2C9,false,true,syscall,2,,,0x1A1940E,function_end,instruction_start,true,false,true,true
2208,.text,0x60000020,27357768,0x1A17248,27360840,0x1A17E48,6469811784,0x181A17E48,0F05,true,true,false,true,75050,0x1A17540,0x1A1940E,7886,2312,0x908,true,true,syscall,2,,,0x1A1940E,function_end,instruction_start,true,false,true,true
2209,.text,0x60000020,27358604,0x1A1758C,27361676,0x1A1818C,6469812620,0x181A1818C,0F05,true,true,false,true,75050,0x1A17540,0x1A1940E,7886,3148,0xC4C,true,true,syscall,2,,,0x1A1940E,function_end,instruction_start,true,false,true,true
2210,.text,0x60000020,27359198,0x1A177DE,27362270,0x1A183DE,6469813214,0x181A183DE,0F05,true,true,false,true,75050,0x1A17540,0x1A1940E,7886,3742,0xE9E,false,true,syscall,2,,,0x1A1940E,function_end,instruction_start,true,false,true,true
2211,.text,0x60000020,27359858,0x1A17A72,27362930,0x1A18672,6469813874,0x181A18672,0F05,true,true,false,true,75050,0x1A17540,0x1A1940E,7886,4402,0x1132,false,true,syscall,2,,,0x1A1940E,function_end,instruction_start,true,false,true,true
2212,.text,0x60000020,27360811,0x1A17E2B,27363883,0x1A18A2B,6469814827,0x181A18A2B,0F05,true,true,false,true,75050,0x1A17540,0x1A1940E,7886,5355,0x14EB,false,true,syscall,2,,,0x1A1940E,function_end,instruction_start,true,false,true,true
2213,.text,0x60000020,27361159,0x1A17F87,27364231,0x1A18B87,6469815175,0x181A18B87,0F05,true,true,false,true,75050,0x1A17540,0x1A1940E,7886,5703,0x1647,false,true,syscall,2,,,0x1A1940E,function_end,instruction_start,true,false,true,true
2214,.text,0x60000020,27363284,0x1A187D4,27366356,0x1A193D4,6469817300,0x181A193D4,0F05,true,true,false,true,75050,0x1A17540,0x1A1940E,7886,7828,0x1E94,true,true,syscall,2,,,0x1A1940E,function_end,instruction_start,true,false,true,true
2215,.text,0x60000020,27363881,0x1A18A29,27366953,0x1A19629,6469817897,0x181A19629,0F05,true,true,false,true,75051,0x1A19430,0x1A1D052,15394,505,0x1F9,false,true,syscall,2,,,0x1A1D052,function_end,instruction_start,true,false,true,true
2216,.text,0x60000020,27364540,0x1A18CBC,27367612,0x1A198BC,6469818556,0x181A198BC,0F05,true,true,false,true,75051,0x1A19430,0x1A1D052,15394,1164,0x48C,true,true,syscall,2,,,0x1A1D052,function_end,instruction_start,true,false,true,true
2217,.text,0x60000020,27365366,0x1A18FF6,27368438,0x1A19BF6,6469819382,0x181A19BF6,0F05,true,true,false,true,75051,0x1A19430,0x1A1D052,15394,1990,0x7C6,false,true,syscall,2,,,0x1A1D052,function_end,instruction_start,true,false,true,true
2218,.text,0x60000020,27367103,0x1A196BF,27370175,0x1A1A2BF,6469821119,0x181A1A2BF,0F05,true,true,false,true,75051,0x1A19430,0x1A1D052,15394,3727,0xE8F,false,true,syscall,2,,,0x1A1D052,function_end,instruction_start,true,false,true,true
2219,.text,0x60000020,27369286,0x1A19F46,27372358,0x1A1AB46,6469823302,0x181A1AB46,0F05,true,true,false,true,75051,0x1A19430,0x1A1D052,15394,5910,0x1716,false,true,syscall,2,,,0x1A1D052,function_end,instruction_start,true,false,true,true
2220,.text,0x60000020,27369712,0x1A1A0F0,27372784,0x1A1ACF0,6469823728,0x181A1ACF0,0F05,true,true,false,true,75051,0x1A19430,0x1A1D052,15394,6336,0x18C0,true,true,syscall,2,,,0x1A1D052,function_end,instruction_start,true,false,true,true
2221,.text,0x60000020,27371010,0x1A1A602,27374082,0x1A1B202,6469825026,0x181A1B202,0F05,true,true,false,true,75051,0x1A19430,0x1A1D052,15394,7634,0x1DD2,false,true,syscall,2,,,0x1A1D052,function_end,instruction_start,true,false,true,true
2222,.text,0x60000020,27371811,0x1A1A923,27374883,0x1A1B523,6469825827,0x181A1B523,0F05,true,true,false,true,75051,0x1A19430,0x1A1D052,15394,8435,0x20F3,false,true,syscall,2,,,0x1A1D052,function_end,instruction_start,true,false,true,true
2223,.text,0x60000020,27372834,0x1A1AD22,27375906,0x1A1B922,6469826850,0x181A1B922,0F05,true,true,false,true,75051,0x1A19430,0x1A1D052,15394,9458,0x24F2,false,true,syscall,2,,,0x1A1D052,function_end,instruction_start,true,false,true,true
2224,.text,0x60000020,27373582,0x1A1B00E,27376654,0x1A1BC0E,6469827598,0x181A1BC0E,0F05,true,true,false,true,75051,0x1A19430,0x1A1D052,15394,10206,0x27DE,false,true,syscall,2,,,0x1A1D052,function_end,instruction_start,true,false,true,true
2225,.text,0x60000020,27374084,0x1A1B204,27377156,0x1A1BE04,6469828100,0x181A1BE04,0F05,true,true,false,true,75051,0x1A19430,0x1A1D052,15394,10708,0x29D4,true,true,syscall,2,,,0x1A1D052,function_end,instruction_start,true,false,true,true
2226,.text,0x60000020,27374714,0x1A1B47A,27377786,0x1A1C07A,6469828730,0x181A1C07A,0F05,true,true,false,true,75051,0x1A19430,0x1A1D052,15394,11338,0x2C4A,false,true,syscall,2,,,0x1A1D052,function_end,instruction_start,true,false,true,true
2227,.text,0x60000020,27375625,0x1A1B809,27378697,0x1A1C409,6469829641,0x181A1C409,0F05,true,true,false,true,75051,0x1A19430,0x1A1D052,15394,12249,0x2FD9,false,true,syscall,2,,,0x1A1D052,function_end,instruction_start,true,false,true,true
2228,.text,0x60000020,27376120,0x1A1B9F8,27379192,0x1A1C5F8,6469830136,0x181A1C5F8,0F05,true,true,false,true,75051,0x1A19430,0x1A1D052,15394,12744,0x31C8,true,true,syscall,2,,,0x1A1D052,function_end,instruction_start,true,false,true,true
2229,.text,0x60000020,27378009,0x1A1C159,27381081,0x1A1CD59,6469832025,0x181A1CD59,0F05,true,true,false,true,75051,0x1A19430,0x1A1D052,15394,14633,0x3929,false,true,syscall,2,,,0x1A1D052,function_end,instruction_start,true,false,true,true
2230,.text,0x60000020,27378606,0x1A1C3AE,27381678,0x1A1CFAE,6469832622,0x181A1CFAE,0F05,true,true,false,true,75051,0x1A19430,0x1A1D052,15394,15230,0x3B7E,false,true,syscall,2,,,0x1A1D052,function_end,instruction_start,true,false,true,true
2231,.text,0x60000020,27379472,0x1A1C710,27382544,0x1A1D310,6469833488,0x181A1D310,0F05,true,true,false,true,75053,0x1A1D0C0,0x1A20BEB,15147,592,0x250,true,true,syscall,2,,,0x1A20BEB,function_end,instruction_start,true,false,true,true
2232,.text,0x60000020,27380581,0x1A1CB65,27383653,0x1A1D765,6469834597,0x181A1D765,0F05,true,true,false,true,75053,0x1A1D0C0,0x1A20BEB,15147,1701,0x6A5,false,true,syscall,2,,,0x1A20BEB,function_end,instruction_start,true,false,true,true
2233,.text,0x60000020,27381763,0x1A1D003,27384835,0x1A1DC03,6469835779,0x181A1DC03,0F05,true,true,false,true,75053,0x1A1D0C0,0x1A20BEB,15147,2883,0xB43,false,true,syscall,2,,,0x1A20BEB,function_end,instruction_start,true,false,true,true
2234,.text,0x60000020,27383467,0x1A1D6AB,27386539,0x1A1E2AB,6469837483,0x181A1E2AB,0F05,true,true,false,true,75053,0x1A1D0C0,0x1A20BEB,15147,4587,0x11EB,false,true,syscall,2,,,0x1A20BEB,function_end,instruction_start,true,false,true,true
2235,.text,0x60000020,27383996,0x1A1D8BC,27387068,0x1A1E4BC,6469838012,0x181A1E4BC,0F05,true,true,false,true,75053,0x1A1D0C0,0x1A20BEB,15147,5116,0x13FC,true,true,syscall,2,,,0x1A20BEB,function_end,instruction_start,true,false,true,true
2236,.text,0x60000020,27384871,0x1A1DC27,27387943,0x1A1E827,6469838887,0x181A1E827,0F05,true,true,false,true,75053,0x1A1D0C0,0x1A20BEB,15147,5991,0x1767,false,true,syscall,2,,,0x1A20BEB,function_end,instruction_start,true,false,true,true
2237,.text,0x60000020,27386723,0x1A1E363,27389795,0x1A1EF63,6469840739,0x181A1EF63,0F05,true,true,false,true,75053,0x1A1D0C0,0x1A20BEB,15147,7843,0x1EA3,false,true,syscall,2,,,0x1A20BEB,function_end,instruction_start,true,false,true,true
2238,.text,0x60000020,27387100,0x1A1E4DC,27390172,0x1A1F0DC,6469841116,0x181A1F0DC,0F05,true,true,false,true,75053,0x1A1D0C0,0x1A20BEB,15147,8220,0x201C,true,true,syscall,2,,,0x1A20BEB,function_end,instruction_start,true,false,true,true
2239,.text,0x60000020,27387679,0x1A1E71F,27390751,0x1A1F31F,6469841695,0x181A1F31F,0F05,true,true,false,true,75053,0x1A1D0C0,0x1A20BEB,15147,8799,0x225F,false,true,syscall,2,,,0x1A20BEB,function_end,instruction_start,true,false,true,true
2240,.text,0x60000020,27388784,0x1A1EB70,27391856,0x1A1F770,6469842800,0x181A1F770,0F05,true,true,false,true,75053,0x1A1D0C0,0x1A20BEB,15147,9904,0x26B0,true,true,syscall,2,,,0x1A20BEB,function_end,instruction_start,true,false,true,true
2241,.text,0x60000020,27389279,0x1A1ED5F,27392351,0x1A1F95F,6469843295,0x181A1F95F,0F05,true,true,false,true,75053,0x1A1D0C0,0x1A20BEB,15147,10399,0x289F,false,true,syscall,2,,,0x1A20BEB,function_end,instruction_start,true,false,true,true
2242,.text,0x60000020,27390828,0x1A1F36C,27393900,0x1A1FF6C,6469844844,0x181A1FF6C,0F05,true,true,false,true,75053,0x1A1D0C0,0x1A20BEB,15147,11948,0x2EAC,true,true,syscall,2,,,0x1A20BEB,function_end,instruction_start,true,false,true,true
2243,.text,0x60000020,27391333,0x1A1F565,27394405,0x1A20165,6469845349,0x181A20165,0F05,true,true,false,true,75053,0x1A1D0C0,0x1A20BEB,15147,12453,0x30A5,false,true,syscall,2,,,0x1A20BEB,function_end,instruction_start,true,false,true,true
2244,.text,0x60000020,27392103,0x1A1F867,27395175,0x1A20467,6469846119,0x181A20467,0F05,true,true,false,true,75053,0x1A1D0C0,0x1A20BEB,15147,13223,0x33A7,false,true,syscall,2,,,0x1A20BEB,function_end,instruction_start,true,false,true,true
2245,.text,0x60000020,27392780,0x1A1FB0C,27395852,0x1A2070C,6469846796,0x181A2070C,0F05,true,true,false,true,75053,0x1A1D0C0,0x1A20BEB,15147,13900,0x364C,true,true,syscall,2,,,0x1A20BEB,function_end,instruction_start,true,false,true,true
2246,.text,0x60000020,27393963,0x1A1FFAB,27397035,0x1A20BAB,6469847979,0x181A20BAB,0F05,true,true,false,true,75053,0x1A1D0C0,0x1A20BEB,15147,15083,0x3AEB,false,true,syscall,2,,,0x1A20BEB,function_end,instruction_start,true,false,true,true
2247,.text,0x60000020,27395342,0x1A2050E,27398414,0x1A2110E,6469849358,0x181A2110E,0F05,true,true,false,true,75054,0x1A20C00,0x1A2475D,15197,1294,0x50E,false,true,syscall,2,,,0x1A2475D,function_end,instruction_start,true,false,true,true
2248,.text,0x60000020,27395811,0x1A206E3,27398883,0x1A212E3,6469849827,0x181A212E3,0F05,true,true,false,true,75054,0x1A20C00,0x1A2475D,15197,1763,0x6E3,false,true,syscall,2,,,0x1A2475D,function_end,instruction_start,true,false,true,true
2249,.text,0x60000020,27396338,0x1A208F2,27399410,0x1A214F2,6469850354,0x181A214F2,0F05,true,true,false,true,75054,0x1A20C00,0x1A2475D,15197,2290,0x8F2,false,true,syscall,2,,,0x1A2475D,function_end,instruction_start,true,false,true,true
2250,.text,0x60000020,27397003,0x1A20B8B,27400075,0x1A2178B,6469851019,0x181A2178B,0F05,true,true,false,true,75054,0x1A20C00,0x1A2475D,15197,2955,0xB8B,false,true,syscall,2,,,0x1A2475D,function_end,instruction_start,true,false,true,true
2251,.text,0x60000020,27397494,0x1A20D76,27400566,0x1A21976,6469851510,0x181A21976,0F05,true,true,false,true,75054,0x1A20C00,0x1A2475D,15197,3446,0xD76,false,true,syscall,2,,,0x1A2475D,function_end,instruction_start,true,false,true,true
2252,.text,0x60000020,27398980,0x1A21344,27402052,0x1A21F44,6469852996,0x181A21F44,0F05,true,true,false,true,75054,0x1A20C00,0x1A2475D,15197,4932,0x1344,true,true,syscall,2,,,0x1A2475D,function_end,instruction_start,true,false,true,true
2253,.text,0x60000020,27400008,0x1A21748,27403080,0x1A22348,6469854024,0x181A22348,0F05,true,true,false,true,75054,0x1A20C00,0x1A2475D,15197,5960,0x1748,true,true,syscall,2,,,0x1A2475D,function_end,instruction_start,true,false,true,true
2254,.text,0x60000020,27400482,0x1A21922,27403554,0x1A22522,6469854498,0x181A22522,0F05,true,true,false,true,75054,0x1A20C00,0x1A2475D,15197,6434,0x1922,false,true,syscall,2,,,0x1A2475D,function_end,instruction_start,true,false,true,true
2255,.text,0x60000020,27401228,0x1A21C0C,27404300,0x1A2280C,6469855244,0x181A2280C,0F05,true,true,false,true,75054,0x1A20C00,0x1A2475D,15197,7180,0x1C0C,true,true,syscall,2,,,0x1A2475D,function_end,instruction_start,true,false,true,true
2256,.text,0x60000020,27401630,0x1A21D9E,27404702,0x1A2299E,6469855646,0x181A2299E,0F05,true,true,false,true,75054,0x1A20C00,0x1A2475D,15197,7582,0x1D9E,false,true,syscall,2,,,0x1A2475D,function_end,instruction_start,true,false,true,true
2257,.text,0x60000020,27402761,0x1A22209,27405833,0x1A22E09,6469856777,0x181A22E09,0F05,true,true,false,true,75054,0x1A20C00,0x1A2475D,15197,8713,0x2209,false,true,syscall,2,,,0x1A2475D,function_end,instruction_start,true,false,true,true
2258,.text,0x60000020,27403585,0x1A22541,27406657,0x1A23141,6469857601,0x181A23141,0F05,true,true,false,true,75054,0x1A20C00,0x1A2475D,15197,9537,0x2541,false,true,syscall,2,,,0x1A2475D,function_end,instruction_start,true,false,true,true
2259,.text,0x60000020,27404173,0x1A2278D,27407245,0x1A2338D,6469858189,0x181A2338D,0F05,true,true,false,true,75054,0x1A20C00,0x1A2475D,15197,10125,0x278D,false,true,syscall,2,,,0x1A2475D,function_end,instruction_start,true,false,true,true
2260,.text,0x60000020,27405910,0x1A22E56,27408982,0x1A23A56,6469859926,0x181A23A56,0F05,true,true,false,true,75054,0x1A20C00,0x1A2475D,15197,11862,0x2E56,false,true,syscall,2,,,0x1A2475D,function_end,instruction_start,true,false,true,true
2261,.text,0x60000020,27406518,0x1A230B6,27409590,0x1A23CB6,6469860534,0x181A23CB6,0F05,true,true,false,true,75054,0x1A20C00,0x1A2475D,15197,12470,0x30B6,false,true,syscall,2,,,0x1A2475D,function_end,instruction_start,true,false,true,true
2262,.text,0x60000020,27408612,0x1A238E4,27411684,0x1A244E4,6469862628,0x181A244E4,0F05,true,true,false,true,75054,0x1A20C00,0x1A2475D,15197,14564,0x38E4,true,true,syscall,2,,,0x1A2475D,function_end,instruction_start,true,false,true,true
2263,.text,0x60000020,27417767,0x1A25CA7,27420839,0x1A268A7,6469871783,0x181A268A7,0F05,true,true,false,true,75059,0x1A26660,0x1A291E6,11142,583,0x247,false,true,syscall,2,,,0x1A291E6,function_end,instruction_start,true,false,true,true
2264,.text,0x60000020,27418761,0x1A26089,27421833,0x1A26C89,6469872777,0x181A26C89,0F05,true,true,false,true,75059,0x1A26660,0x1A291E6,11142,1577,0x629,false,true,syscall,2,,,0x1A291E6,function_end,instruction_start,true,false,true,true
2265,.text,0x60000020,27422022,0x1A26D46,27425094,0x1A27946,6469876038,0x181A27946,0F05,true,true,false,true,75059,0x1A26660,0x1A291E6,11142,4838,0x12E6,false,true,syscall,2,,,0x1A291E6,function_end,instruction_start,true,false,true,true
2266,.text,0x60000020,27422609,0x1A26F91,27425681,0x1A27B91,6469876625,0x181A27B91,0F05,true,true,false,true,75059,0x1A26660,0x1A291E6,11142,5425,0x1531,false,true,syscall,2,,,0x1A291E6,function_end,instruction_start,true,false,true,true
2267,.text,0x60000020,27423827,0x1A27453,27426899,0x1A28053,6469877843,0x181A28053,0F05,true,true,false,true,75059,0x1A26660,0x1A291E6,11142,6643,0x19F3,false,true,syscall,2,,,0x1A291E6,function_end,instruction_start,true,false,true,true
2268,.text,0x60000020,27425050,0x1A2791A,27428122,0x1A2851A,6469879066,0x181A2851A,0F05,true,true,false,true,75059,0x1A26660,0x1A291E6,11142,7866,0x1EBA,false,true,syscall,2,,,0x1A291E6,function_end,instruction_start,true,false,true,true
2269,.text,0x60000020,27425510,0x1A27AE6,27428582,0x1A286E6,6469879526,0x181A286E6,0F05,true,true,false,true,75059,0x1A26660,0x1A291E6,11142,8326,0x2086,false,true,syscall,2,,,0x1A291E6,function_end,instruction_start,true,false,true,true
2270,.text,0x60000020,27426130,0x1A27D52,27429202,0x1A28952,6469880146,0x181A28952,0F05,true,true,false,true,75059,0x1A26660,0x1A291E6,11142,8946,0x22F2,false,true,syscall,2,,,0x1A291E6,function_end,instruction_start,true,false,true,true
2271,.text,0x60000020,27607475,0x1A541B3,27610547,0x1A54DB3,6470061491,0x181A54DB3,0F05,true,true,false,false,,,,,,,false,false,,0,,,,no_pdata_function,no_pdata_function,false,true,false,false
2272,.text,0x60000020,28119251,0x1AD10D3,28122323,0x1AD1CD3,6470573267,0x181AD1CD3,0F05,true,true,false,false,,,,,,,false,false,,0,,,,no_pdata_function,no_pdata_function,false,true,false,false
2273,.text,0x60000020,28228836,0x1AEBCE4,28231908,0x1AEC8E4,6470682852,0x181AEC8E4,0F05,true,true,false,true,86234,0x1AEC8E0,0x1AEC8F2,18,4,0x4,true,true,,0,0x1AEC8E1,"lea rax, [rip - 0xbfaf1]",0x1AEC8F2,function_end,covered_by_instruction,false,true,false,false
2274,.text,0x60000020,28298030,0x1AFCB2E,28301102,0x1AFD72E,6470752046,0x181AFD72E,0F05,true,true,false,true,87485,0x1AFD4A0,0x1AFE7EB,4939,654,0x28E,false,true,syscall,2,,,0x1AFE7EB,function_end,instruction_start,true,false,true,true
2275,.text,0x60000020,28298434,0x1AFCCC2,28301506,0x1AFD8C2,6470752450,0x181AFD8C2,0F05,true,true,false,true,87485,0x1AFD4A0,0x1AFE7EB,4939,1058,0x422,false,true,syscall,2,,,0x1AFE7EB,function_end,instruction_start,true,false,true,true
2276,.text,0x60000020,28298715,0x1AFCDDB,28301787,0x1AFD9DB,6470752731,0x181AFD9DB,0F05,true,true,false,true,87485,0x1AFD4A0,0x1AFE7EB,4939,1339,0x53B,false,true,syscall,2,,,0x1AFE7EB,function_end,instruction_start,true,false,true,true
2277,.text,0x60000020,28299206,0x1AFCFC6,28302278,0x1AFDBC6,6470753222,0x181AFDBC6,0F05,true,true,false,true,87485,0x1AFD4A0,0x1AFE7EB,4939,1830,0x726,false,true,syscall,2,,,0x1AFE7EB,function_end,instruction_start,true,false,true,true
2278,.text,0x60000020,28299683,0x1AFD1A3,28302755,0x1AFDDA3,6470753699,0x181AFDDA3,0F05,true,true,false,true,87485,0x1AFD4A0,0x1AFE7EB,4939,2307,0x903,false,true,syscall,2,,,0x1AFE7EB,function_end,instruction_start,true,false,true,true
2279,.text,0x60000020,28300045,0x1AFD30D,28303117,0x1AFDF0D,6470754061,0x181AFDF0D,0F05,true,true,false,true,87485,0x1AFD4A0,0x1AFE7EB,4939,2669,0xA6D,false,true,syscall,2,,,0x1AFE7EB,function_end,instruction_start,true,false,true,true
2280,.text,0x60000020,28300449,0x1AFD4A1,28303521,0x1AFE0A1,6470754465,0x181AFE0A1,0F05,true,true,false,true,87485,0x1AFD4A0,0x1AFE7EB,4939,3073,0xC01,false,true,syscall,2,,,0x1AFE7EB,function_end,instruction_start,true,false,true,true
2281,.text,0x60000020,28300707,0x1AFD5A3,28303779,0x1AFE1A3,6470754723,0x181AFE1A3,0F05,true,true,false,true,87485,0x1AFD4A0,0x1AFE7EB,4939,3331,0xD03,false,true,syscall,2,,,0x1AFE7EB,function_end,instruction_start,true,false,true,true
2282,.text,0x60000020,28306440,0x1AFEC08,28309512,0x1AFF808,6470760456,0x181AFF808,0F05,true,true,false,true,87489,0x1AFF530,0x1B0204E,11038,728,0x2D8,true,true,syscall,2,,,0x1B0204E,function_end,instruction_start,true,false,true,true
2283,.text,0x60000020,28306863,0x1AFEDAF,28309935,0x1AFF9AF,6470760879,0x181AFF9AF,0F05,true,true,false,true,87489,0x1AFF530,0x1B0204E,11038,1151,0x47F,false,true,syscall,2,,,0x1B0204E,function_end,instruction_start,true,false,true,true
2284,.text,0x60000020,28307264,0x1AFEF40,28310336,0x1AFFB40,6470761280,0x181AFFB40,0F05,true,true,false,true,87489,0x1AFF530,0x1B0204E,11038,1552,0x610,true,true,syscall,2,,,0x1B0204E,function_end,instruction_start,true,false,true,true
2285,.text,0x60000020,28307727,0x1AFF10F,28310799,0x1AFFD0F,6470761743,0x181AFFD0F,0F05,true,true,false,true,87489,0x1AFF530,0x1B0204E,11038,2015,0x7DF,false,true,syscall,2,,,0x1B0204E,function_end,instruction_start,true,false,true,true
2286,.text,0x60000020,28308152,0x1AFF2B8,28311224,0x1AFFEB8,6470762168,0x181AFFEB8,0F05,true,true,false,true,87489,0x1AFF530,0x1B0204E,11038,2440,0x988,true,true,syscall,2,,,0x1B0204E,function_end,instruction_start,true,false,true,true
2287,.text,0x60000020,28308643,0x1AFF4A3,28311715,0x1B000A3,6470762659,0x181B000A3,0F05,true,true,false,true,87489,0x1AFF530,0x1B0204E,11038,2931,0xB73,false,true,syscall,2,,,0x1B0204E,function_end,instruction_start,true,false,true,true
2288,.text,0x60000020,28309066,0x1AFF64A,28312138,0x1B0024A,6470763082,0x181B0024A,0F05,true,true,false,true,87489,0x1AFF530,0x1B0204E,11038,3354,0xD1A,false,true,syscall,2,,,0x1B0204E,function_end,instruction_start,true,false,true,true
2289,.text,0x60000020,28309364,0x1AFF774,28312436,0x1B00374,6470763380,0x181B00374,0F05,true,true,false,true,87489,0x1AFF530,0x1B0204E,11038,3652,0xE44,true,true,syscall,2,,,0x1B0204E,function_end,instruction_start,true,false,true,true
2290,.text,0x60000020,28310588,0x1AFFC3C,28313660,0x1B0083C,6470764604,0x181B0083C,0F05,true,true,false,true,87489,0x1AFF530,0x1B0204E,11038,4876,0x130C,true,true,syscall,2,,,0x1B0204E,function_end,instruction_start,true,false,true,true
2291,.text,0x60000020,28311031,0x1AFFDF7,28314103,0x1B009F7,6470765047,0x181B009F7,0F05,true,true,false,true,87489,0x1AFF530,0x1B0204E,11038,5319,0x14C7,false,true,syscall,2,,,0x1B0204E,function_end,instruction_start,true,false,true,true
2292,.text,0x60000020,28311457,0x1AFFFA1,28314529,0x1B00BA1,6470765473,0x181B00BA1,0F05,true,true,false,true,87489,0x1AFF530,0x1B0204E,11038,5745,0x1671,false,true,syscall,2,,,0x1B0204E,function_end,instruction_start,true,false,true,true
2293,.text,0x60000020,28311957,0x1B00195,28315029,0x1B00D95,6470765973,0x181B00D95,0F05,true,true,false,true,87489,0x1AFF530,0x1B0204E,11038,6245,0x1865,false,true,syscall,2,,,0x1B0204E,function_end,instruction_start,true,false,true,true
2294,.text,0x60000020,28312407,0x1B00357,28315479,0x1B00F57,6470766423,0x181B00F57,0F05,true,true,false,true,87489,0x1AFF530,0x1B0204E,11038,6695,0x1A27,false,true,syscall,2,,,0x1B0204E,function_end,instruction_start,true,false,true,true
2295,.text,0x60000020,28312911,0x1B0054F,28315983,0x1B0114F,6470766927,0x181B0114F,0F05,true,true,false,true,87489,0x1AFF530,0x1B0204E,11038,7199,0x1C1F,false,true,syscall,2,,,0x1B0204E,function_end,instruction_start,true,false,true,true
2296,.text,0x60000020,28313354,0x1B0070A,28316426,0x1B0130A,6470767370,0x181B0130A,0F05,true,true,false,true,87489,0x1AFF530,0x1B0204E,11038,7642,0x1DDA,false,true,syscall,2,,,0x1B0204E,function_end,instruction_start,true,false,true,true
2297,.text,0x60000020,28313665,0x1B00841,28316737,0x1B01441,6470767681,0x181B01441,0F05,true,true,false,true,87489,0x1AFF530,0x1B0204E,11038,7953,0x1F11,false,true,syscall,2,,,0x1B0204E,function_end,instruction_start,true,false,true,true
2298,.text,0x60000020,28314130,0x1B00A12,28317202,0x1B01612,6470768146,0x181B01612,0F05,true,true,false,true,87489,0x1AFF530,0x1B0204E,11038,8418,0x20E2,false,true,syscall,2,,,0x1B0204E,function_end,instruction_start,true,false,true,true
2299,.text,0x60000020,28314494,0x1B00B7E,28317566,0x1B0177E,6470768510,0x181B0177E,0F05,true,true,false,true,87489,0x1AFF530,0x1B0204E,11038,8782,0x224E,false,true,syscall,2,,,0x1B0204E,function_end,instruction_start,true,false,true,true
2300,.text,0x60000020,28314785,0x1B00CA1,28317857,0x1B018A1,6470768801,0x181B018A1,0F05,true,true,false,true,87489,0x1AFF530,0x1B0204E,11038,9073,0x2371,false,true,syscall,2,,,0x1B0204E,function_end,instruction_start,true,false,true,true
2301,.text,0x60000020,28315179,0x1B00E2B,28318251,0x1B01A2B,6470769195,0x181B01A2B,0F05,true,true,false,true,87489,0x1AFF530,0x1B0204E,11038,9467,0x24FB,false,true,syscall,2,,,0x1B0204E,function_end,instruction_start,true,false,true,true
2302,.text,0x60000020,28315583,0x1B00FBF,28318655,0x1B01BBF,6470769599,0x181B01BBF,0F05,true,true,false,true,87489,0x1AFF530,0x1B0204E,11038,9871,0x268F,false,true,syscall,2,,,0x1B0204E,function_end,instruction_start,true,false,true,true
2303,.text,0x60000020,28315972,0x1B01144,28319044,0x1B01D44,6470769988,0x181B01D44,0F05,true,true,false,true,87489,0x1AFF530,0x1B0204E,11038,10260,0x2814,true,true,syscall,2,,,0x1B0204E,function_end,instruction_start,true,false,true,true
2304,.text,0x60000020,28316336,0x1B012B0,28319408,0x1B01EB0,6470770352,0x181B01EB0,0F05,true,true,false,true,87489,0x1AFF530,0x1B0204E,11038,10624,0x2980,true,true,syscall,2,,,0x1B0204E,function_end,instruction_start,true,false,true,true
2305,.text,0x60000020,28316716,0x1B0142C,28319788,0x1B0202C,6470770732,0x181B0202C,0F05,true,true,false,true,87489,0x1AFF530,0x1B0204E,11038,11004,0x2AFC,true,true,syscall,2,,,0x1B0204E,function_end,instruction_start,true,false,true,true
2306,.text,0x60000020,28355879,0x1B0AD27,28358951,0x1B0B927,6470809895,0x181B0B927,0F05,true,true,false,true,87497,0x1B0B3A0,0x1B0F4B7,16663,1415,0x587,false,true,syscall,2,,,0x1B0F4B7,function_end,instruction_start,true,false,true,true
2307,.text,0x60000020,28356366,0x1B0AF0E,28359438,0x1B0BB0E,6470810382,0x181B0BB0E,0F05,true,true,false,true,87497,0x1B0B3A0,0x1B0F4B7,16663,1902,0x76E,false,true,syscall,2,,,0x1B0F4B7,function_end,instruction_start,true,false,true,true
2308,.text,0x60000020,28356780,0x1B0B0AC,28359852,0x1B0BCAC,6470810796,0x181B0BCAC,0F05,true,true,false,true,87497,0x1B0B3A0,0x1B0F4B7,16663,2316,0x90C,true,true,syscall,2,,,0x1B0F4B7,function_end,instruction_start,true,false,true,true
2309,.text,0x60000020,28357481,0x1B0B369,28360553,0x1B0BF69,6470811497,0x181B0BF69,0F05,true,true,false,true,87497,0x1B0B3A0,0x1B0F4B7,16663,3017,0xBC9,false,true,syscall,2,,,0x1B0F4B7,function_end,instruction_start,true,false,true,true
2310,.text,0x60000020,28357905,0x1B0B511,28360977,0x1B0C111,6470811921,0x181B0C111,0F05,true,true,false,true,87497,0x1B0B3A0,0x1B0F4B7,16663,3441,0xD71,false,true,syscall,2,,,0x1B0F4B7,function_end,instruction_start,true,false,true,true
2311,.text,0x60000020,28358290,0x1B0B692,28361362,0x1B0C292,6470812306,0x181B0C292,0F05,true,true,false,true,87497,0x1B0B3A0,0x1B0F4B7,16663,3826,0xEF2,false,true,syscall,2,,,0x1B0F4B7,function_end,instruction_start,true,false,true,true
2312,.text,0x60000020,28358867,0x1B0B8D3,28361939,0x1B0C4D3,6470812883,0x181B0C4D3,0F05,true,true,false,true,87497,0x1B0B3A0,0x1B0F4B7,16663,4403,0x1133,false,true,syscall,2,,,0x1B0F4B7,function_end,instruction_start,true,false,true,true
2313,.text,0x60000020,28359335,0x1B0BAA7,28362407,0x1B0C6A7,6470813351,0x181B0C6A7,0F05,true,true,false,true,87497,0x1B0B3A0,0x1B0F4B7,16663,4871,0x1307,false,true,syscall,2,,,0x1B0F4B7,function_end,instruction_start,true,false,true,true
2314,.text,0x60000020,28359986,0x1B0BD32,28363058,0x1B0C932,6470814002,0x181B0C932,0F05,true,true,false,true,87497,0x1B0B3A0,0x1B0F4B7,16663,5522,0x1592,false,true,syscall,2,,,0x1B0F4B7,function_end,instruction_start,true,false,true,true
2315,.text,0x60000020,28362510,0x1B0C70E,28365582,0x1B0D30E,6470816526,0x181B0D30E,0F05,true,true,false,true,87497,0x1B0B3A0,0x1B0F4B7,16663,8046,0x1F6E,false,true,syscall,2,,,0x1B0F4B7,function_end,instruction_start,true,false,true,true
2316,.text,0x60000020,28365076,0x1B0D114,28368148,0x1B0DD14,6470819092,0x181B0DD14,0F05,true,true,false,true,87497,0x1B0B3A0,0x1B0F4B7,16663,10612,0x2974,true,true,syscall,2,,,0x1B0F4B7,function_end,instruction_start,true,false,true,true
2317,.text,0x60000020,28365794,0x1B0D3E2,28368866,0x1B0DFE2,6470819810,0x181B0DFE2,0F05,true,true,false,true,87497,0x1B0B3A0,0x1B0F4B7,16663,11330,0x2C42,false,true,syscall,2,,,0x1B0F4B7,function_end,instruction_start,true,false,true,true
2318,.text,0x60000020,28368891,0x1B0DFFB,28371963,0x1B0EBFB,6470822907,0x181B0EBFB,0F05,true,true,false,true,87497,0x1B0B3A0,0x1B0F4B7,16663,14427,0x385B,false,true,syscall,2,,,0x1B0F4B7,function_end,instruction_start,true,false,true,true
2319,.text,0x60000020,28369814,0x1B0E396,28372886,0x1B0EF96,6470823830,0x181B0EF96,0F05,true,true,false,true,87497,0x1B0B3A0,0x1B0F4B7,16663,15350,0x3BF6,false,true,syscall,2,,,0x1B0F4B7,function_end,instruction_start,true,false,true,true
2320,.text,0x60000020,28370239,0x1B0E53F,28373311,0x1B0F13F,6470824255,0x181B0F13F,0F05,true,true,false,true,87497,0x1B0B3A0,0x1B0F4B7,16663,15775,0x3D9F,false,true,syscall,2,,,0x1B0F4B7,function_end,instruction_start,true,false,true,true
2321,.text,0x60000020,28370561,0x1B0E681,28373633,0x1B0F281,6470824577,0x181B0F281,0F05,true,true,false,true,87497,0x1B0B3A0,0x1B0F4B7,16663,16097,0x3EE1,false,true,syscall,2,,,0x1B0F4B7,function_end,instruction_start,true,false,true,true
2322,.text,0x60000020,28370829,0x1B0E78D,28373901,0x1B0F38D,6470824845,0x181B0F38D,0F05,true,true,false,true,87497,0x1B0B3A0,0x1B0F4B7,16663,16365,0x3FED,false,true,,0,0x1B0F38C,call 0x1b1f8a0,0x1B0F4B7,function_end,covered_by_instruction,false,true,false,false
2323,.text,0x60000020,28374893,0x1B0F76D,28377965,0x1B1036D,6470828909,0x181B1036D,0F05,true,true,false,true,87503,0x1B10230,0x1B123DF,8623,317,0x13D,false,true,syscall,2,,,0x1B123DF,function_end,instruction_start,true,false,true,true
2324,.text,0x60000020,28376121,0x1B0FC39,28379193,0x1B10839,6470830137,0x181B10839,0F05,true,true,false,true,87503,0x1B10230,0x1B123DF,8623,1545,0x609,false,true,syscall,2,,,0x1B123DF,function_end,instruction_start,true,false,true,true
2325,.text,0x60000020,28379785,0x1B10A89,28382857,0x1B11689,6470833801,0x181B11689,0F05,true,true,false,true,87503,0x1B10230,0x1B123DF,8623,5209,0x1459,false,true,syscall,2,,,0x1B123DF,function_end,instruction_start,true,false,true,true
2326,.text,0x60000020,28380195,0x1B10C23,28383267,0x1B11823,6470834211,0x181B11823,0F05,true,true,false,true,87503,0x1B10230,0x1B123DF,8623,5619,0x15F3,false,true,syscall,2,,,0x1B123DF,function_end,instruction_start,true,false,true,true
2327,.text,0x60000020,28380830,0x1B10E9E,28383902,0x1B11A9E,6470834846,0x181B11A9E,0F05,true,true,false,true,87503,0x1B10230,0x1B123DF,8623,6254,0x186E,false,true,syscall,2,,,0x1B123DF,function_end,instruction_start,true,false,true,true
2328,.text,0x60000020,28381197,0x1B1100D,28384269,0x1B11C0D,6470835213,0x181B11C0D,0F05,true,true,false,true,87503,0x1B10230,0x1B123DF,8623,6621,0x19DD,false,true,syscall,2,,,0x1B123DF,function_end,instruction_start,true,false,true,true
2329,.text,0x60000020,28381680,0x1B111F0,28384752,0x1B11DF0,6470835696,0x181B11DF0,0F05,true,true,false,true,87503,0x1B10230,0x1B123DF,8623,7104,0x1BC0,true,true,syscall,2,,,0x1B123DF,function_end,instruction_start,true,false,true,true
2330,.text,0x60000020,28382855,0x1B11687,28385927,0x1B12287,6470836871,0x181B12287,0F05,true,true,false,true,87503,0x1B10230,0x1B123DF,8623,8279,0x2057,false,true,syscall,2,,,0x1B123DF,function_end,instruction_start,true,false,true,true
2331,.text,0x60000020,28385655,0x1B12177,28388727,0x1B12D77,6470839671,0x181B12D77,0F05,true,true,false,true,87506,0x1B12B50,0x1B14D2F,8671,551,0x227,false,true,syscall,2,,,0x1B14D2F,function_end,instruction_start,true,false,true,true
2332,.text,0x60000020,28386397,0x1B1245D,28389469,0x1B1305D,6470840413,0x181B1305D,0F05,true,true,false,true,87506,0x1B12B50,0x1B14D2F,8671,1293,0x50D,false,true,syscall,2,,,0x1B14D2F,function_end,instruction_start,true,false,true,true
2333,.text,0x60000020,28387050,0x1B126EA,28390122,0x1B132EA,6470841066,0x181B132EA,0F05,true,true,false,true,87506,0x1B12B50,0x1B14D2F,8671,1946,0x79A,false,true,syscall,2,,,0x1B14D2F,function_end,instruction_start,true,false,true,true
2334,.text,0x60000020,28388173,0x1B12B4D,28391245,0x1B1374D,6470842189,0x181B1374D,0F05,true,true,false,true,87506,0x1B12B50,0x1B14D2F,8671,3069,0xBFD,false,true,syscall,2,,,0x1B14D2F,function_end,instruction_start,true,false,true,true
2335,.text,0x60000020,28389301,0x1B12FB5,28392373,0x1B13BB5,6470843317,0x181B13BB5,0F05,true,true,false,true,87506,0x1B12B50,0x1B14D2F,8671,4197,0x1065,false,true,syscall,2,,,0x1B14D2F,function_end,instruction_start,true,false,true,true
2336,.text,0x60000020,28389705,0x1B13149,28392777,0x1B13D49,6470843721,0x181B13D49,0F05,true,true,false,true,87506,0x1B12B50,0x1B14D2F,8671,4601,0x11F9,false,true,syscall,2,,,0x1B14D2F,function_end,instruction_start,true,false,true,true
2337,.text,0x60000020,28390017,0x1B13281,28393089,0x1B13E81,6470844033,0x181B13E81,0F05,true,true,false,true,87506,0x1B12B50,0x1B14D2F,8671,4913,0x1331,false,true,syscall,2,,,0x1B14D2F,function_end,instruction_start,true,false,true,true
2338,.text,0x60000020,28393603,0x1B14083,28396675,0x1B14C83,6470847619,0x181B14C83,0F05,true,true,false,true,87506,0x1B12B50,0x1B14D2F,8671,8499,0x2133,false,true,syscall,2,,,0x1B14D2F,function_end,instruction_start,true,false,true,true
2339,.text,0x60000020,28403096,0x1B16598,28406168,0x1B17198,6470857112,0x181B17198,0F05,true,true,false,true,87520,0x1B16EC0,0x1B199D1,11025,728,0x2D8,true,true,syscall,2,,,0x1B199D1,function_end,instruction_start,true,false,true,true
2340,.text,0x60000020,28403519,0x1B1673F,28406591,0x1B1733F,6470857535,0x181B1733F,0F05,true,true,false,true,87520,0x1B16EC0,0x1B199D1,11025,1151,0x47F,false,true,syscall,2,,,0x1B199D1,function_end,instruction_start,true,false,true,true
2341,.text,0x60000020,28403920,0x1B168D0,28406992,0x1B174D0,6470857936,0x181B174D0,0F05,true,true,false,true,87520,0x1B16EC0,0x1B199D1,11025,1552,0x610,true,true,syscall,2,,,0x1B199D1,function_end,instruction_start,true,false,true,true
2342,.text,0x60000020,28404383,0x1B16A9F,28407455,0x1B1769F,6470858399,0x181B1769F,0F05,true,true,false,true,87520,0x1B16EC0,0x1B199D1,11025,2015,0x7DF,false,true,syscall,2,,,0x1B199D1,function_end,instruction_start,true,false,true,true
2343,.text,0x60000020,28404808,0x1B16C48,28407880,0x1B17848,6470858824,0x181B17848,0F05,true,true,false,true,87520,0x1B16EC0,0x1B199D1,11025,2440,0x988,true,true,syscall,2,,,0x1B199D1,function_end,instruction_start,true,false,true,true
2344,.text,0x60000020,28405299,0x1B16E33,28408371,0x1B17A33,6470859315,0x181B17A33,0F05,true,true,false,true,87520,0x1B16EC0,0x1B199D1,11025,2931,0xB73,false,true,syscall,2,,,0x1B199D1,function_end,instruction_start,true,false,true,true
2345,.text,0x60000020,28405722,0x1B16FDA,28408794,0x1B17BDA,6470859738,0x181B17BDA,0F05,true,true,false,true,87520,0x1B16EC0,0x1B199D1,11025,3354,0xD1A,false,true,syscall,2,,,0x1B199D1,function_end,instruction_start,true,false,true,true
2346,.text,0x60000020,28406020,0x1B17104,28409092,0x1B17D04,6470860036,0x181B17D04,0F05,true,true,false,true,87520,0x1B16EC0,0x1B199D1,11025,3652,0xE44,true,true,syscall,2,,,0x1B199D1,function_end,instruction_start,true,false,true,true
2347,.text,0x60000020,28407231,0x1B175BF,28410303,0x1B181BF,6470861247,0x181B181BF,0F05,true,true,false,true,87520,0x1B16EC0,0x1B199D1,11025,4863,0x12FF,false,true,syscall,2,,,0x1B199D1,function_end,instruction_start,true,false,true,true
2348,.text,0x60000020,28407674,0x1B1777A,28410746,0x1B1837A,6470861690,0x181B1837A,0F05,true,true,false,true,87520,0x1B16EC0,0x1B199D1,11025,5306,0x14BA,false,true,syscall,2,,,0x1B199D1,function_end,instruction_start,true,false,true,true
2349,.text,0x60000020,28408100,0x1B17924,28411172,0x1B18524,6470862116,0x181B18524,0F05,true,true,false,true,87520,0x1B16EC0,0x1B199D1,11025,5732,0x1664,true,true,syscall,2,,,0x1B199D1,function_end,instruction_start,true,false,true,true
2350,.text,0x60000020,28408600,0x1B17B18,28411672,0x1B18718,6470862616,0x181B18718,0F05,true,true,false,true,87520,0x1B16EC0,0x1B199D1,11025,6232,0x1858,true,true,syscall,2,,,0x1B199D1,function_end,instruction_start,true,false,true,true
2351,.text,0x60000020,28409050,0x1B17CDA,28412122,0x1B188DA,6470863066,0x181B188DA,0F05,true,true,false,true,87520,0x1B16EC0,0x1B199D1,11025,6682,0x1A1A,false,true,syscall,2,,,0x1B199D1,function_end,instruction_start,true,false,true,true
2352,.text,0x60000020,28409554,0x1B17ED2,28412626,0x1B18AD2,6470863570,0x181B18AD2,0F05,true,true,false,true,87520,0x1B16EC0,0x1B199D1,11025,7186,0x1C12,false,true,syscall,2,,,0x1B199D1,function_end,instruction_start,true,false,true,true
2353,.text,0x60000020,28409997,0x1B1808D,28413069,0x1B18C8D,6470864013,0x181B18C8D,0F05,true,true,false,true,87520,0x1B16EC0,0x1B199D1,11025,7629,0x1DCD,false,true,syscall,2,,,0x1B199D1,function_end,instruction_start,true,false,true,true
2354,.text,0x60000020,28410308,0x1B181C4,28413380,0x1B18DC4,6470864324,0x181B18DC4,0F05,true,true,false,true,87520,0x1B16EC0,0x1B199D1,11025,7940,0x1F04,true,true,syscall,2,,,0x1B199D1,function_end,instruction_start,true,false,true,true
2355,.text,0x60000020,28410773,0x1B18395,28413845,0x1B18F95,6470864789,0x181B18F95,0F05,true,true,false,true,87520,0x1B16EC0,0x1B199D1,11025,8405,0x20D5,false,true,syscall,2,,,0x1B199D1,function_end,instruction_start,true,false,true,true
2356,.text,0x60000020,28411137,0x1B18501,28414209,0x1B19101,6470865153,0x181B19101,0F05,true,true,false,true,87520,0x1B16EC0,0x1B199D1,11025,8769,0x2241,false,true,syscall,2,,,0x1B199D1,function_end,instruction_start,true,false,true,true
2357,.text,0x60000020,28411428,0x1B18624,28414500,0x1B19224,6470865444,0x181B19224,0F05,true,true,false,true,87520,0x1B16EC0,0x1B199D1,11025,9060,0x2364,true,true,syscall,2,,,0x1B199D1,function_end,instruction_start,true,false,true,true
2358,.text,0x60000020,28411822,0x1B187AE,28414894,0x1B193AE,6470865838,0x181B193AE,0F05,true,true,false,true,87520,0x1B16EC0,0x1B199D1,11025,9454,0x24EE,false,true,syscall,2,,,0x1B199D1,function_end,instruction_start,true,false,true,true
2359,.text,0x60000020,28412226,0x1B18942,28415298,0x1B19542,6470866242,0x181B19542,0F05,true,true,false,true,87520,0x1B16EC0,0x1B199D1,11025,9858,0x2682,false,true,syscall,2,,,0x1B199D1,function_end,instruction_start,true,false,true,true
2360,.text,0x60000020,28412615,0x1B18AC7,28415687,0x1B196C7,6470866631,0x181B196C7,0F05,true,true,false,true,87520,0x1B16EC0,0x1B199D1,11025,10247,0x2807,false,true,syscall,2,,,0x1B199D1,function_end,instruction_start,true,false,true,true
2361,.text,0x60000020,28412979,0x1B18C33,28416051,0x1B19833,6470866995,0x181B19833,0F05,true,true,false,true,87520,0x1B16EC0,0x1B199D1,11025,10611,0x2973,false,true,syscall,2,,,0x1B199D1,function_end,instruction_start,true,false,true,true
2362,.text,0x60000020,28413359,0x1B18DAF,28416431,0x1B199AF,6470867375,0x181B199AF,0F05,true,true,false,true,87520,0x1B16EC0,0x1B199D1,11025,10991,0x2AEF,false,true,syscall,2,,,0x1B199D1,function_end,instruction_start,true,false,true,true
2363,.text,0x60000020,28462070,0x1B24BF6,28465142,0x1B257F6,6470916086,0x181B257F6,0F05,true,true,false,true,87805,0x1B217A0,0x1B6BF85,305125,16470,0x4056,false,true,,0,0x1B257F4,call 0x1b76710,0x1B6BF85,function_end,covered_by_instruction,false,true,false,false
2364,.text,0x60000020,28474933,0x1B27E35,28478005,0x1B28A35,6470928949,0x181B28A35,0F05,true,true,false,true,87805,0x1B217A0,0x1B6BF85,305125,29333,0x7295,false,true,syscall,2,,,0x1B6BF85,function_end,instruction_start,true,false,true,true
2365,.text,0x60000020,28478476,0x1B28C0C,28481548,0x1B2980C,6470932492,0x181B2980C,0F05,true,true,false,true,87805,0x1B217A0,0x1B6BF85,305125,32876,0x806C,true,true,,0,0x1B2980A,call 0x1b7a7f0,0x1B6BF85,function_end,covered_by_instruction,false,true,false,false
2366,.text,0x60000020,28478520,0x1B28C38,28481592,0x1B29838,6470932536,0x181B29838,0F05,true,true,false,true,87805,0x1B217A0,0x1B6BF85,305125,32920,0x8098,true,true,,0,0x1B29836,call 0x1b7a810,0x1B6BF85,function_end,covered_by_instruction,false,true,false,false
2367,.text,0x60000020,28510423,0x1B308D7,28513495,0x1B314D7,6470964439,0x181B314D7,0F05,true,true,false,true,87805,0x1B217A0,0x1B6BF85,305125,64823,0xFD37,false,true,syscall,2,,,0x1B6BF85,function_end,instruction_start,true,false,true,true
2368,.text,0x60000020,28568989,0x1B3ED9D,28572061,0x1B3F99D,6471023005,0x181B3F99D,0F05,true,true,false,true,87805,0x1B217A0,0x1B6BF85,305125,123389,0x1E1FD,false,true,syscall,2,,,0x1B6BF85,function_end,instruction_start,true,false,true,true
2369,.text,0x60000020,28571146,0x1B3F60A,28574218,0x1B4020A,6471025162,0x181B4020A,0F05,true,true,false,true,87805,0x1B217A0,0x1B6BF85,305125,125546,0x1EA6A,false,true,syscall,2,,,0x1B6BF85,function_end,instruction_start,true,false,true,true
2370,.text,0x60000020,28572023,0x1B3F977,28575095,0x1B40577,6471026039,0x181B40577,0F05,true,true,false,true,87805,0x1B217A0,0x1B6BF85,305125,126423,0x1EDD7,false,true,syscall,2,,,0x1B6BF85,function_end,instruction_start,true,false,true,true
2371,.text,0x60000020,28579614,0x1B4171E,28582686,0x1B4231E,6471033630,0x181B4231E,0F05,true,true,false,true,87805,0x1B217A0,0x1B6BF85,305125,134014,0x20B7E,false,true,syscall,2,,,0x1B6BF85,function_end,instruction_start,true,false,true,true
2372,.text,0x60000020,28664911,0x1B5644F,28667983,0x1B5704F,6471118927,0x181B5704F,0F05,true,true,false,true,87805,0x1B217A0,0x1B6BF85,305125,219311,0x358AF,false,true,syscall,2,,,0x1B6BF85,function_end,instruction_start,true,false,true,true
2373,.text,0x60000020,28697271,0x1B5E2B7,28700343,0x1B5EEB7,6471151287,0x181B5EEB7,0F05,true,true,false,true,87805,0x1B217A0,0x1B6BF85,305125,251671,0x3D717,false,true,syscall,2,,,0x1B6BF85,function_end,instruction_start,true,false,true,true
2374,.text,0x60000020,28776391,0x1B717C7,28779463,0x1B723C7,6471230407,0x181B723C7,0F05,true,true,false,true,87820,0x1B72280,0x1B723E7,359,327,0x147,false,true,syscall,2,,,0x1B723E7,function_end,instruction_start,true,false,true,true
2375,.text,0x60000020,28776793,0x1B71959,28779865,0x1B72559,6471230809,0x181B72559,0F05,true,true,false,true,87821,0x1B723F0,0x1B72579,393,361,0x169,false,true,syscall,2,,,0x1B72579,function_end,instruction_start,true,false,true,true
2376,.text,0x60000020,28777260,0x1B71B2C,28780332,0x1B7272C,6471231276,0x181B7272C,0F05,true,true,false,true,87822,0x1B72580,0x1B7274E,462,428,0x1AC,true,true,syscall,2,,,0x1B7274E,function_end,instruction_start,true,false,true,true
2377,.text,0x60000020,28777652,0x1B71CB4,28780724,0x1B728B4,6471231668,0x181B728B4,0F05,true,true,false,true,87823,0x1B72750,0x1B728D4,388,356,0x164,true,true,syscall,2,,,0x1B728D4,function_end,instruction_start,true,false,true,true
2378,.text,0x60000020,28777999,0x1B71E0F,28781071,0x1B72A0F,6471232015,0x181B72A0F,0F05,true,true,false,true,87824,0x1B728E0,0x1B72A2F,335,303,0x12F,false,true,syscall,2,,,0x1B72A2F,function_end,instruction_start,true,false,true,true
2379,.text,0x60000020,28778333,0x1B71F5D,28781405,0x1B72B5D,6471232349,0x181B72B5D,0F05,true,true,false,true,87825,0x1B72A30,0x1B72B7D,333,301,0x12D,false,true,syscall,2,,,0x1B72B7D,function_end,instruction_start,true,false,true,true
2380,.text,0x60000020,28778892,0x1B7218C,28781964,0x1B72D8C,6471232908,0x181B72D8C,0F05,true,true,false,true,87826,0x1B72B80,0x1B72DB3,563,524,0x20C,true,true,syscall,2,,,0x1B72DB3,function_end,instruction_start,true,false,true,true
2381,.text,0x60000020,28779309,0x1B7232D,28782381,0x1B72F2D,6471233325,0x181B72F2D,0F05,true,true,false,true,87827,0x1B72DC0,0x1B72F54,404,365,0x16D,false,true,syscall,2,,,0x1B72F54,function_end,instruction_start,true,false,true,true
2382,.text,0x60000020,28779795,0x1B72513,28782867,0x1B73113,6471233811,0x181B73113,0F05,true,true,false,true,87828,0x1B72F60,0x1B7313A,474,435,0x1B3,false,true,syscall,2,,,0x1B7313A,function_end,instruction_start,true,false,true,true
2383,.text,0x60000020,28780219,0x1B726BB,28783291,0x1B732BB,6471234235,0x181B732BB,0F05,true,true,false,true,87829,0x1B73140,0x1B732E2,418,379,0x17B,false,true,syscall,2,,,0x1B732E2,function_end,instruction_start,true,false,true,true
2384,.text,0x60000020,28780746,0x1B728CA,28783818,0x1B734CA,6471234762,0x181B734CA,0F05,true,true,false,true,87830,0x1B732F0,0x1B734F1,513,474,0x1DA,false,true,syscall,2,,,0x1B734F1,function_end,instruction_start,true,false,true,true
2385,.text,0x60000020,28781156,0x1B72A64,28784228,0x1B73664,6471235172,0x181B73664,0F05,true,true,false,true,87831,0x1B73500,0x1B73672,370,356,0x164,true,true,syscall,2,,,0x1B73672,function_end,instruction_start,true,false,true,true
2386,.text,0x60000020,28825768,0x1B7D8A8,28828840,0x1B7E4A8,6471279784,0x181B7E4A8,0F05,true,true,false,true,87870,0x1B7E2F0,0x1B80A7B,10123,440,0x1B8,true,true,syscall,2,,,0x1B80A7B,function_end,instruction_start,true,false,true,true
2387,.text,0x60000020,28826179,0x1B7DA43,28829251,0x1B7E643,6471280195,0x181B7E643,0F05,true,true,false,true,87870,0x1B7E2F0,0x1B80A7B,10123,851,0x353,false,true,syscall,2,,,0x1B80A7B,function_end,instruction_start,true,false,true,true
2388,.text,0x60000020,28827018,0x1B7DD8A,28830090,0x1B7E98A,6471281034,0x181B7E98A,0F05,true,true,false,true,87870,0x1B7E2F0,0x1B80A7B,10123,1690,0x69A,false,true,syscall,2,,,0x1B80A7B,function_end,instruction_start,true,false,true,true
2389,.text,0x60000020,28828259,0x1B7E263,28831331,0x1B7EE63,6471282275,0x181B7EE63,0F05,true,true,false,true,87870,0x1B7E2F0,0x1B80A7B,10123,2931,0xB73,false,true,syscall,2,,,0x1B80A7B,function_end,instruction_start,true,false,true,true
2390,.text,0x60000020,28830647,0x1B7EBB7,28833719,0x1B7F7B7,6471284663,0x181B7F7B7,0F05,true,true,false,true,87870,0x1B7E2F0,0x1B80A7B,10123,5319,0x14C7,false,true,syscall,2,,,0x1B80A7B,function_end,instruction_start,true,false,true,true
2391,.text,0x60000020,28831668,0x1B7EFB4,28834740,0x1B7FBB4,6471285684,0x181B7FBB4,0F05,true,true,false,true,87870,0x1B7E2F0,0x1B80A7B,10123,6340,0x18C4,true,true,syscall,2,,,0x1B80A7B,function_end,instruction_start,true,false,true,true
2392,.text,0x60000020,28834104,0x1B7F938,28837176,0x1B80538,6471288120,0x181B80538,0F05,true,true,false,true,87870,0x1B7E2F0,0x1B80A7B,10123,8776,0x2248,true,true,syscall,2,,,0x1B80A7B,function_end,instruction_start,true,false,true,true
2393,.text,0x60000020,28835331,0x1B7FE03,28838403,0x1B80A03,6471289347,0x181B80A03,0F05,true,true,false,true,87870,0x1B7E2F0,0x1B80A7B,10123,10003,0x2713,false,true,syscall,2,,,0x1B80A7B,function_end,instruction_start,true,false,true,true
2394,.text,0x60000020,28888789,0x1B8CED5,28891861,0x1B8DAD5,6471342805,0x181B8DAD5,0F05,true,true,false,true,88035,0x1B8D650,0x1B92698,20552,1157,0x485,false,true,syscall,2,,,0x1B92698,function_end,instruction_start,true,false,true,true
2395,.text,0x60000020,28889274,0x1B8D0BA,28892346,0x1B8DCBA,6471343290,0x181B8DCBA,0F05,true,true,false,true,88035,0x1B8D650,0x1B92698,20552,1642,0x66A,false,true,syscall,2,,,0x1B92698,function_end,instruction_start,true,false,true,true
2396,.text,0x60000020,28890948,0x1B8D744,28894020,0x1B8E344,6471344964,0x181B8E344,0F05,true,true,false,true,88035,0x1B8D650,0x1B92698,20552,3316,0xCF4,true,true,syscall,2,,,0x1B92698,function_end,instruction_start,true,false,true,true
2397,.text,0x60000020,28891472,0x1B8D950,28894544,0x1B8E550,6471345488,0x181B8E550,0F05,true,true,false,true,88035,0x1B8D650,0x1B92698,20552,3840,0xF00,true,true,syscall,2,,,0x1B92698,function_end,instruction_start,true,false,true,true
2398,.text,0x60000020,28892073,0x1B8DBA9,28895145,0x1B8E7A9,6471346089,0x181B8E7A9,0F05,true,true,false,true,88035,0x1B8D650,0x1B92698,20552,4441,0x1159,false,true,syscall,2,,,0x1B92698,function_end,instruction_start,true,false,true,true
2399,.text,0x60000020,28893183,0x1B8DFFF,28896255,0x1B8EBFF,6471347199,0x181B8EBFF,0F05,true,true,false,true,88035,0x1B8D650,0x1B92698,20552,5551,0x15AF,false,true,syscall,2,,,0x1B92698,function_end,instruction_start,true,false,true,true
2400,.text,0x60000020,28893735,0x1B8E227,28896807,0x1B8EE27,6471347751,0x181B8EE27,0F05,true,true,false,true,88035,0x1B8D650,0x1B92698,20552,6103,0x17D7,false,true,syscall,2,,,0x1B92698,function_end,instruction_start,true,false,true,true
2401,.text,0x60000020,28894128,0x1B8E3B0,28897200,0x1B8EFB0,6471348144,0x181B8EFB0,0F05,true,true,false,true,88035,0x1B8D650,0x1B92698,20552,6496,0x1960,true,true,syscall,2,,,0x1B92698,function_end,instruction_start,true,false,true,true
2402,.text,0x60000020,28897286,0x1B8F006,28900358,0x1B8FC06,6471351302,0x181B8FC06,0F05,true,true,false,true,88035,0x1B8D650,0x1B92698,20552,9654,0x25B6,false,true,syscall,2,,,0x1B92698,function_end,instruction_start,true,false,true,true
2403,.text,0x60000020,28897834,0x1B8F22A,28900906,0x1B8FE2A,6471351850,0x181B8FE2A,0F05,true,true,false,true,88035,0x1B8D650,0x1B92698,20552,10202,0x27DA,false,true,syscall,2,,,0x1B92698,function_end,instruction_start,true,false,true,true
2404,.text,0x60000020,28899019,0x1B8F6CB,28902091,0x1B902CB,6471353035,0x181B902CB,0F05,true,true,false,true,88035,0x1B8D650,0x1B92698,20552,11387,0x2C7B,false,true,syscall,2,,,0x1B92698,function_end,instruction_start,true,false,true,true
2405,.text,0x60000020,28900805,0x1B8FDC5,28903877,0x1B909C5,6471354821,0x181B909C5,0F05,true,true,false,true,88035,0x1B8D650,0x1B92698,20552,13173,0x3375,false,true,syscall,2,,,0x1B92698,function_end,instruction_start,true,false,true,true
2406,.text,0x60000020,28903988,0x1B90A34,28907060,0x1B91634,6471358004,0x181B91634,0F05,true,true,false,true,88035,0x1B8D650,0x1B92698,20552,16356,0x3FE4,true,true,syscall,2,,,0x1B92698,function_end,instruction_start,true,false,true,true
2407,.text,0x60000020,28905395,0x1B90FB3,28908467,0x1B91BB3,6471359411,0x181B91BB3,0F05,true,true,false,true,88035,0x1B8D650,0x1B92698,20552,17763,0x4563,false,true,syscall,2,,,0x1B92698,function_end,instruction_start,true,false,true,true
2408,.text,0x60000020,28907058,0x1B91632,28910130,0x1B92232,6471361074,0x181B92232,0F05,true,true,false,true,88035,0x1B8D650,0x1B92698,20552,19426,0x4BE2,false,true,syscall,2,,,0x1B92698,function_end,instruction_start,true,false,true,true
2409,.text,0x60000020,28907817,0x1B91929,28910889,0x1B92529,6471361833,0x181B92529,0F05,true,true,false,true,88035,0x1B8D650,0x1B92698,20552,20185,0x4ED9,false,true,syscall,2,,,0x1B92698,function_end,instruction_start,true,false,true,true
2410,.text,0x60000020,28923248,0x1B95570,28926320,0x1B96170,6471377264,0x181B96170,0F05,true,true,false,true,88077,0x1B95790,0x1C2FE79,632553,2528,0x9E0,true,true,syscall,2,,,0x1C2FE79,function_end,instruction_start,true,false,true,true
2411,.text,0x60000020,28956019,0x1B9D573,28959091,0x1B9E173,6471410035,0x181B9E173,0F05,true,true,false,true,88077,0x1B95790,0x1C2FE79,632553,35299,0x89E3,false,true,syscall,2,,,0x1C2FE79,function_end,instruction_start,true,false,true,true
2412,.text,0x60000020,28957418,0x1B9DAEA,28960490,0x1B9E6EA,6471411434,0x181B9E6EA,0F05,true,true,false,true,88077,0x1B95790,0x1C2FE79,632553,36698,0x8F5A,false,true,syscall,2,,,0x1C2FE79,function_end,instruction_start,true,false,true,true
2413,.text,0x60000020,28958815,0x1B9E05F,28961887,0x1B9EC5F,6471412831,0x181B9EC5F,0F05,true,true,false,true,88077,0x1B95790,0x1C2FE79,632553,38095,0x94CF,false,true,syscall,2,,,0x1C2FE79,function_end,instruction_start,true,false,true,true
2414,.text,0x60000020,28960551,0x1B9E727,28963623,0x1B9F327,6471414567,0x181B9F327,0F05,true,true,false,true,88077,0x1B95790,0x1C2FE79,632553,39831,0x9B97,false,true,syscall,2,,,0x1C2FE79,function_end,instruction_start,true,false,true,true
2415,.text,0x60000020,29048816,0x1BB3FF0,29051888,0x1BB4BF0,6471502832,0x181BB4BF0,0F05,true,true,false,true,88077,0x1B95790,0x1C2FE79,632553,128096,0x1F460,true,true,syscall,2,,,0x1C2FE79,function_end,instruction_start,true,false,true,true
2416,.text,0x60000020,29049304,0x1BB41D8,29052376,0x1BB4DD8,6471503320,0x181BB4DD8,0F05,true,true,false,true,88077,0x1B95790,0x1C2FE79,632553,128584,0x1F648,true,true,syscall,2,,,0x1C2FE79,function_end,instruction_start,true,false,true,true
2417,.text,0x60000020,29078486,0x1BBB3D6,29081558,0x1BBBFD6,6471532502,0x181BBBFD6,0F05,true,true,false,true,88077,0x1B95790,0x1C2FE79,632553,157766,0x26846,false,true,syscall,2,,,0x1C2FE79,function_end,instruction_start,true,false,true,true
2418,.text,0x60000020,29194259,0x1BD7813,29197331,0x1BD8413,6471648275,0x181BD8413,0F05,true,true,false,true,88077,0x1B95790,0x1C2FE79,632553,273539,0x42C83,false,true,syscall,2,,,0x1C2FE79,function_end,instruction_start,true,false,true,true
2419,.text,0x60000020,29195033,0x1BD7B19,29198105,0x1BD8719,6471649049,0x181BD8719,0F05,true,true,false,true,88077,0x1B95790,0x1C2FE79,632553,274313,0x42F89,false,true,syscall,2,,,0x1C2FE79,function_end,instruction_start,true,false,true,true
2420,.text,0x60000020,29196375,0x1BD8057,29199447,0x1BD8C57,6471650391,0x181BD8C57,0F05,true,true,false,true,88077,0x1B95790,0x1C2FE79,632553,275655,0x434C7,false,true,syscall,2,,,0x1C2FE79,function_end,instruction_start,true,false,true,true
2421,.text,0x60000020,29197904,0x1BD8650,29200976,0x1BD9250,6471651920,0x181BD9250,0F05,true,true,false,true,88077,0x1B95790,0x1C2FE79,632553,277184,0x43AC0,true,true,syscall,2,,,0x1C2FE79,function_end,instruction_start,true,false,true,true
2422,.text,0x60000020,29230255,0x1BE04AF,29233327,0x1BE10AF,6471684271,0x181BE10AF,0F05,true,true,false,true,88077,0x1B95790,0x1C2FE79,632553,309535,0x4B91F,false,true,syscall,2,,,0x1C2FE79,function_end,instruction_start,true,false,true,true
2423,.text,0x60000020,29231307,0x1BE08CB,29234379,0x1BE14CB,6471685323,0x181BE14CB,0F05,true,true,false,true,88077,0x1B95790,0x1C2FE79,632553,310587,0x4BD3B,false,true,syscall,2,,,0x1C2FE79,function_end,instruction_start,true,false,true,true
2424,.text,0x60000020,29231854,0x1BE0AEE,29234926,0x1BE16EE,6471685870,0x181BE16EE,0F05,true,true,false,true,88077,0x1B95790,0x1C2FE79,632553,311134,0x4BF5E,false,true,syscall,2,,,0x1C2FE79,function_end,instruction_start,true,false,true,true
2425,.text,0x60000020,29233887,0x1BE12DF,29236959,0x1BE1EDF,6471687903,0x181BE1EDF,0F05,true,true,false,true,88077,0x1B95790,0x1C2FE79,632553,313167,0x4C74F,false,true,syscall,2,,,0x1C2FE79,function_end,instruction_start,true,false,true,true
2426,.text,0x60000020,29234630,0x1BE15C6,29237702,0x1BE21C6,6471688646,0x181BE21C6,0F05,true,true,false,true,88077,0x1B95790,0x1C2FE79,632553,313910,0x4CA36,false,true,syscall,2,,,0x1C2FE79,function_end,instruction_start,true,false,true,true
2427,.text,0x60000020,29265562,0x1BE8E9A,29268634,0x1BE9A9A,6471719578,0x181BE9A9A,0F05,true,true,false,true,88077,0x1B95790,0x1C2FE79,632553,344842,0x5430A,false,true,syscall,2,,,0x1C2FE79,function_end,instruction_start,true,false,true,true
2428,.text,0x60000020,29266018,0x1BE9062,29269090,0x1BE9C62,6471720034,0x181BE9C62,0F05,true,true,false,true,88077,0x1B95790,0x1C2FE79,632553,345298,0x544D2,false,true,syscall,2,,,0x1C2FE79,function_end,instruction_start,true,false,true,true
2429,.text,0x60000020,29267774,0x1BE973E,29270846,0x1BEA33E,6471721790,0x181BEA33E,0F05,true,true,false,true,88077,0x1B95790,0x1C2FE79,632553,347054,0x54BAE,false,true,syscall,2,,,0x1C2FE79,function_end,instruction_start,true,false,true,true
2430,.text,0x60000020,29293325,0x1BEFB0D,29296397,0x1BF070D,6471747341,0x181BF070D,0F05,true,true,false,true,88077,0x1B95790,0x1C2FE79,632553,372605,0x5AF7D,false,true,,0,0x1BF070A,"mov rcx, qword ptr [rip + 0x163050f]",0x1C2FE79,function_end,covered_by_instruction,false,true,false,false
2431,.text,0x60000020,29298474,0x1BF0F2A,29301546,0x1BF1B2A,6471752490,0x181BF1B2A,0F05,true,true,false,true,88077,0x1B95790,0x1C2FE79,632553,377754,0x5C39A,false,true,syscall,2,,,0x1C2FE79,function_end,instruction_start,true,false,true,true
2432,.text,0x60000020,29302141,0x1BF1D7D,29305213,0x1BF297D,6471756157,0x181BF297D,0F05,true,true,false,true,88077,0x1B95790,0x1C2FE79,632553,381421,0x5D1ED,false,true,,0,0x1BF297C,call 0x1c72e90,0x1C2FE79,function_end,covered_by_instruction,false,true,false,false
2433,.text,0x60000020,29302829,0x1BF202D,29305901,0x1BF2C2D,6471756845,0x181BF2C2D,0F05,true,true,false,true,88077,0x1B95790,0x1C2FE79,632553,382109,0x5D49D,false,true,syscall,2,,,0x1C2FE79,function_end,instruction_start,true,false,true,true
2434,.text,0x60000020,29337829,0x1BFA8E5,29340901,0x1BFB4E5,6471791845,0x181BFB4E5,0F05,true,true,false,true,88077,0x1B95790,0x1C2FE79,632553,417109,0x65D55,false,true,syscall,2,,,0x1C2FE79,function_end,instruction_start,true,false,true,true
2435,.text,0x60000020,29365543,0x1C01527,29368615,0x1C02127,6471819559,0x181C02127,0F05,true,true,false,true,88077,0x1B95790,0x1C2FE79,632553,444823,0x6C997,false,true,syscall,2,,,0x1C2FE79,function_end,instruction_start,true,false,true,true
2436,.text,0x60000020,29366379,0x1C0186B,29369451,0x1C0246B,6471820395,0x181C0246B,0F05,true,true,false,true,88077,0x1B95790,0x1C2FE79,632553,445659,0x6CCDB,false,true,syscall,2,,,0x1C2FE79,function_end,instruction_start,true,false,true,true
2437,.text,0x60000020,29512137,0x1C251C9,29515209,0x1C25DC9,6471966153,0x181C25DC9,0F05,true,true,false,true,88077,0x1B95790,0x1C2FE79,632553,591417,0x90639,false,true,syscall,2,,,0x1C2FE79,function_end,instruction_start,true,false,true,true
2438,.text,0x60000020,29512568,0x1C25378,29515640,0x1C25F78,6471966584,0x181C25F78,0F05,true,true,false,true,88077,0x1B95790,0x1C2FE79,632553,591848,0x907E8,true,true,syscall,2,,,0x1C2FE79,function_end,instruction_start,true,false,true,true
2439,.text,0x60000020,29549282,0x1C2E2E2,29552354,0x1C2EEE2,6472003298,0x181C2EEE2,0F05,true,true,false,true,88077,0x1B95790,0x1C2FE79,632553,628562,0x99752,false,true,syscall,2,,,0x1C2FE79,function_end,instruction_start,true,false,true,true
2440,.text,0x60000020,29550010,0x1C2E5BA,29553082,0x1C2F1BA,6472004026,0x181C2F1BA,0F05,true,true,false,true,88077,0x1B95790,0x1C2FE79,632553,629290,0x99A2A,false,true,syscall,2,,,0x1C2FE79,function_end,instruction_start,true,false,true,true
2441,.text,0x60000020,29550833,0x1C2E8F1,29553905,0x1C2F4F1,6472004849,0x181C2F4F1,0F05,true,true,false,true,88077,0x1B95790,0x1C2FE79,632553,630113,0x99D61,false,true,syscall,2,,,0x1C2FE79,function_end,instruction_start,true,false,true,true
2442,.text,0x60000020,29551336,0x1C2EAE8,29554408,0x1C2F6E8,6472005352,0x181C2F6E8,0F05,true,true,false,true,88077,0x1B95790,0x1C2FE79,632553,630616,0x99F58,true,true,syscall,2,,,0x1C2FE79,function_end,instruction_start,true,false,true,true
2443,.text,0x60000020,29553018,0x1C2F17A,29556090,0x1C2FD7A,6472007034,0x181C2FD7A,0F05,true,true,false,true,88077,0x1B95790,0x1C2FE79,632553,632298,0x9A5EA,false,true,syscall,2,,,0x1C2FE79,function_end,instruction_start,true,false,true,true
2444,.text,0x60000020,29879601,0x1C7ED31,29882673,0x1C7F931,6472333617,0x181C7F931,0F05,true,true,false,true,89778,0x1C7E220,0x1C7FC4F,6703,5905,0x1711,false,true,,0,0x1C7F929,"movabs rax, 0x50f58ab890a62c7",0x1C7FC4F,function_end,covered_by_instruction,false,true,false,false
2445,.text,0x60000020,29975269,0x1C962E5,29978341,0x1C96EE5,6472429285,0x181C96EE5,0F05,true,true,false,true,90131,0x1C96D10,0x1CD4926,252950,469,0x1D5,false,true,syscall,2,,,0x1CD4926,function_end,instruction_start,true,false,true,true
2446,.text,0x60000020,29977242,0x1C96A9A,29980314,0x1C9769A,6472431258,0x181C9769A,0F05,true,true,false,true,90131,0x1C96D10,0x1CD4926,252950,2442,0x98A,false,true,syscall,2,,,0x1CD4926,function_end,instruction_start,true,false,true,true
2447,.text,0x60000020,29978265,0x1C96E99,29981337,0x1C97A99,6472432281,0x181C97A99,0F05,true,true,false,true,90131,0x1C96D10,0x1CD4926,252950,3465,0xD89,false,true,syscall,2,,,0x1CD4926,function_end,instruction_start,true,false,true,true
2448,.text,0x60000020,29978706,0x1C97052,29981778,0x1C97C52,6472432722,0x181C97C52,0F05,true,true,false,true,90131,0x1C96D10,0x1CD4926,252950,3906,0xF42,false,true,syscall,2,,,0x1CD4926,function_end,instruction_start,true,false,true,true
2449,.text,0x60000020,29980257,0x1C97661,29983329,0x1C98261,6472434273,0x181C98261,0F05,true,true,false,true,90131,0x1C96D10,0x1CD4926,252950,5457,0x1551,false,true,syscall,2,,,0x1CD4926,function_end,instruction_start,true,false,true,true
2450,.text,0x60000020,29980864,0x1C978C0,29983936,0x1C984C0,6472434880,0x181C984C0,0F05,true,true,false,true,90131,0x1C96D10,0x1CD4926,252950,6064,0x17B0,true,true,syscall,2,,,0x1CD4926,function_end,instruction_start,true,false,true,true
2451,.text,0x60000020,29982475,0x1C97F0B,29985547,0x1C98B0B,6472436491,0x181C98B0B,0F05,true,true,false,true,90131,0x1C96D10,0x1CD4926,252950,7675,0x1DFB,false,true,syscall,2,,,0x1CD4926,function_end,instruction_start,true,false,true,true
2452,.text,0x60000020,29983152,0x1C981B0,29986224,0x1C98DB0,6472437168,0x181C98DB0,0F05,true,true,false,true,90131,0x1C96D10,0x1CD4926,252950,8352,0x20A0,true,true,syscall,2,,,0x1CD4926,function_end,instruction_start,true,false,true,true
2453,.text,0x60000020,29986399,0x1C98E5F,29989471,0x1C99A5F,6472440415,0x181C99A5F,0F05,true,true,false,true,90131,0x1C96D10,0x1CD4926,252950,11599,0x2D4F,false,true,syscall,2,,,0x1CD4926,function_end,instruction_start,true,false,true,true
2454,.text,0x60000020,29986998,0x1C990B6,29990070,0x1C99CB6,6472441014,0x181C99CB6,0F05,true,true,false,true,90131,0x1C96D10,0x1CD4926,252950,12198,0x2FA6,false,true,syscall,2,,,0x1CD4926,function_end,instruction_start,true,false,true,true
2455,.text,0x60000020,29988947,0x1C99853,29992019,0x1C9A453,6472442963,0x181C9A453,0F05,true,true,false,true,90131,0x1C96D10,0x1CD4926,252950,14147,0x3743,false,true,syscall,2,,,0x1CD4926,function_end,instruction_start,true,false,true,true
2456,.text,0x60000020,29990720,0x1C99F40,29993792,0x1C9AB40,6472444736,0x181C9AB40,0F05,true,true,false,true,90131,0x1C96D10,0x1CD4926,252950,15920,0x3E30,true,true,syscall,2,,,0x1CD4926,function_end,instruction_start,true,false,true,true
2457,.text,0x60000020,29991755,0x1C9A34B,29994827,0x1C9AF4B,6472445771,0x181C9AF4B,0F05,true,true,false,true,90131,0x1C96D10,0x1CD4926,252950,16955,0x423B,false,true,syscall,2,,,0x1CD4926,function_end,instruction_start,true,false,true,true
2458,.text,0x60000020,29992789,0x1C9A755,29995861,0x1C9B355,6472446805,0x181C9B355,0F05,true,true,false,true,90131,0x1C96D10,0x1CD4926,252950,17989,0x4645,false,true,syscall,2,,,0x1CD4926,function_end,instruction_start,true,false,true,true
2459,.text,0x60000020,29993665,0x1C9AAC1,29996737,0x1C9B6C1,6472447681,0x181C9B6C1,0F05,true,true,false,true,90131,0x1C96D10,0x1CD4926,252950,18865,0x49B1,false,true,syscall,2,,,0x1CD4926,function_end,instruction_start,true,false,true,true
2460,.text,0x60000020,29998253,0x1C9BCAD,30001325,0x1C9C8AD,6472452269,0x181C9C8AD,0F05,true,true,false,true,90131,0x1C96D10,0x1CD4926,252950,23453,0x5B9D,false,true,syscall,2,,,0x1CD4926,function_end,instruction_start,true,false,true,true
2461,.text,0x60000020,30000129,0x1C9C401,30003201,0x1C9D001,6472454145,0x181C9D001,0F05,true,true,false,true,90131,0x1C96D10,0x1CD4926,252950,25329,0x62F1,false,true,syscall,2,,,0x1CD4926,function_end,instruction_start,true,false,true,true
2462,.text,0x60000020,30001035,0x1C9C78B,30004107,0x1C9D38B,6472455051,0x181C9D38B,0F05,true,true,false,true,90131,0x1C96D10,0x1CD4926,252950,26235,0x667B,false,true,syscall,2,,,0x1CD4926,function_end,instruction_start,true,false,true,true
2463,.text,0x60000020,30001749,0x1C9CA55,30004821,0x1C9D655,6472455765,0x181C9D655,0F05,true,true,false,true,90131,0x1C96D10,0x1CD4926,252950,26949,0x6945,false,true,syscall,2,,,0x1CD4926,function_end,instruction_start,true,false,true,true
2464,.text,0x60000020,30004074,0x1C9D36A,30007146,0x1C9DF6A,6472458090,0x181C9DF6A,0F05,true,true,false,true,90131,0x1C96D10,0x1CD4926,252950,29274,0x725A,false,true,syscall,2,,,0x1CD4926,function_end,instruction_start,true,false,true,true
2465,.text,0x60000020,30004852,0x1C9D674,30007924,0x1C9E274,6472458868,0x181C9E274,0F05,true,true,false,true,90131,0x1C96D10,0x1CD4926,252950,30052,0x7564,true,true,syscall,2,,,0x1CD4926,function_end,instruction_start,true,false,true,true
2466,.text,0x60000020,30006223,0x1C9DBCF,30009295,0x1C9E7CF,6472460239,0x181C9E7CF,0F05,true,true,false,true,90131,0x1C96D10,0x1CD4926,252950,31423,0x7ABF,false,true,syscall,2,,,0x1CD4926,function_end,instruction_start,true,false,true,true
2467,.text,0x60000020,30009073,0x1C9E6F1,30012145,0x1C9F2F1,6472463089,0x181C9F2F1,0F05,true,true,false,true,90131,0x1C96D10,0x1CD4926,252950,34273,0x85E1,false,true,syscall,2,,,0x1CD4926,function_end,instruction_start,true,false,true,true
2468,.text,0x60000020,30009672,0x1C9E948,30012744,0x1C9F548,6472463688,0x181C9F548,0F05,true,true,false,true,90131,0x1C96D10,0x1CD4926,252950,34872,0x8838,true,true,syscall,2,,,0x1CD4926,function_end,instruction_start,true,false,true,true
2469,.text,0x60000020,30011251,0x1C9EF73,30014323,0x1C9FB73,6472465267,0x181C9FB73,0F05,true,true,false,true,90131,0x1C96D10,0x1CD4926,252950,36451,0x8E63,false,true,syscall,2,,,0x1CD4926,function_end,instruction_start,true,false,true,true
2470,.text,0x60000020,30012071,0x1C9F2A7,30015143,0x1C9FEA7,6472466087,0x181C9FEA7,0F05,true,true,false,true,90131,0x1C96D10,0x1CD4926,252950,37271,0x9197,false,true,syscall,2,,,0x1CD4926,function_end,instruction_start,true,false,true,true
2471,.text,0x60000020,30013771,0x1C9F94B,30016843,0x1CA054B,6472467787,0x181CA054B,0F05,true,true,false,true,90131,0x1C96D10,0x1CD4926,252950,38971,0x983B,false,true,syscall,2,,,0x1CD4926,function_end,instruction_start,true,false,true,true
2472,.text,0x60000020,30014338,0x1C9FB82,30017410,0x1CA0782,6472468354,0x181CA0782,0F05,true,true,false,true,90131,0x1C96D10,0x1CD4926,252950,39538,0x9A72,false,true,syscall,2,,,0x1CD4926,function_end,instruction_start,true,false,true,true
2473,.text,0x60000020,30014709,0x1C9FCF5,30017781,0x1CA08F5,6472468725,0x181CA08F5,0F05,true,true,false,true,90131,0x1C96D10,0x1CD4926,252950,39909,0x9BE5,false,true,syscall,2,,,0x1CD4926,function_end,instruction_start,true,false,true,true
2474,.text,0x60000020,30015560,0x1CA0048,30018632,0x1CA0C48,6472469576,0x181CA0C48,0F05,true,true,false,true,90131,0x1C96D10,0x1CD4926,252950,40760,0x9F38,true,true,syscall,2,,,0x1CD4926,function_end,instruction_start,true,false,true,true
2475,.text,0x60000020,30016878,0x1CA056E,30019950,0x1CA116E,6472470894,0x181CA116E,0F05,true,true,false,true,90131,0x1C96D10,0x1CD4926,252950,42078,0xA45E,false,true,syscall,2,,,0x1CD4926,function_end,instruction_start,true,false,true,true
2476,.text,0x60000020,30018071,0x1CA0A17,30021143,0x1CA1617,6472472087,0x181CA1617,0F05,true,true,false,true,90131,0x1C96D10,0x1CD4926,252950,43271,0xA907,false,true,syscall,2,,,0x1CD4926,function_end,instruction_start,true,false,true,true
2477,.text,0x60000020,30019828,0x1CA10F4,30022900,0x1CA1CF4,6472473844,0x181CA1CF4,0F05,true,true,false,true,90131,0x1C96D10,0x1CD4926,252950,45028,0xAFE4,true,true,syscall,2,,,0x1CD4926,function_end,instruction_start,true,false,true,true
2478,.text,0x60000020,30021920,0x1CA1920,30024992,0x1CA2520,6472475936,0x181CA2520,0F05,true,true,false,true,90131,0x1C96D10,0x1CD4926,252950,47120,0xB810,true,true,syscall,2,,,0x1CD4926,function_end,instruction_start,true,false,true,true
2479,.text,0x60000020,30023366,0x1CA1EC6,30026438,0x1CA2AC6,6472477382,0x181CA2AC6,0F05,true,true,false,true,90131,0x1C96D10,0x1CD4926,252950,48566,0xBDB6,false,true,syscall,2,,,0x1CD4926,function_end,instruction_start,true,false,true,true
2480,.text,0x60000020,30025863,0x1CA2887,30028935,0x1CA3487,6472479879,0x181CA3487,0F05,true,true,false,true,90131,0x1C96D10,0x1CD4926,252950,51063,0xC777,false,true,syscall,2,,,0x1CD4926,function_end,instruction_start,true,false,true,true
2481,.text,0x60000020,30027668,0x1CA2F94,30030740,0x1CA3B94,6472481684,0x181CA3B94,0F05,true,true,false,true,90131,0x1C96D10,0x1CD4926,252950,52868,0xCE84,true,true,syscall,2,,,0x1CD4926,function_end,instruction_start,true,false,true,true
2482,.text,0x60000020,30031070,0x1CA3CDE,30034142,0x1CA48DE,6472485086,0x181CA48DE,0F05,true,true,false,true,90131,0x1C96D10,0x1CD4926,252950,56270,0xDBCE,false,true,syscall,2,,,0x1CD4926,function_end,instruction_start,true,false,true,true
2483,.text,0x60000020,30036588,0x1CA526C,30039660,0x1CA5E6C,6472490604,0x181CA5E6C,0F05,true,true,false,true,90131,0x1C96D10,0x1CD4926,252950,61788,0xF15C,true,true,syscall,2,,,0x1CD4926,function_end,instruction_start,true,false,true,true
2484,.text,0x60000020,30037005,0x1CA540D,30040077,0x1CA600D,6472491021,0x181CA600D,0F05,true,true,false,true,90131,0x1C96D10,0x1CD4926,252950,62205,0xF2FD,false,true,syscall,2,,,0x1CD4926,function_end,instruction_start,true,false,true,true
2485,.text,0x60000020,30037600,0x1CA5660,30040672,0x1CA6260,6472491616,0x181CA6260,0F05,true,true,false,true,90131,0x1C96D10,0x1CD4926,252950,62800,0xF550,true,true,syscall,2,,,0x1CD4926,function_end,instruction_start,true,false,true,true
2486,.text,0x60000020,30039471,0x1CA5DAF,30042543,0x1CA69AF,6472493487,0x181CA69AF,0F05,true,true,false,true,90131,0x1C96D10,0x1CD4926,252950,64671,0xFC9F,false,true,syscall,2,,,0x1CD4926,function_end,instruction_start,true,false,true,true
2487,.text,0x60000020,30040513,0x1CA61C1,30043585,0x1CA6DC1,6472494529,0x181CA6DC1,0F05,true,true,false,true,90131,0x1C96D10,0x1CD4926,252950,65713,0x100B1,false,true,syscall,2,,,0x1CD4926,function_end,instruction_start,true,false,true,true
2488,.text,0x60000020,30041626,0x1CA661A,30044698,0x1CA721A,6472495642,0x181CA721A,0F05,true,true,false,true,90131,0x1C96D10,0x1CD4926,252950,66826,0x1050A,false,true,syscall,2,,,0x1CD4926,function_end,instruction_start,true,false,true,true
2489,.text,0x60000020,30043789,0x1CA6E8D,30046861,0x1CA7A8D,6472497805,0x181CA7A8D,0F05,true,true,false,true,90131,0x1C96D10,0x1CD4926,252950,68989,0x10D7D,false,true,syscall,2,,,0x1CD4926,function_end,instruction_start,true,false,true,true
2490,.text,0x60000020,30046364,0x1CA789C,30049436,0x1CA849C,6472500380,0x181CA849C,0F05,true,true,false,true,90131,0x1C96D10,0x1CD4926,252950,71564,0x1178C,true,true,syscall,2,,,0x1CD4926,function_end,instruction_start,true,false,true,true
2491,.text,0x60000020,30049540,0x1CA8504,30052612,0x1CA9104,6472503556,0x181CA9104,0F05,true,true,false,true,90131,0x1C96D10,0x1CD4926,252950,74740,0x123F4,true,true,syscall,2,,,0x1CD4926,function_end,instruction_start,true,false,true,true
2492,.text,0x60000020,30050932,0x1CA8A74,30054004,0x1CA9674,6472504948,0x181CA9674,0F05,true,true,false,true,90131,0x1C96D10,0x1CD4926,252950,76132,0x12964,true,true,syscall,2,,,0x1CD4926,function_end,instruction_start,true,false,true,true
2493,.text,0x60000020,30056003,0x1CA9E43,30059075,0x1CAAA43,6472510019,0x181CAAA43,0F05,true,true,false,true,90131,0x1C96D10,0x1CD4926,252950,81203,0x13D33,false,true,syscall,2,,,0x1CD4926,function_end,instruction_start,true,false,true,true
2494,.text,0x60000020,30056883,0x1CAA1B3,30059955,0x1CAADB3,6472510899,0x181CAADB3,0F05,true,true,false,true,90131,0x1C96D10,0x1CD4926,252950,82083,0x140A3,false,true,syscall,2,,,0x1CD4926,function_end,instruction_start,true,false,true,true
2495,.text,0x60000020,30057365,0x1CAA395,30060437,0x1CAAF95,6472511381,0x181CAAF95,0F05,true,true,false,true,90131,0x1C96D10,0x1CD4926,252950,82565,0x14285,false,true,syscall,2,,,0x1CD4926,function_end,instruction_start,true,false,true,true
2496,.text,0x60000020,30058884,0x1CAA984,30061956,0x1CAB584,6472512900,0x181CAB584,0F05,true,true,false,true,90131,0x1C96D10,0x1CD4926,252950,84084,0x14874,true,true,syscall,2,,,0x1CD4926,function_end,instruction_start,true,false,true,true
2497,.text,0x60000020,30060701,0x1CAB09D,30063773,0x1CABC9D,6472514717,0x181CABC9D,0F05,true,true,false,true,90131,0x1C96D10,0x1CD4926,252950,85901,0x14F8D,false,true,syscall,2,,,0x1CD4926,function_end,instruction_start,true,false,true,true
2498,.text,0x60000020,30062577,0x1CAB7F1,30065649,0x1CAC3F1,6472516593,0x181CAC3F1,0F05,true,true,false,true,90131,0x1C96D10,0x1CD4926,252950,87777,0x156E1,false,true,syscall,2,,,0x1CD4926,function_end,instruction_start,true,false,true,true
2499,.text,0x60000020,30063151,0x1CABA2F,30066223,0x1CAC62F,6472517167,0x181CAC62F,0F05,true,true,false,true,90131,0x1C96D10,0x1CD4926,252950,88351,0x1591F,false,true,syscall,2,,,0x1CD4926,function_end,instruction_start,true,false,true,true
2500,.text,0x60000020,30064043,0x1CABDAB,30067115,0x1CAC9AB,6472518059,0x181CAC9AB,0F05,true,true,false,true,90131,0x1C96D10,0x1CD4926,252950,89243,0x15C9B,false,true,syscall,2,,,0x1CD4926,function_end,instruction_start,true,false,true,true
2501,.text,0x60000020,30067955,0x1CACCF3,30071027,0x1CAD8F3,6472521971,0x181CAD8F3,0F05,true,true,false,true,90131,0x1C96D10,0x1CD4926,252950,93155,0x16BE3,false,true,syscall,2,,,0x1CD4926,function_end,instruction_start,true,false,true,true
2502,.text,0x60000020,30069324,0x1CAD24C,30072396,0x1CADE4C,6472523340,0x181CADE4C,0F05,true,true,false,true,90131,0x1C96D10,0x1CD4926,252950,94524,0x1713C,true,true,syscall,2,,,0x1CD4926,function_end,instruction_start,true,false,true,true
2503,.text,0x60000020,30069962,0x1CAD4CA,30073034,0x1CAE0CA,6472523978,0x181CAE0CA,0F05,true,true,false,true,90131,0x1C96D10,0x1CD4926,252950,95162,0x173BA,false,true,syscall,2,,,0x1CD4926,function_end,instruction_start,true,false,true,true
2504,.text,0x60000020,30080422,0x1CAFDA6,30083494,0x1CB09A6,6472534438,0x181CB09A6,0F05,true,true,false,true,90131,0x1C96D10,0x1CD4926,252950,105622,0x19C96,false,true,syscall,2,,,0x1CD4926,function_end,instruction_start,true,false,true,true
2505,.text,0x60000020,30081060,0x1CB0024,30084132,0x1CB0C24,6472535076,0x181CB0C24,0F05,true,true,false,true,90131,0x1C96D10,0x1CD4926,252950,106260,0x19F14,true,true,syscall,2,,,0x1CD4926,function_end,instruction_start,true,false,true,true
2506,.text,0x60000020,30081829,0x1CB0325,30084901,0x1CB0F25,6472535845,0x181CB0F25,0F05,true,true,false,true,90131,0x1C96D10,0x1CD4926,252950,107029,0x1A215,false,true,syscall,2,,,0x1CD4926,function_end,instruction_start,true,false,true,true
2507,.text,0x60000020,30083797,0x1CB0AD5,30086869,0x1CB16D5,6472537813,0x181CB16D5,0F05,true,true,false,true,90131,0x1C96D10,0x1CD4926,252950,108997,0x1A9C5,false,true,syscall,2,,,0x1CD4926,function_end,instruction_start,true,false,true,true
2508,.text,0x60000020,30090004,0x1CB2314,30093076,0x1CB2F14,6472544020,0x181CB2F14,0F05,true,true,false,true,90131,0x1C96D10,0x1CD4926,252950,115204,0x1C204,true,true,syscall,2,,,0x1CD4926,function_end,instruction_start,true,false,true,true
2509,.text,0x60000020,30091615,0x1CB295F,30094687,0x1CB355F,6472545631,0x181CB355F,0F05,true,true,false,true,90131,0x1C96D10,0x1CD4926,252950,116815,0x1C84F,false,true,syscall,2,,,0x1CD4926,function_end,instruction_start,true,false,true,true
2510,.text,0x60000020,30094382,0x1CB342E,30097454,0x1CB402E,6472548398,0x181CB402E,0F05,true,true,false,true,90131,0x1C96D10,0x1CD4926,252950,119582,0x1D31E,false,true,syscall,2,,,0x1CD4926,function_end,instruction_start,true,false,true,true
2511,.text,0x60000020,30097049,0x1CB3E99,30100121,0x1CB4A99,6472551065,0x181CB4A99,0F05,true,true,false,true,90131,0x1C96D10,0x1CD4926,252950,122249,0x1DD89,false,true,syscall,2,,,0x1CD4926,function_end,instruction_start,true,false,true,true
2512,.text,0x60000020,30098678,0x1CB44F6,30101750,0x1CB50F6,6472552694,0x181CB50F6,0F05,true,true,false,true,90131,0x1C96D10,0x1CD4926,252950,123878,0x1E3E6,false,true,syscall,2,,,0x1CD4926,function_end,instruction_start,true,false,true,true
2513,.text,0x60000020,30101981,0x1CB51DD,30105053,0x1CB5DDD,6472555997,0x181CB5DDD,0F05,true,true,false,true,90131,0x1C96D10,0x1CD4926,252950,127181,0x1F0CD,false,true,syscall,2,,,0x1CD4926,function_end,instruction_start,true,false,true,true
2514,.text,0x60000020,30102590,0x1CB543E,30105662,0x1CB603E,6472556606,0x181CB603E,0F05,true,true,false,true,90131,0x1C96D10,0x1CD4926,252950,127790,0x1F32E,false,true,syscall,2,,,0x1CD4926,function_end,instruction_start,true,false,true,true
2515,.text,0x60000020,30104216,0x1CB5A98,30107288,0x1CB6698,6472558232,0x181CB6698,0F05,true,true,false,true,90131,0x1C96D10,0x1CD4926,252950,129416,0x1F988,true,true,syscall,2,,,0x1CD4926,function_end,instruction_start,true,false,true,true
2516,.text,0x60000020,30105997,0x1CB618D,30109069,0x1CB6D8D,6472560013,0x181CB6D8D,0F05,true,true,false,true,90131,0x1C96D10,0x1CD4926,252950,131197,0x2007D,false,true,syscall,2,,,0x1CD4926,function_end,instruction_start,true,false,true,true
2517,.text,0x60000020,30106688,0x1CB6440,30109760,0x1CB7040,6472560704,0x181CB7040,0F05,true,true,false,true,90131,0x1C96D10,0x1CD4926,252950,131888,0x20330,true,true,syscall,2,,,0x1CD4926,function_end,instruction_start,true,false,true,true
2518,.text,0x60000020,30107187,0x1CB6633,30110259,0x1CB7233,6472561203,0x181CB7233,0F05,true,true,false,true,90131,0x1C96D10,0x1CD4926,252950,132387,0x20523,false,true,syscall,2,,,0x1CD4926,function_end,instruction_start,true,false,true,true
2519,.text,0x60000020,30107779,0x1CB6883,30110851,0x1CB7483,6472561795,0x181CB7483,0F05,true,true,false,true,90131,0x1C96D10,0x1CD4926,252950,132979,0x20773,false,true,syscall,2,,,0x1CD4926,function_end,instruction_start,true,false,true,true
2520,.text,0x60000020,30108325,0x1CB6AA5,30111397,0x1CB76A5,6472562341,0x181CB76A5,0F05,true,true,false,true,90131,0x1C96D10,0x1CD4926,252950,133525,0x20995,false,true,syscall,2,,,0x1CD4926,function_end,instruction_start,true,false,true,true
2521,.text,0x60000020,30108712,0x1CB6C28,30111784,0x1CB7828,6472562728,0x181CB7828,0F05,true,true,false,true,90131,0x1C96D10,0x1CD4926,252950,133912,0x20B18,true,true,syscall,2,,,0x1CD4926,function_end,instruction_start,true,false,true,true
2522,.text,0x60000020,30109351,0x1CB6EA7,30112423,0x1CB7AA7,6472563367,0x181CB7AA7,0F05,true,true,false,true,90131,0x1C96D10,0x1CD4926,252950,134551,0x20D97,false,true,syscall,2,,,0x1CD4926,function_end,instruction_start,true,false,true,true
2523,.text,0x60000020,30110955,0x1CB74EB,30114027,0x1CB80EB,6472564971,0x181CB80EB,0F05,true,true,false,true,90131,0x1C96D10,0x1CD4926,252950,136155,0x213DB,false,true,syscall,2,,,0x1CD4926,function_end,instruction_start,true,false,true,true
2524,.text,0x60000020,30111969,0x1CB78E1,30115041,0x1CB84E1,6472565985,0x181CB84E1,0F05,true,true,false,true,90131,0x1C96D10,0x1CD4926,252950,137169,0x217D1,false,true,syscall,2,,,0x1CD4926,function_end,instruction_start,true,false,true,true
2525,.text,0x60000020,30113034,0x1CB7D0A,30116106,0x1CB890A,6472567050,0x181CB890A,0F05,true,true,false,true,90131,0x1C96D10,0x1CD4926,252950,138234,0x21BFA,false,true,syscall,2,,,0x1CD4926,function_end,instruction_start,true,false,true,true
2526,.text,0x60000020,30116927,0x1CB8C3F,30119999,0x1CB983F,6472570943,0x181CB983F,0F05,true,true,false,true,90131,0x1C96D10,0x1CD4926,252950,142127,0x22B2F,false,true,syscall,2,,,0x1CD4926,function_end,instruction_start,true,false,true,true
2527,.text,0x60000020,30120098,0x1CB98A2,30123170,0x1CBA4A2,6472574114,0x181CBA4A2,0F05,true,true,false,true,90131,0x1C96D10,0x1CD4926,252950,145298,0x23792,false,true,syscall,2,,,0x1CD4926,function_end,instruction_start,true,false,true,true
2528,.text,0x60000020,30120832,0x1CB9B80,30123904,0x1CBA780,6472574848,0x181CBA780,0F05,true,true,false,true,90131,0x1C96D10,0x1CD4926,252950,146032,0x23A70,true,true,syscall,2,,,0x1CD4926,function_end,instruction_start,true,false,true,true
2529,.text,0x60000020,30121917,0x1CB9FBD,30124989,0x1CBABBD,6472575933,0x181CBABBD,0F05,true,true,false,true,90131,0x1C96D10,0x1CD4926,252950,147117,0x23EAD,false,true,syscall,2,,,0x1CD4926,function_end,instruction_start,true,false,true,true
2530,.text,0x60000020,30124055,0x1CBA817,30127127,0x1CBB417,6472578071,0x181CBB417,0F05,true,true,false,true,90131,0x1C96D10,0x1CD4926,252950,149255,0x24707,false,true,syscall,2,,,0x1CD4926,function_end,instruction_start,true,false,true,true
2531,.text,0x60000020,30125314,0x1CBAD02,30128386,0x1CBB902,6472579330,0x181CBB902,0F05,true,true,false,true,90131,0x1C96D10,0x1CD4926,252950,150514,0x24BF2,false,true,syscall,2,,,0x1CD4926,function_end,instruction_start,true,false,true,true
2532,.text,0x60000020,30129722,0x1CBBE3A,30132794,0x1CBCA3A,6472583738,0x181CBCA3A,0F05,true,true,false,true,90131,0x1C96D10,0x1CD4926,252950,154922,0x25D2A,false,true,syscall,2,,,0x1CD4926,function_end,instruction_start,true,false,true,true
2533,.text,0x60000020,30131527,0x1CBC547,30134599,0x1CBD147,6472585543,0x181CBD147,0F05,true,true,false,true,90131,0x1C96D10,0x1CD4926,252950,156727,0x26437,false,true,syscall,2,,,0x1CD4926,function_end,instruction_start,true,false,true,true
2534,.text,0x60000020,30135047,0x1CBD307,30138119,0x1CBDF07,6472589063,0x181CBDF07,0F05,true,true,false,true,90131,0x1C96D10,0x1CD4926,252950,160247,0x271F7,false,true,syscall,2,,,0x1CD4926,function_end,instruction_start,true,false,true,true
2535,.text,0x60000020,30136512,0x1CBD8C0,30139584,0x1CBE4C0,6472590528,0x181CBE4C0,0F05,true,true,false,true,90131,0x1C96D10,0x1CD4926,252950,161712,0x277B0,true,true,syscall,2,,,0x1CD4926,function_end,instruction_start,true,false,true,true
2536,.text,0x60000020,30137655,0x1CBDD37,30140727,0x1CBE937,6472591671,0x181CBE937,0F05,true,true,false,true,90131,0x1C96D10,0x1CD4926,252950,162855,0x27C27,false,true,syscall,2,,,0x1CD4926,function_end,instruction_start,true,false,true,true
2537,.text,0x60000020,30138449,0x1CBE051,30141521,0x1CBEC51,6472592465,0x181CBEC51,0F05,true,true,false,true,90131,0x1C96D10,0x1CD4926,252950,163649,0x27F41,false,true,syscall,2,,,0x1CD4926,function_end,instruction_start,true,false,true,true
2538,.text,0x60000020,30141874,0x1CBEDB2,30144946,0x1CBF9B2,6472595890,0x181CBF9B2,0F05,true,true,false,true,90131,0x1C96D10,0x1CD4926,252950,167074,0x28CA2,false,true,syscall,2,,,0x1CD4926,function_end,instruction_start,true,false,true,true
2539,.text,0x60000020,30143982,0x1CBF5EE,30147054,0x1CC01EE,6472597998,0x181CC01EE,0F05,true,true,false,true,90131,0x1C96D10,0x1CD4926,252950,169182,0x294DE,false,true,syscall,2,,,0x1CD4926,function_end,instruction_start,true,false,true,true
2540,.text,0x60000020,30148571,0x1CC07DB,30151643,0x1CC13DB,6472602587,0x181CC13DB,0F05,true,true,false,true,90131,0x1C96D10,0x1CD4926,252950,173771,0x2A6CB,false,true,syscall,2,,,0x1CD4926,function_end,instruction_start,true,false,true,true
2541,.text,0x60000020,30149895,0x1CC0D07,30152967,0x1CC1907,6472603911,0x181CC1907,0F05,true,true,false,true,90131,0x1C96D10,0x1CD4926,252950,175095,0x2ABF7,false,true,syscall,2,,,0x1CD4926,function_end,instruction_start,true,false,true,true
2542,.text,0x60000020,30153166,0x1CC19CE,30156238,0x1CC25CE,6472607182,0x181CC25CE,0F05,true,true,false,true,90131,0x1C96D10,0x1CD4926,252950,178366,0x2B8BE,false,true,syscall,2,,,0x1CD4926,function_end,instruction_start,true,false,true,true
2543,.text,0x60000020,30154182,0x1CC1DC6,30157254,0x1CC29C6,6472608198,0x181CC29C6,0F05,true,true,false,true,90131,0x1C96D10,0x1CD4926,252950,179382,0x2BCB6,false,true,syscall,2,,,0x1CD4926,function_end,instruction_start,true,false,true,true
2544,.text,0x60000020,30159625,0x1CC3309,30162697,0x1CC3F09,6472613641,0x181CC3F09,0F05,true,true,false,true,90131,0x1C96D10,0x1CD4926,252950,184825,0x2D1F9,false,true,syscall,2,,,0x1CD4926,function_end,instruction_start,true,false,true,true
2545,.text,0x60000020,30161153,0x1CC3901,30164225,0x1CC4501,6472615169,0x181CC4501,0F05,true,true,false,true,90131,0x1C96D10,0x1CD4926,252950,186353,0x2D7F1,false,true,syscall,2,,,0x1CD4926,function_end,instruction_start,true,false,true,true
2546,.text,0x60000020,30161805,0x1CC3B8D,30164877,0x1CC478D,6472615821,0x181CC478D,0F05,true,true,false,true,90131,0x1C96D10,0x1CD4926,252950,187005,0x2DA7D,false,true,syscall,2,,,0x1CD4926,function_end,instruction_start,true,false,true,true
2547,.text,0x60000020,30163442,0x1CC41F2,30166514,0x1CC4DF2,6472617458,0x181CC4DF2,0F05,true,true,false,true,90131,0x1C96D10,0x1CD4926,252950,188642,0x2E0E2,false,true,syscall,2,,,0x1CD4926,function_end,instruction_start,true,false,true,true
2548,.text,0x60000020,30166740,0x1CC4ED4,30169812,0x1CC5AD4,6472620756,0x181CC5AD4,0F05,true,true,false,true,90131,0x1C96D10,0x1CD4926,252950,191940,0x2EDC4,true,true,syscall,2,,,0x1CD4926,function_end,instruction_start,true,false,true,true
2549,.text,0x60000020,30170908,0x1CC5F1C,30173980,0x1CC6B1C,6472624924,0x181CC6B1C,0F05,true,true,false,true,90131,0x1C96D10,0x1CD4926,252950,196108,0x2FE0C,true,true,syscall,2,,,0x1CD4926,function_end,instruction_start,true,false,true,true
2550,.text,0x60000020,30171894,0x1CC62F6,30174966,0x1CC6EF6,6472625910,0x181CC6EF6,0F05,true,true,false,true,90131,0x1C96D10,0x1CD4926,252950,197094,0x301E6,false,true,syscall,2,,,0x1CD4926,function_end,instruction_start,true,false,true,true
2551,.text,0x60000020,30172410,0x1CC64FA,30175482,0x1CC70FA,6472626426,0x181CC70FA,0F05,true,true,false,true,90131,0x1C96D10,0x1CD4926,252950,197610,0x303EA,false,true,syscall,2,,,0x1CD4926,function_end,instruction_start,true,false,true,true
2552,.text,0x60000020,30172928,0x1CC6700,30176000,0x1CC7300,6472626944,0x181CC7300,0F05,true,true,false,true,90131,0x1C96D10,0x1CD4926,252950,198128,0x305F0,true,true,syscall,2,,,0x1CD4926,function_end,instruction_start,true,false,true,true
2553,.text,0x60000020,30174082,0x1CC6B82,30177154,0x1CC7782,6472628098,0x181CC7782,0F05,true,true,false,true,90131,0x1C96D10,0x1CD4926,252950,199282,0x30A72,false,true,syscall,2,,,0x1CD4926,function_end,instruction_start,true,false,true,true
2554,.text,0x60000020,30176629,0x1CC7575,30179701,0x1CC8175,6472630645,0x181CC8175,0F05,true,true,false,true,90131,0x1C96D10,0x1CD4926,252950,201829,0x31465,false,true,syscall,2,,,0x1CD4926,function_end,instruction_start,true,false,true,true
2555,.text,0x60000020,30178966,0x1CC7E96,30182038,0x1CC8A96,6472632982,0x181CC8A96,0F05,true,true,false,true,90131,0x1C96D10,0x1CD4926,252950,204166,0x31D86,false,true,syscall,2,,,0x1CD4926,function_end,instruction_start,true,false,true,true
2556,.text,0x60000020,30180430,0x1CC844E,30183502,0x1CC904E,6472634446,0x181CC904E,0F05,true,true,false,true,90131,0x1C96D10,0x1CD4926,252950,205630,0x3233E,false,true,syscall,2,,,0x1CD4926,function_end,instruction_start,true,false,true,true
2557,.text,0x60000020,30181619,0x1CC88F3,30184691,0x1CC94F3,6472635635,0x181CC94F3,0F05,true,true,false,true,90131,0x1C96D10,0x1CD4926,252950,206819,0x327E3,false,true,syscall,2,,,0x1CD4926,function_end,instruction_start,true,false,true,true
2558,.text,0x60000020,30185883,0x1CC999B,30188955,0x1CCA59B,6472639899,0x181CCA59B,0F05,true,true,false,true,90131,0x1C96D10,0x1CD4926,252950,211083,0x3388B,false,true,syscall,2,,,0x1CD4926,function_end,instruction_start,true,false,true,true
2559,.text,0x60000020,30187778,0x1CCA102,30190850,0x1CCAD02,6472641794,0x181CCAD02,0F05,true,true,false,true,90131,0x1C96D10,0x1CD4926,252950,212978,0x33FF2,false,true,syscall,2,,,0x1CD4926,function_end,instruction_start,true,false,true,true
2560,.text,0x60000020,30189150,0x1CCA65E,30192222,0x1CCB25E,6472643166,0x181CCB25E,0F05,true,true,false,true,90131,0x1C96D10,0x1CD4926,252950,214350,0x3454E,false,true,syscall,2,,,0x1CD4926,function_end,instruction_start,true,false,true,true
2561,.text,0x60000020,30194036,0x1CCB974,30197108,0x1CCC574,6472648052,0x181CCC574,0F05,true,true,false,true,90131,0x1C96D10,0x1CD4926,252950,219236,0x35864,true,true,syscall,2,,,0x1CD4926,function_end,instruction_start,true,false,true,true
2562,.text,0x60000020,30194533,0x1CCBB65,30197605,0x1CCC765,6472648549,0x181CCC765,0F05,true,true,false,true,90131,0x1C96D10,0x1CD4926,252950,219733,0x35A55,false,true,syscall,2,,,0x1CD4926,function_end,instruction_start,true,false,true,true
2563,.text,0x60000020,30195018,0x1CCBD4A,30198090,0x1CCC94A,6472649034,0x181CCC94A,0F05,true,true,false,true,90131,0x1C96D10,0x1CD4926,252950,220218,0x35C3A,false,true,syscall,2,,,0x1CD4926,function_end,instruction_start,true,false,true,true
2564,.text,0x60000020,30196351,0x1CCC27F,30199423,0x1CCCE7F,6472650367,0x181CCCE7F,0F05,true,true,false,true,90131,0x1C96D10,0x1CD4926,252950,221551,0x3616F,false,true,syscall,2,,,0x1CD4926,function_end,instruction_start,true,false,true,true
2565,.text,0x60000020,30196823,0x1CCC457,30199895,0x1CCD057,6472650839,0x181CCD057,0F05,true,true,false,true,90131,0x1C96D10,0x1CD4926,252950,222023,0x36347,false,true,syscall,2,,,0x1CD4926,function_end,instruction_start,true,false,true,true
2566,.text,0x60000020,30198301,0x1CCCA1D,30201373,0x1CCD61D,6472652317,0x181CCD61D,0F05,true,true,false,true,90131,0x1C96D10,0x1CD4926,252950,223501,0x3690D,false,true,syscall,2,,,0x1CD4926,function_end,instruction_start,true,false,true,true
2567,.text,0x60000020,30199227,0x1CCCDBB,30202299,0x1CCD9BB,6472653243,0x181CCD9BB,0F05,true,true,false,true,90131,0x1C96D10,0x1CD4926,252950,224427,0x36CAB,false,true,syscall,2,,,0x1CD4926,function_end,instruction_start,true,false,true,true
2568,.text,0x60000020,30200265,0x1CCD1C9,30203337,0x1CCDDC9,6472654281,0x181CCDDC9,0F05,true,true,false,true,90131,0x1C96D10,0x1CD4926,252950,225465,0x370B9,false,true,syscall,2,,,0x1CD4926,function_end,instruction_start,true,false,true,true
2569,.text,0x60000020,30206223,0x1CCE90F,30209295,0x1CCF50F,6472660239,0x181CCF50F,0F05,true,true,false,true,90131,0x1C96D10,0x1CD4926,252950,231423,0x387FF,false,true,syscall,2,,,0x1CD4926,function_end,instruction_start,true,false,true,true
2570,.text,0x60000020,30207486,0x1CCEDFE,30210558,0x1CCF9FE,6472661502,0x181CCF9FE,0F05,true,true,false,true,90131,0x1C96D10,0x1CD4926,252950,232686,0x38CEE,false,true,syscall,2,,,0x1CD4926,function_end,instruction_start,true,false,true,true
2571,.text,0x60000020,30208478,0x1CCF1DE,30211550,0x1CCFDDE,6472662494,0x181CCFDDE,0F05,true,true,false,true,90131,0x1C96D10,0x1CD4926,252950,233678,0x390CE,false,true,syscall,2,,,0x1CD4926,function_end,instruction_start,true,false,true,true
2572,.text,0x60000020,30210583,0x1CCFA17,30213655,0x1CD0617,6472664599,0x181CD0617,0F05,true,true,false,true,90131,0x1C96D10,0x1CD4926,252950,235783,0x39907,false,true,syscall,2,,,0x1CD4926,function_end,instruction_start,true,false,true,true
2573,.text,0x60000020,30210991,0x1CCFBAF,30214063,0x1CD07AF,6472665007,0x181CD07AF,0F05,true,true,false,true,90131,0x1C96D10,0x1CD4926,252950,236191,0x39A9F,false,true,syscall,2,,,0x1CD4926,function_end,instruction_start,true,false,true,true
2574,.text,0x60000020,30215871,0x1CD0EBF,30218943,0x1CD1ABF,6472669887,0x181CD1ABF,0F05,true,true,false,true,90131,0x1C96D10,0x1CD4926,252950,241071,0x3ADAF,false,true,syscall,2,,,0x1CD4926,function_end,instruction_start,true,false,true,true
2575,.text,0x60000020,30216907,0x1CD12CB,30219979,0x1CD1ECB,6472670923,0x181CD1ECB,0F05,true,true,false,true,90131,0x1C96D10,0x1CD4926,252950,242107,0x3B1BB,false,true,syscall,2,,,0x1CD4926,function_end,instruction_start,true,false,true,true
2576,.text,0x60000020,30217407,0x1CD14BF,30220479,0x1CD20BF,6472671423,0x181CD20BF,0F05,true,true,false,true,90131,0x1C96D10,0x1CD4926,252950,242607,0x3B3AF,false,true,syscall,2,,,0x1CD4926,function_end,instruction_start,true,false,true,true
2577,.text,0x60000020,30219831,0x1CD1E37,30222903,0x1CD2A37,6472673847,0x181CD2A37,0F05,true,true,false,true,90131,0x1C96D10,0x1CD4926,252950,245031,0x3BD27,false,true,syscall,2,,,0x1CD4926,function_end,instruction_start,true,false,true,true
2578,.text,0x60000020,30221815,0x1CD25F7,30224887,0x1CD31F7,6472675831,0x181CD31F7,0F05,true,true,false,true,90131,0x1C96D10,0x1CD4926,252950,247015,0x3C4E7,false,true,syscall,2,,,0x1CD4926,function_end,instruction_start,true,false,true,true
2579,.text,0x60000020,30224224,0x1CD2F60,30227296,0x1CD3B60,6472678240,0x181CD3B60,0F05,true,true,false,true,90131,0x1C96D10,0x1CD4926,252950,249424,0x3CE50,true,true,syscall,2,,,0x1CD4926,function_end,instruction_start,true,false,true,true
2580,.text,0x60000020,30224756,0x1CD3174,30227828,0x1CD3D74,6472678772,0x181CD3D74,0F05,true,true,false,true,90131,0x1C96D10,0x1CD4926,252950,249956,0x3D064,true,true,syscall,2,,,0x1CD4926,function_end,instruction_start,true,false,true,true
2581,.text,0x60000020,30276069,0x1CDF9E5,30279141,0x1CE05E5,6472730085,0x181CE05E5,0F05,true,true,false,true,90723,0x1CE05E0,0x1CE05F2,18,5,0x5,false,true,,0,0x1CE05E1,"lea rax, [rip + 0x50f1c]",0x1CE05F2,function_end,covered_by_instruction,false,true,false,false
2582,.text,0x60000020,30322920,0x1CEB0E8,30325992,0x1CEBCE8,6472776936,0x181CEBCE8,0F05,true,true,false,true,91417,0x1CEBAC0,0x1CED726,7270,552,0x228,true,true,syscall,2,,,0x1CED726,function_end,instruction_start,true,false,true,true
2583,.text,0x60000020,30323450,0x1CEB2FA,30326522,0x1CEBEFA,6472777466,0x181CEBEFA,0F05,true,true,false,true,91417,0x1CEBAC0,0x1CED726,7270,1082,0x43A,false,true,syscall,2,,,0x1CED726,function_end,instruction_start,true,false,true,true
2584,.text,0x60000020,30324052,0x1CEB554,30327124,0x1CEC154,6472778068,0x181CEC154,0F05,true,true,false,true,91417,0x1CEBAC0,0x1CED726,7270,1684,0x694,true,true,syscall,2,,,0x1CED726,function_end,instruction_start,true,false,true,true
2585,.text,0x60000020,30324923,0x1CEB8BB,30327995,0x1CEC4BB,6472778939,0x181CEC4BB,0F05,true,true,false,true,91417,0x1CEBAC0,0x1CED726,7270,2555,0x9FB,false,true,syscall,2,,,0x1CED726,function_end,instruction_start,true,false,true,true
2586,.text,0x60000020,30325367,0x1CEBA77,30328439,0x1CEC677,6472779383,0x181CEC677,0F05,true,true,false,true,91417,0x1CEBAC0,0x1CED726,7270,2999,0xBB7,false,true,syscall,2,,,0x1CED726,function_end,instruction_start,true,false,true,true
2587,.text,0x60000020,30326111,0x1CEBD5F,30329183,0x1CEC95F,6472780127,0x181CEC95F,0F05,true,true,false,true,91417,0x1CEBAC0,0x1CED726,7270,3743,0xE9F,false,true,syscall,2,,,0x1CED726,function_end,instruction_start,true,false,true,true
2588,.text,0x60000020,30326656,0x1CEBF80,30329728,0x1CECB80,6472780672,0x181CECB80,0F05,true,true,false,true,91417,0x1CEBAC0,0x1CED726,7270,4288,0x10C0,true,true,syscall,2,,,0x1CED726,function_end,instruction_start,true,false,true,true
2589,.text,0x60000020,30328039,0x1CEC4E7,30331111,0x1CED0E7,6472782055,0x181CED0E7,0F05,true,true,false,true,91417,0x1CEBAC0,0x1CED726,7270,5671,0x1627,false,true,syscall,2,,,0x1CED726,function_end,instruction_start,true,false,true,true
2590,.text,0x60000020,30330907,0x1CED01B,30333979,0x1CEDC1B,6472784923,0x181CEDC1B,0F05,true,true,false,true,91420,0x1CED8A0,0x1CEF8F3,8275,891,0x37B,false,true,syscall,2,,,0x1CEF8F3,function_end,instruction_start,true,false,true,true
2591,.text,0x60000020,30331365,0x1CED1E5,30334437,0x1CEDDE5,6472785381,0x181CEDDE5,0F05,true,true,false,true,91420,0x1CED8A0,0x1CEF8F3,8275,1349,0x545,false,true,syscall,2,,,0x1CEF8F3,function_end,instruction_start,true,false,true,true
2592,.text,0x60000020,30331751,0x1CED367,30334823,0x1CEDF67,6472785767,0x181CEDF67,0F05,true,true,false,true,91420,0x1CED8A0,0x1CEF8F3,8275,1735,0x6C7,false,true,syscall,2,,,0x1CEF8F3,function_end,instruction_start,true,false,true,true
2593,.text,0x60000020,30332434,0x1CED612,30335506,0x1CEE212,6472786450,0x181CEE212,0F05,true,true,false,true,91420,0x1CED8A0,0x1CEF8F3,8275,2418,0x972,false,true,syscall,2,,,0x1CEF8F3,function_end,instruction_start,true,false,true,true
2594,.text,0x60000020,30333057,0x1CED881,30336129,0x1CEE481,6472787073,0x181CEE481,0F05,true,true,false,true,91420,0x1CED8A0,0x1CEF8F3,8275,3041,0xBE1,false,true,syscall,2,,,0x1CEF8F3,function_end,instruction_start,true,false,true,true
2595,.text,0x60000020,30334177,0x1CEDCE1,30337249,0x1CEE8E1,6472788193,0x181CEE8E1,0F05,true,true,false,true,91420,0x1CED8A0,0x1CEF8F3,8275,4161,0x1041,false,true,syscall,2,,,0x1CEF8F3,function_end,instruction_start,true,false,true,true
2596,.text,0x60000020,30335733,0x1CEE2F5,30338805,0x1CEEEF5,6472789749,0x181CEEEF5,0F05,true,true,false,true,91420,0x1CED8A0,0x1CEF8F3,8275,5717,0x1655,false,true,,0,0x1CEEEF3,call 0x1d3fef0,0x1CEF8F3,function_end,covered_by_instruction,false,true,false,false
2597,.text,0x60000020,30336810,0x1CEE72A,30339882,0x1CEF32A,6472790826,0x181CEF32A,0F05,true,true,false,true,91420,0x1CED8A0,0x1CEF8F3,8275,6794,0x1A8A,false,true,syscall,2,,,0x1CEF8F3,function_end,instruction_start,true,false,true,true
2598,.text,0x60000020,30337677,0x1CEEA8D,30340749,0x1CEF68D,6472791693,0x181CEF68D,0F05,true,true,false,true,91420,0x1CED8A0,0x1CEF8F3,8275,7661,0x1DED,false,true,syscall,2,,,0x1CEF8F3,function_end,instruction_start,true,false,true,true
2599,.text,0x60000020,30337840,0x1CEEB30,30340912,0x1CEF730,6472791856,0x181CEF730,0F05,true,true,false,true,91420,0x1CED8A0,0x1CEF8F3,8275,7824,0x1E90,true,true,,0,0x1CEF72E,call 0x1d406c0,0x1CEF8F3,function_end,covered_by_instruction,false,true,false,false
2600,.text,0x60000020,30337848,0x1CEEB38,30340920,0x1CEF738,6472791864,0x181CEF738,0F05,true,true,false,true,91420,0x1CED8A0,0x1CEF8F3,8275,7832,0x1E98,true,true,,0,0x1CEF736,call 0x1d406e0,0x1CEF8F3,function_end,covered_by_instruction,false,true,false,false
2601,.text,0x60000020,30338036,0x1CEEBF4,30341108,0x1CEF7F4,6472792052,0x181CEF7F4,0F05,true,true,false,true,91420,0x1CED8A0,0x1CEF8F3,8275,8020,0x1F54,true,true,,0,0x1CEF7F2,call 0x1d40720,0x1CEF8F3,function_end,covered_by_instruction,false,true,false,false
2602,.text,0x60000020,30338044,0x1CEEBFC,30341116,0x1CEF7FC,6472792060,0x181CEF7FC,0F05,true,true,false,true,91420,0x1CED8A0,0x1CEF8F3,8275,8028,0x1F5C,true,true,,0,0x1CEF7FA,call 0x1d40740,0x1CEF8F3,function_end,covered_by_instruction,false,true,false,false
2603,.text,0x60000020,30344882,0x1CF06B2,30347954,0x1CF12B2,6472798898,0x181CF12B2,0F05,true,true,false,true,91422,0x1CEF920,0x1D189D1,168113,6546,0x1992,false,true,,0,0x1CF12B0,call 0x1d42230,0x1D189D1,function_end,covered_by_instruction,false,true,false,false
2604,.text,0x60000020,30344890,0x1CF06BA,30347962,0x1CF12BA,6472798906,0x181CF12BA,0F05,true,true,false,true,91422,0x1CEF920,0x1D189D1,168113,6554,0x199A,false,true,,0,0x1CF12B8,call 0x1d42250,0x1D189D1,function_end,covered_by_instruction,false,true,false,false
2605,.text,0x60000020,30351273,0x1CF1FA9,30354345,0x1CF2BA9,6472805289,0x181CF2BA9,0F05,true,true,false,true,91422,0x1CEF920,0x1D189D1,168113,12937,0x3289,false,true,,0,0x1CF2BA7,call 0x1d43b20,0x1D189D1,function_end,covered_by_instruction,false,true,false,false
2606,.text,0x60000020,30351281,0x1CF1FB1,30354353,0x1CF2BB1,6472805297,0x181CF2BB1,0F05,true,true,false,true,91422,0x1CEF920,0x1D189D1,168113,12945,0x3291,false,true,,0,0x1CF2BAF,call 0x1d43b40,0x1D189D1,function_end,covered_by_instruction,false,true,false,false
2607,.text,0x60000020,30514080,0x1D19BA0,30517152,0x1D1A7A0,6472968096,0x181D1A7A0,0F05,true,true,false,true,91478,0x1D1A5E0,0x1D1A7C9,489,448,0x1C0,true,true,syscall,2,,,0x1D1A7C9,function_end,instruction_start,true,false,true,true
2608,.text,0x60000020,30514580,0x1D19D94,30517652,0x1D1A994,6472968596,0x181D1A994,0F05,true,true,false,true,91479,0x1D1A7D0,0x1D1A9BD,493,452,0x1C4,true,true,syscall,2,,,0x1D1A9BD,function_end,instruction_start,true,false,true,true
2609,.text,0x60000020,30515134,0x1D19FBE,30518206,0x1D1ABBE,6472969150,0x181D1ABBE,0F05,true,true,false,true,91480,0x1D1A9C0,0x1D1ABE7,551,510,0x1FE,false,true,syscall,2,,,0x1D1ABE7,function_end,instruction_start,true,false,true,true
2610,.text,0x60000020,30515722,0x1D1A20A,30518794,0x1D1AE0A,6472969738,0x181D1AE0A,0F05,true,true,false,true,91481,0x1D1ABF0,0x1D1AE33,579,538,0x21A,false,true,syscall,2,,,0x1D1AE33,function_end,instruction_start,true,false,true,true
2611,.text,0x60000020,30516372,0x1D1A494,30519444,0x1D1B094,6472970388,0x181D1B094,0F05,true,true,false,true,91482,0x1D1AE40,0x1D1B0BD,637,596,0x254,true,true,syscall,2,,,0x1D1B0BD,function_end,instruction_start,true,false,true,true
2612,.text,0x60000020,30516970,0x1D1A6EA,30520042,0x1D1B2EA,6472970986,0x181D1B2EA,0F05,true,true,false,true,91483,0x1D1B0C0,0x1D1B313,595,554,0x22A,false,true,syscall,2,,,0x1D1B313,function_end,instruction_start,true,false,true,true
2613,.text,0x60000020,30517534,0x1D1A91E,30520606,0x1D1B51E,6472971550,0x181D1B51E,0F05,true,true,false,true,91484,0x1D1B320,0x1D1B546,550,510,0x1FE,false,true,syscall,2,,,0x1D1B546,function_end,instruction_start,true,false,true,true
2614,.text,0x60000020,30518017,0x1D1AB01,30521089,0x1D1B701,6472972033,0x181D1B701,0F05,true,true,false,true,91485,0x1D1B550,0x1D1B729,473,433,0x1B1,false,true,syscall,2,,,0x1D1B729,function_end,instruction_start,true,false,true,true
2615,.text,0x60000020,30518512,0x1D1ACF0,30521584,0x1D1B8F0,6472972528,0x181D1B8F0,0F05,true,true,false,true,91486,0x1D1B730,0x1D1B916,486,448,0x1C0,true,true,syscall,2,,,0x1D1B916,function_end,instruction_start,true,false,true,true
2616,.text,0x60000020,30518897,0x1D1AE71,30521969,0x1D1BA71,6472972913,0x181D1BA71,0F05,true,true,false,true,91487,0x1D1B920,0x1D1BA95,373,337,0x151,false,true,syscall,2,,,0x1D1BA95,function_end,instruction_start,true,false,true,true
2617,.text,0x60000020,30519280,0x1D1AFF0,30522352,0x1D1BBF0,6472973296,0x181D1BBF0,0F05,true,true,false,true,91488,0x1D1BAA0,0x1D1BC12,370,336,0x150,true,true,syscall,2,,,0x1D1BC12,function_end,instruction_start,true,false,true,true
2618,.text,0x60000020,30519716,0x1D1B1A4,30522788,0x1D1BDA4,6472973732,0x181D1BDA4,0F05,true,true,false,true,91489,0x1D1BC20,0x1D1BDC6,422,388,0x184,true,true,syscall,2,,,0x1D1BDC6,function_end,instruction_start,true,false,true,true
2619,.text,0x60000020,30520198,0x1D1B386,30523270,0x1D1BF86,6472974214,0x181D1BF86,0F05,true,true,false,true,91490,0x1D1BDD0,0x1D1BFAC,476,438,0x1B6,false,true,syscall,2,,,0x1D1BFAC,function_end,instruction_start,true,false,true,true
2620,.text,0x60000020,30520801,0x1D1B5E1,30523873,0x1D1C1E1,6472974817,0x181D1C1E1,0F05,true,true,false,true,91491,0x1D1BFB0,0x1D1C205,597,561,0x231,false,true,syscall,2,,,0x1D1C205,function_end,instruction_start,true,false,true,true
2621,.text,0x60000020,30521285,0x1D1B7C5,30524357,0x1D1C3C5,6472975301,0x181D1C3C5,0F05,true,true,false,true,91492,0x1D1C210,0x1D1C3EB,475,437,0x1B5,false,true,syscall,2,,,0x1D1C3EB,function_end,instruction_start,true,false,true,true
2622,.text,0x60000020,30521792,0x1D1B9C0,30524864,0x1D1C5C0,6472975808,0x181D1C5C0,0F05,true,true,false,true,91493,0x1D1C3F0,0x1D1C5E4,500,464,0x1D0,true,true,syscall,2,,,0x1D1C5E4,function_end,instruction_start,true,false,true,true
2623,.text,0x60000020,30522110,0x1D1BAFE,30525182,0x1D1C6FE,6472976126,0x181D1C6FE,0F05,true,true,false,true,91494,0x1D1C5F0,0x1D1C706,278,270,0x10E,false,true,syscall,2,,,0x1D1C706,function_end,instruction_start,true,false,true,true
2624,.text,0x60000020,30522575,0x1D1BCCF,30525647,0x1D1C8CF,6472976591,0x181D1C8CF,0F05,true,true,false,true,91495,0x1D1C710,0x1D1C8F3,483,447,0x1BF,false,true,syscall,2,,,0x1D1C8F3,function_end,instruction_start,true,false,true,true
2625,.text,0x60000020,30604857,0x1D2FE39,30607929,0x1D30A39,6473058873,0x181D30A39,0F05,true,true,false,true,91599,0x1D30770,0x1D33F10,14240,713,0x2C9,false,true,syscall,2,,,0x1D33F10,function_end,instruction_start,true,false,true,true
2626,.text,0x60000020,30605310,0x1D2FFFE,30608382,0x1D30BFE,6473059326,0x181D30BFE,0F05,true,true,false,true,91599,0x1D30770,0x1D33F10,14240,1166,0x48E,false,true,syscall,2,,,0x1D33F10,function_end,instruction_start,true,false,true,true
2627,.text,0x60000020,30606276,0x1D303C4,30609348,0x1D30FC4,6473060292,0x181D30FC4,0F05,true,true,false,true,91599,0x1D30770,0x1D33F10,14240,2132,0x854,true,true,syscall,2,,,0x1D33F10,function_end,instruction_start,true,false,true,true
2628,.text,0x60000020,30607439,0x1D3084F,30610511,0x1D3144F,6473061455,0x181D3144F,0F05,true,true,false,true,91599,0x1D30770,0x1D33F10,14240,3295,0xCDF,false,true,syscall,2,,,0x1D33F10,function_end,instruction_start,true,false,true,true
2629,.text,0x60000020,30608646,0x1D30D06,30611718,0x1D31906,6473062662,0x181D31906,0F05,true,true,false,true,91599,0x1D30770,0x1D33F10,14240,4502,0x1196,false,true,syscall,2,,,0x1D33F10,function_end,instruction_start,true,false,true,true
2630,.text,0x60000020,30609452,0x1D3102C,30612524,0x1D31C2C,6473063468,0x181D31C2C,0F05,true,true,false,true,91599,0x1D30770,0x1D33F10,14240,5308,0x14BC,true,true,syscall,2,,,0x1D33F10,function_end,instruction_start,true,false,true,true
2631,.text,0x60000020,30610106,0x1D312BA,30613178,0x1D31EBA,6473064122,0x181D31EBA,0F05,true,true,false,true,91599,0x1D30770,0x1D33F10,14240,5962,0x174A,false,true,syscall,2,,,0x1D33F10,function_end,instruction_start,true,false,true,true
2632,.text,0x60000020,30610780,0x1D3155C,30613852,0x1D3215C,6473064796,0x181D3215C,0F05,true,true,false,true,91599,0x1D30770,0x1D33F10,14240,6636,0x19EC,true,true,syscall,2,,,0x1D33F10,function_end,instruction_start,true,false,true,true
2633,.text,0x60000020,30611141,0x1D316C5,30614213,0x1D322C5,6473065157,0x181D322C5,0F05,true,true,false,true,91599,0x1D30770,0x1D33F10,14240,6997,0x1B55,false,true,syscall,2,,,0x1D33F10,function_end,instruction_start,true,false,true,true
2634,.text,0x60000020,30612939,0x1D31DCB,30616011,0x1D329CB,6473066955,0x181D329CB,0F05,true,true,false,true,91599,0x1D30770,0x1D33F10,14240,8795,0x225B,false,true,syscall,2,,,0x1D33F10,function_end,instruction_start,true,false,true,true
2635,.text,0x60000020,30613493,0x1D31FF5,30616565,0x1D32BF5,6473067509,0x181D32BF5,0F05,true,true,false,true,91599,0x1D30770,0x1D33F10,14240,9349,0x2485,false,true,syscall,2,,,0x1D33F10,function_end,instruction_start,true,false,true,true
2636,.text,0x60000020,30615060,0x1D32614,30618132,0x1D33214,6473069076,0x181D33214,0F05,true,true,false,true,91599,0x1D30770,0x1D33F10,14240,10916,0x2AA4,true,true,syscall,2,,,0x1D33F10,function_end,instruction_start,true,false,true,true
2637,.text,0x60000020,30616064,0x1D32A00,30619136,0x1D33600,6473070080,0x181D33600,0F05,true,true,false,true,91599,0x1D30770,0x1D33F10,14240,11920,0x2E90,true,true,syscall,2,,,0x1D33F10,function_end,instruction_start,true,false,true,true
2638,.text,0x60000020,30617105,0x1D32E11,30620177,0x1D33A11,6473071121,0x181D33A11,0F05,true,true,false,true,91599,0x1D30770,0x1D33F10,14240,12961,0x32A1,false,true,syscall,2,,,0x1D33F10,function_end,instruction_start,true,false,true,true
2639,.text,0x60000020,30617434,0x1D32F5A,30620506,0x1D33B5A,6473071450,0x181D33B5A,0F05,true,true,false,true,91599,0x1D30770,0x1D33F10,14240,13290,0x33EA,false,true,syscall,2,,,0x1D33F10,function_end,instruction_start,true,false,true,true
2640,.text,0x60000020,30617803,0x1D330CB,30620875,0x1D33CCB,6473071819,0x181D33CCB,0F05,true,true,false,true,91599,0x1D30770,0x1D33F10,14240,13659,0x355B,false,true,syscall,2,,,0x1D33F10,function_end,instruction_start,true,false,true,true
2641,.text,0x60000020,30619122,0x1D335F2,30622194,0x1D341F2,6473073138,0x181D341F2,0F05,true,true,false,true,91601,0x1D33F40,0x1D3F27F,45887,690,0x2B2,false,true,syscall,2,,,0x1D3F27F,function_end,instruction_start,true,false,true,true
2642,.text,0x60000020,30619717,0x1D33845,30622789,0x1D34445,6473073733,0x181D34445,0F05,true,true,false,true,91601,0x1D33F40,0x1D3F27F,45887,1285,0x505,false,true,syscall,2,,,0x1D3F27F,function_end,instruction_start,true,false,true,true
2643,.text,0x60000020,30620595,0x1D33BB3,30623667,0x1D347B3,6473074611,0x181D347B3,0F05,true,true,false,true,91601,0x1D33F40,0x1D3F27F,45887,2163,0x873,false,true,syscall,2,,,0x1D3F27F,function_end,instruction_start,true,false,true,true
2644,.text,0x60000020,30621826,0x1D34082,30624898,0x1D34C82,6473075842,0x181D34C82,0F05,true,true,false,true,91601,0x1D33F40,0x1D3F27F,45887,3394,0xD42,false,true,syscall,2,,,0x1D3F27F,function_end,instruction_start,true,false,true,true
2645,.text,0x60000020,30622674,0x1D343D2,30625746,0x1D34FD2,6473076690,0x181D34FD2,0F05,true,true,false,true,91601,0x1D33F40,0x1D3F27F,45887,4242,0x1092,false,true,syscall,2,,,0x1D3F27F,function_end,instruction_start,true,false,true,true
2646,.text,0x60000020,30623040,0x1D34540,30626112,0x1D35140,6473077056,0x181D35140,0F05,true,true,false,true,91601,0x1D33F40,0x1D3F27F,45887,4608,0x1200,true,true,syscall,2,,,0x1D3F27F,function_end,instruction_start,true,false,true,true
2647,.text,0x60000020,30623530,0x1D3472A,30626602,0x1D3532A,6473077546,0x181D3532A,0F05,true,true,false,true,91601,0x1D33F40,0x1D3F27F,45887,5098,0x13EA,false,true,syscall,2,,,0x1D3F27F,function_end,instruction_start,true,false,true,true
2648,.text,0x60000020,30624117,0x1D34975,30627189,0x1D35575,6473078133,0x181D35575,0F05,true,true,false,true,91601,0x1D33F40,0x1D3F27F,45887,5685,0x1635,false,true,syscall,2,,,0x1D3F27F,function_end,instruction_start,true,false,true,true
2649,.text,0x60000020,30624691,0x1D34BB3,30627763,0x1D357B3,6473078707,0x181D357B3,0F05,true,true,false,true,91601,0x1D33F40,0x1D3F27F,45887,6259,0x1873,false,true,syscall,2,,,0x1D3F27F,function_end,instruction_start,true,false,true,true
2650,.text,0x60000020,30625063,0x1D34D27,30628135,0x1D35927,6473079079,0x181D35927,0F05,true,true,false,true,91601,0x1D33F40,0x1D3F27F,45887,6631,0x19E7,false,true,syscall,2,,,0x1D3F27F,function_end,instruction_start,true,false,true,true
2651,.text,0x60000020,30626577,0x1D35311,30629649,0x1D35F11,6473080593,0x181D35F11,0F05,true,true,false,true,91601,0x1D33F40,0x1D3F27F,45887,8145,0x1FD1,false,true,syscall,2,,,0x1D3F27F,function_end,instruction_start,true,false,true,true
2652,.text,0x60000020,30627225,0x1D35599,30630297,0x1D36199,6473081241,0x181D36199,0F05,true,true,false,true,91601,0x1D33F40,0x1D3F27F,45887,8793,0x2259,false,true,syscall,2,,,0x1D3F27F,function_end,instruction_start,true,false,true,true
2653,.text,0x60000020,30630721,0x1D36341,30633793,0x1D36F41,6473084737,0x181D36F41,0F05,true,true,false,true,91601,0x1D33F40,0x1D3F27F,45887,12289,0x3001,false,true,syscall,2,,,0x1D3F27F,function_end,instruction_start,true,false,true,true
2654,.text,0x60000020,30631517,0x1D3665D,30634589,0x1D3725D,6473085533,0x181D3725D,0F05,true,true,false,true,91601,0x1D33F40,0x1D3F27F,45887,13085,0x331D,false,true,syscall,2,,,0x1D3F27F,function_end,instruction_start,true,false,true,true
2655,.text,0x60000020,30632077,0x1D3688D,30635149,0x1D3748D,6473086093,0x181D3748D,0F05,true,true,false,true,91601,0x1D33F40,0x1D3F27F,45887,13645,0x354D,false,true,syscall,2,,,0x1D3F27F,function_end,instruction_start,true,false,true,true
2656,.text,0x60000020,30632687,0x1D36AEF,30635759,0x1D376EF,6473086703,0x181D376EF,0F05,true,true,false,true,91601,0x1D33F40,0x1D3F27F,45887,14255,0x37AF,false,true,syscall,2,,,0x1D3F27F,function_end,instruction_start,true,false,true,true
2657,.text,0x60000020,30633092,0x1D36C84,30636164,0x1D37884,6473087108,0x181D37884,0F05,true,true,false,true,91601,0x1D33F40,0x1D3F27F,45887,14660,0x3944,true,true,syscall,2,,,0x1D3F27F,function_end,instruction_start,true,false,true,true
2658,.text,0x60000020,30633574,0x1D36E66,30636646,0x1D37A66,6473087590,0x181D37A66,0F05,true,true,false,true,91601,0x1D33F40,0x1D3F27F,45887,15142,0x3B26,false,true,syscall,2,,,0x1D3F27F,function_end,instruction_start,true,false,true,true
2659,.text,0x60000020,30634197,0x1D370D5,30637269,0x1D37CD5,6473088213,0x181D37CD5,0F05,true,true,false,true,91601,0x1D33F40,0x1D3F27F,45887,15765,0x3D95,false,true,syscall,2,,,0x1D3F27F,function_end,instruction_start,true,false,true,true
2660,.text,0x60000020,30634772,0x1D37314,30637844,0x1D37F14,6473088788,0x181D37F14,0F05,true,true,false,true,91601,0x1D33F40,0x1D3F27F,45887,16340,0x3FD4,true,true,syscall,2,,,0x1D3F27F,function_end,instruction_start,true,false,true,true
2661,.text,0x60000020,30635320,0x1D37538,30638392,0x1D38138,6473089336,0x181D38138,0F05,true,true,false,true,91601,0x1D33F40,0x1D3F27F,45887,16888,0x41F8,true,true,syscall,2,,,0x1D3F27F,function_end,instruction_start,true,false,true,true
2662,.text,0x60000020,30636295,0x1D37907,30639367,0x1D38507,6473090311,0x181D38507,0F05,true,true,false,true,91601,0x1D33F40,0x1D3F27F,45887,17863,0x45C7,false,true,syscall,2,,,0x1D3F27F,function_end,instruction_start,true,false,true,true
2663,.text,0x60000020,30636874,0x1D37B4A,30639946,0x1D3874A,6473090890,0x181D3874A,0F05,true,true,false,true,91601,0x1D33F40,0x1D3F27F,45887,18442,0x480A,false,true,syscall,2,,,0x1D3F27F,function_end,instruction_start,true,false,true,true
2664,.text,0x60000020,30637928,0x1D37F68,30641000,0x1D38B68,6473091944,0x181D38B68,0F05,true,true,false,true,91601,0x1D33F40,0x1D3F27F,45887,19496,0x4C28,true,true,syscall,2,,,0x1D3F27F,function_end,instruction_start,true,false,true,true
2665,.text,0x60000020,30638423,0x1D38157,30641495,0x1D38D57,6473092439,0x181D38D57,0F05,true,true,false,true,91601,0x1D33F40,0x1D3F27F,45887,19991,0x4E17,false,true,syscall,2,,,0x1D3F27F,function_end,instruction_start,true,false,true,true
2666,.text,0x60000020,30639367,0x1D38507,30642439,0x1D39107,6473093383,0x181D39107,0F05,true,true,false,true,91601,0x1D33F40,0x1D3F27F,45887,20935,0x51C7,false,true,syscall,2,,,0x1D3F27F,function_end,instruction_start,true,false,true,true
2667,.text,0x60000020,30639947,0x1D3874B,30643019,0x1D3934B,6473093963,0x181D3934B,0F05,true,true,false,true,91601,0x1D33F40,0x1D3F27F,45887,21515,0x540B,false,true,syscall,2,,,0x1D3F27F,function_end,instruction_start,true,false,true,true
2668,.text,0x60000020,30642208,0x1D39020,30645280,0x1D39C20,6473096224,0x181D39C20,0F05,true,true,false,true,91601,0x1D33F40,0x1D3F27F,45887,23776,0x5CE0,true,true,syscall,2,,,0x1D3F27F,function_end,instruction_start,true,false,true,true
2669,.text,0x60000020,30643529,0x1D39549,30646601,0x1D3A149,6473097545,0x181D3A149,0F05,true,true,false,true,91601,0x1D33F40,0x1D3F27F,45887,25097,0x6209,false,true,syscall,2,,,0x1D3F27F,function_end,instruction_start,true,false,true,true
2670,.text,0x60000020,30644615,0x1D39987,30647687,0x1D3A587,6473098631,0x181D3A587,0F05,true,true,false,true,91601,0x1D33F40,0x1D3F27F,45887,26183,0x6647,false,true,syscall,2,,,0x1D3F27F,function_end,instruction_start,true,false,true,true
2671,.text,0x60000020,30644922,0x1D39ABA,30647994,0x1D3A6BA,6473098938,0x181D3A6BA,0F05,true,true,false,true,91601,0x1D33F40,0x1D3F27F,45887,26490,0x677A,false,true,syscall,2,,,0x1D3F27F,function_end,instruction_start,true,false,true,true
2672,.text,0x60000020,30645487,0x1D39CEF,30648559,0x1D3A8EF,6473099503,0x181D3A8EF,0F05,true,true,false,true,91601,0x1D33F40,0x1D3F27F,45887,27055,0x69AF,false,true,syscall,2,,,0x1D3F27F,function_end,instruction_start,true,false,true,true
2673,.text,0x60000020,30646725,0x1D3A1C5,30649797,0x1D3ADC5,6473100741,0x181D3ADC5,0F05,true,true,false,true,91601,0x1D33F40,0x1D3F27F,45887,28293,0x6E85,false,true,syscall,2,,,0x1D3F27F,function_end,instruction_start,true,false,true,true
2674,.text,0x60000020,30647023,0x1D3A2EF,30650095,0x1D3AEEF,6473101039,0x181D3AEEF,0F05,true,true,false,true,91601,0x1D33F40,0x1D3F27F,45887,28591,0x6FAF,false,true,syscall,2,,,0x1D3F27F,function_end,instruction_start,true,false,true,true
2675,.text,0x60000020,30647992,0x1D3A6B8,30651064,0x1D3B2B8,6473102008,0x181D3B2B8,0F05,true,true,false,true,91601,0x1D33F40,0x1D3F27F,45887,29560,0x7378,true,true,syscall,2,,,0x1D3F27F,function_end,instruction_start,true,false,true,true
2676,.text,0x60000020,30648575,0x1D3A8FF,30651647,0x1D3B4FF,6473102591,0x181D3B4FF,0F05,true,true,false,true,91601,0x1D33F40,0x1D3F27F,45887,30143,0x75BF,false,true,syscall,2,,,0x1D3F27F,function_end,instruction_start,true,false,true,true
2677,.text,0x60000020,30649317,0x1D3ABE5,30652389,0x1D3B7E5,6473103333,0x181D3B7E5,0F05,true,true,false,true,91601,0x1D33F40,0x1D3F27F,45887,30885,0x78A5,false,true,syscall,2,,,0x1D3F27F,function_end,instruction_start,true,false,true,true
2678,.text,0x60000020,30649599,0x1D3ACFF,30652671,0x1D3B8FF,6473103615,0x181D3B8FF,0F05,true,true,false,true,91601,0x1D33F40,0x1D3F27F,45887,31167,0x79BF,false,true,syscall,2,,,0x1D3F27F,function_end,instruction_start,true,false,true,true
2679,.text,0x60000020,30650405,0x1D3B025,30653477,0x1D3BC25,6473104421,0x181D3BC25,0F05,true,true,false,true,91601,0x1D33F40,0x1D3F27F,45887,31973,0x7CE5,false,true,syscall,2,,,0x1D3F27F,function_end,instruction_start,true,false,true,true
2680,.text,0x60000020,30651088,0x1D3B2D0,30654160,0x1D3BED0,6473105104,0x181D3BED0,0F05,true,true,false,true,91601,0x1D33F40,0x1D3F27F,45887,32656,0x7F90,true,true,syscall,2,,,0x1D3F27F,function_end,instruction_start,true,false,true,true
2681,.text,0x60000020,30652858,0x1D3B9BA,30655930,0x1D3C5BA,6473106874,0x181D3C5BA,0F05,true,true,false,true,91601,0x1D33F40,0x1D3F27F,45887,34426,0x867A,false,true,syscall,2,,,0x1D3F27F,function_end,instruction_start,true,false,true,true
2682,.text,0x60000020,30653602,0x1D3BCA2,30656674,0x1D3C8A2,6473107618,0x181D3C8A2,0F05,true,true,false,true,91601,0x1D33F40,0x1D3F27F,45887,35170,0x8962,false,true,syscall,2,,,0x1D3F27F,function_end,instruction_start,true,false,true,true
2683,.text,0x60000020,30654148,0x1D3BEC4,30657220,0x1D3CAC4,6473108164,0x181D3CAC4,0F05,true,true,false,true,91601,0x1D33F40,0x1D3F27F,45887,35716,0x8B84,true,true,syscall,2,,,0x1D3F27F,function_end,instruction_start,true,false,true,true
2684,.text,0x60000020,30654890,0x1D3C1AA,30657962,0x1D3CDAA,6473108906,0x181D3CDAA,0F05,true,true,false,true,91601,0x1D33F40,0x1D3F27F,45887,36458,0x8E6A,false,true,syscall,2,,,0x1D3F27F,function_end,instruction_start,true,false,true,true
2685,.text,0x60000020,30655897,0x1D3C599,30658969,0x1D3D199,6473109913,0x181D3D199,0F05,true,true,false,true,91601,0x1D33F40,0x1D3F27F,45887,37465,0x9259,false,true,syscall,2,,,0x1D3F27F,function_end,instruction_start,true,false,true,true
2686,.text,0x60000020,30656286,0x1D3C71E,30659358,0x1D3D31E,6473110302,0x181D3D31E,0F05,true,true,false,true,91601,0x1D33F40,0x1D3F27F,45887,37854,0x93DE,false,true,syscall,2,,,0x1D3F27F,function_end,instruction_start,true,false,true,true
2687,.text,0x60000020,30657213,0x1D3CABD,30660285,0x1D3D6BD,6473111229,0x181D3D6BD,0F05,true,true,false,true,91601,0x1D33F40,0x1D3F27F,45887,38781,0x977D,false,true,syscall,2,,,0x1D3F27F,function_end,instruction_start,true,false,true,true
2688,.text,0x60000020,30657570,0x1D3CC22,30660642,0x1D3D822,6473111586,0x181D3D822,0F05,true,true,false,true,91601,0x1D33F40,0x1D3F27F,45887,39138,0x98E2,false,true,syscall,2,,,0x1D3F27F,function_end,instruction_start,true,false,true,true
2689,.text,0x60000020,30658506,0x1D3CFCA,30661578,0x1D3DBCA,6473112522,0x181D3DBCA,0F05,true,true,false,true,91601,0x1D33F40,0x1D3F27F,45887,40074,0x9C8A,false,true,syscall,2,,,0x1D3F27F,function_end,instruction_start,true,false,true,true
2690,.text,0x60000020,30660705,0x1D3D861,30663777,0x1D3E461,6473114721,0x181D3E461,0F05,true,true,false,true,91601,0x1D33F40,0x1D3F27F,45887,42273,0xA521,false,true,syscall,2,,,0x1D3F27F,function_end,instruction_start,true,false,true,true
2691,.text,0x60000020,30660991,0x1D3D97F,30664063,0x1D3E57F,6473115007,0x181D3E57F,0F05,true,true,false,true,91601,0x1D33F40,0x1D3F27F,45887,42559,0xA63F,false,true,syscall,2,,,0x1D3F27F,function_end,instruction_start,true,false,true,true
2692,.text,0x60000020,30661495,0x1D3DB77,30664567,0x1D3E777,6473115511,0x181D3E777,0F05,true,true,false,true,91601,0x1D33F40,0x1D3F27F,45887,43063,0xA837,false,true,syscall,2,,,0x1D3F27F,function_end,instruction_start,true,false,true,true
2693,.text,0x60000020,30661973,0x1D3DD55,30665045,0x1D3E955,6473115989,0x181D3E955,0F05,true,true,false,true,91601,0x1D33F40,0x1D3F27F,45887,43541,0xAA15,false,true,syscall,2,,,0x1D3F27F,function_end,instruction_start,true,false,true,true
2694,.text,0x60000020,30662404,0x1D3DF04,30665476,0x1D3EB04,6473116420,0x181D3EB04,0F05,true,true,false,true,91601,0x1D33F40,0x1D3F27F,45887,43972,0xABC4,true,true,syscall,2,,,0x1D3F27F,function_end,instruction_start,true,false,true,true
2695,.text,0x60000020,30662978,0x1D3E142,30666050,0x1D3ED42,6473116994,0x181D3ED42,0F05,true,true,false,true,91601,0x1D33F40,0x1D3F27F,45887,44546,0xAE02,false,true,syscall,2,,,0x1D3F27F,function_end,instruction_start,true,false,true,true
2696,.text,0x60000020,30663955,0x1D3E513,30667027,0x1D3F113,6473117971,0x181D3F113,0F05,true,true,false,true,91601,0x1D33F40,0x1D3F27F,45887,45523,0xB1D3,false,true,syscall,2,,,0x1D3F27F,function_end,instruction_start,true,false,true,true
2697,.text,0x60000020,30672101,0x1D404E5,30675173,0x1D410E5,6473126117,0x181D410E5,0F05,true,true,false,true,91739,0x1D410E0,0x1D410F2,18,5,0x5,false,true,,0,0x1D410E1,"lea rax, [rip + 0x50f73]",0x1D410F2,function_end,covered_by_instruction,false,true,false,false
2698,.text,0x60000020,30676067,0x1D41463,30679139,0x1D42063,6473130083,0x181D42063,0F05,true,true,false,false,,,,,,,false,false,,0,,,,no_pdata_function,no_pdata_function,false,true,false,false
2699,.text,0x60000020,30710869,0x1D49C55,30713941,0x1D4A855,6473164885,0x181D4A855,0F05,true,true,false,true,92315,0x1D4A850,0x1D4A862,18,5,0x5,false,true,,0,0x1D4A851,"lea rax, [rip + 0x50f3f]",0x1D4A862,function_end,covered_by_instruction,false,true,false,false
2700,.text,0x60000020,30747274,0x1D52A8A,30750346,0x1D5368A,6473201290,0x181D5368A,0F05,true,true,false,true,92925,0x1D53370,0x1D7CD33,170435,794,0x31A,false,true,syscall,2,,,0x1D7CD33,function_end,instruction_start,true,false,true,true
2701,.text,0x60000020,30748436,0x1D52F14,30751508,0x1D53B14,6473202452,0x181D53B14,0F05,true,true,false,true,92925,0x1D53370,0x1D7CD33,170435,1956,0x7A4,true,true,syscall,2,,,0x1D7CD33,function_end,instruction_start,true,false,true,true
2702,.text,0x60000020,30749298,0x1D53272,30752370,0x1D53E72,6473203314,0x181D53E72,0F05,true,true,false,true,92925,0x1D53370,0x1D7CD33,170435,2818,0xB02,false,true,syscall,2,,,0x1D7CD33,function_end,instruction_start,true,false,true,true
2703,.text,0x60000020,30750677,0x1D537D5,30753749,0x1D543D5,6473204693,0x181D543D5,0F05,true,true,false,true,92925,0x1D53370,0x1D7CD33,170435,4197,0x1065,false,true,syscall,2,,,0x1D7CD33,function_end,instruction_start,true,false,true,true
2704,.text,0x60000020,30751559,0x1D53B47,30754631,0x1D54747,6473205575,0x181D54747,0F05,true,true,false,true,92925,0x1D53370,0x1D7CD33,170435,5079,0x13D7,false,true,syscall,2,,,0x1D7CD33,function_end,instruction_start,true,false,true,true
2705,.text,0x60000020,30752125,0x1D53D7D,30755197,0x1D5497D,6473206141,0x181D5497D,0F05,true,true,false,true,92925,0x1D53370,0x1D7CD33,170435,5645,0x160D,false,true,syscall,2,,,0x1D7CD33,function_end,instruction_start,true,false,true,true
2706,.text,0x60000020,30753040,0x1D54110,30756112,0x1D54D10,6473207056,0x181D54D10,0F05,true,true,false,true,92925,0x1D53370,0x1D7CD33,170435,6560,0x19A0,true,true,syscall,2,,,0x1D7CD33,function_end,instruction_start,true,false,true,true
2707,.text,0x60000020,30755663,0x1D54B4F,30758735,0x1D5574F,6473209679,0x181D5574F,0F05,true,true,false,true,92925,0x1D53370,0x1D7CD33,170435,9183,0x23DF,false,true,syscall,2,,,0x1D7CD33,function_end,instruction_start,true,false,true,true
2708,.text,0x60000020,30755987,0x1D54C93,30759059,0x1D55893,6473210003,0x181D55893,0F05,true,true,false,true,92925,0x1D53370,0x1D7CD33,170435,9507,0x2523,false,true,syscall,2,,,0x1D7CD33,function_end,instruction_start,true,false,true,true
2709,.text,0x60000020,30756370,0x1D54E12,30759442,0x1D55A12,6473210386,0x181D55A12,0F05,true,true,false,true,92925,0x1D53370,0x1D7CD33,170435,9890,0x26A2,false,true,syscall,2,,,0x1D7CD33,function_end,instruction_start,true,false,true,true
2710,.text,0x60000020,30757687,0x1D55337,30760759,0x1D55F37,6473211703,0x181D55F37,0F05,true,true,false,true,92925,0x1D53370,0x1D7CD33,170435,11207,0x2BC7,false,true,syscall,2,,,0x1D7CD33,function_end,instruction_start,true,false,true,true
2711,.text,0x60000020,30758825,0x1D557A9,30761897,0x1D563A9,6473212841,0x181D563A9,0F05,true,true,false,true,92925,0x1D53370,0x1D7CD33,170435,12345,0x3039,false,true,syscall,2,,,0x1D7CD33,function_end,instruction_start,true,false,true,true
2712,.text,0x60000020,30759649,0x1D55AE1,30762721,0x1D566E1,6473213665,0x181D566E1,0F05,true,true,false,true,92925,0x1D53370,0x1D7CD33,170435,13169,0x3371,false,true,syscall,2,,,0x1D7CD33,function_end,instruction_start,true,false,true,true
2713,.text,0x60000020,30762261,0x1D56515,30765333,0x1D57115,6473216277,0x181D57115,0F05,true,true,false,true,92925,0x1D53370,0x1D7CD33,170435,15781,0x3DA5,false,true,syscall,2,,,0x1D7CD33,function_end,instruction_start,true,false,true,true
2714,.text,0x60000020,30763262,0x1D568FE,30766334,0x1D574FE,6473217278,0x181D574FE,0F05,true,true,false,true,92925,0x1D53370,0x1D7CD33,170435,16782,0x418E,false,true,syscall,2,,,0x1D7CD33,function_end,instruction_start,true,false,true,true
2715,.text,0x60000020,30764278,0x1D56CF6,30767350,0x1D578F6,6473218294,0x181D578F6,0F05,true,true,false,true,92925,0x1D53370,0x1D7CD33,170435,17798,0x4586,false,true,syscall,2,,,0x1D7CD33,function_end,instruction_start,true,false,true,true
2716,.text,0x60000020,30768019,0x1D57B93,30771091,0x1D58793,6473222035,0x181D58793,0F05,true,true,false,true,92925,0x1D53370,0x1D7CD33,170435,21539,0x5423,false,true,syscall,2,,,0x1D7CD33,function_end,instruction_start,true,false,true,true
2717,.text,0x60000020,30768575,0x1D57DBF,30771647,0x1D589BF,6473222591,0x181D589BF,0F05,true,true,false,true,92925,0x1D53370,0x1D7CD33,170435,22095,0x564F,false,true,syscall,2,,,0x1D7CD33,function_end,instruction_start,true,false,true,true
2718,.text,0x60000020,30769308,0x1D5809C,30772380,0x1D58C9C,6473223324,0x181D58C9C,0F05,true,true,false,true,92925,0x1D53370,0x1D7CD33,170435,22828,0x592C,true,true,syscall,2,,,0x1D7CD33,function_end,instruction_start,true,false,true,true
2719,.text,0x60000020,30776799,0x1D59DDF,30779871,0x1D5A9DF,6473230815,0x181D5A9DF,0F05,true,true,false,true,92925,0x1D53370,0x1D7CD33,170435,30319,0x766F,false,true,syscall,2,,,0x1D7CD33,function_end,instruction_start,true,false,true,true
2720,.text,0x60000020,30777568,0x1D5A0E0,30780640,0x1D5ACE0,6473231584,0x181D5ACE0,0F05,true,true,false,true,92925,0x1D53370,0x1D7CD33,170435,31088,0x7970,true,true,syscall,2,,,0x1D7CD33,function_end,instruction_start,true,false,true,true
2721,.text,0x60000020,30779269,0x1D5A785,30782341,0x1D5B385,6473233285,0x181D5B385,0F05,true,true,false,true,92925,0x1D53370,0x1D7CD33,170435,32789,0x8015,false,true,syscall,2,,,0x1D7CD33,function_end,instruction_start,true,false,true,true
2722,.text,0x60000020,30779635,0x1D5A8F3,30782707,0x1D5B4F3,6473233651,0x181D5B4F3,0F05,true,true,false,true,92925,0x1D53370,0x1D7CD33,170435,33155,0x8183,false,true,syscall,2,,,0x1D7CD33,function_end,instruction_start,true,false,true,true
2723,.text,0x60000020,30784126,0x1D5BA7E,30787198,0x1D5C67E,6473238142,0x181D5C67E,0F05,true,true,false,true,92925,0x1D53370,0x1D7CD33,170435,37646,0x930E,false,true,syscall,2,,,0x1D7CD33,function_end,instruction_start,true,false,true,true
2724,.text,0x60000020,30785456,0x1D5BFB0,30788528,0x1D5CBB0,6473239472,0x181D5CBB0,0F05,true,true,false,true,92925,0x1D53370,0x1D7CD33,170435,38976,0x9840,true,true,syscall,2,,,0x1D7CD33,function_end,instruction_start,true,false,true,true
2725,.text,0x60000020,30786558,0x1D5C3FE,30789630,0x1D5CFFE,6473240574,0x181D5CFFE,0F05,true,true,false,true,92925,0x1D53370,0x1D7CD33,170435,40078,0x9C8E,false,true,syscall,2,,,0x1D7CD33,function_end,instruction_start,true,false,true,true
2726,.text,0x60000020,30789042,0x1D5CDB2,30792114,0x1D5D9B2,6473243058,0x181D5D9B2,0F05,true,true,false,true,92925,0x1D53370,0x1D7CD33,170435,42562,0xA642,false,true,syscall,2,,,0x1D7CD33,function_end,instruction_start,true,false,true,true
2727,.text,0x60000020,30789661,0x1D5D01D,30792733,0x1D5DC1D,6473243677,0x181D5DC1D,0F05,true,true,false,true,92925,0x1D53370,0x1D7CD33,170435,43181,0xA8AD,false,true,syscall,2,,,0x1D7CD33,function_end,instruction_start,true,false,true,true
2728,.text,0x60000020,30790790,0x1D5D486,30793862,0x1D5E086,6473244806,0x181D5E086,0F05,true,true,false,true,92925,0x1D53370,0x1D7CD33,170435,44310,0xAD16,false,true,syscall,2,,,0x1D7CD33,function_end,instruction_start,true,false,true,true
2729,.text,0x60000020,30791350,0x1D5D6B6,30794422,0x1D5E2B6,6473245366,0x181D5E2B6,0F05,true,true,false,true,92925,0x1D53370,0x1D7CD33,170435,44870,0xAF46,false,true,syscall,2,,,0x1D7CD33,function_end,instruction_start,true,false,true,true
2730,.text,0x60000020,30792457,0x1D5DB09,30795529,0x1D5E709,6473246473,0x181D5E709,0F05,true,true,false,true,92925,0x1D53370,0x1D7CD33,170435,45977,0xB399,false,true,syscall,2,,,0x1D7CD33,function_end,instruction_start,true,false,true,true
2731,.text,0x60000020,30792777,0x1D5DC49,30795849,0x1D5E849,6473246793,0x181D5E849,0F05,true,true,false,true,92925,0x1D53370,0x1D7CD33,170435,46297,0xB4D9,false,true,syscall,2,,,0x1D7CD33,function_end,instruction_start,true,false,true,true
2732,.text,0x60000020,30793604,0x1D5DF84,30796676,0x1D5EB84,6473247620,0x181D5EB84,0F05,true,true,false,true,92925,0x1D53370,0x1D7CD33,170435,47124,0xB814,true,true,syscall,2,,,0x1D7CD33,function_end,instruction_start,true,false,true,true
2733,.text,0x60000020,30795596,0x1D5E74C,30798668,0x1D5F34C,6473249612,0x181D5F34C,0F05,true,true,false,true,92925,0x1D53370,0x1D7CD33,170435,49116,0xBFDC,true,true,syscall,2,,,0x1D7CD33,function_end,instruction_start,true,false,true,true
2734,.text,0x60000020,30796515,0x1D5EAE3,30799587,0x1D5F6E3,6473250531,0x181D5F6E3,0F05,true,true,false,true,92925,0x1D53370,0x1D7CD33,170435,50035,0xC373,false,true,syscall,2,,,0x1D7CD33,function_end,instruction_start,true,false,true,true
2735,.text,0x60000020,30798130,0x1D5F132,30801202,0x1D5FD32,6473252146,0x181D5FD32,0F05,true,true,false,true,92925,0x1D53370,0x1D7CD33,170435,51650,0xC9C2,false,true,syscall,2,,,0x1D7CD33,function_end,instruction_start,true,false,true,true
2736,.text,0x60000020,30799263,0x1D5F59F,30802335,0x1D6019F,6473253279,0x181D6019F,0F05,true,true,false,true,92925,0x1D53370,0x1D7CD33,170435,52783,0xCE2F,false,true,syscall,2,,,0x1D7CD33,function_end,instruction_start,true,false,true,true
2737,.text,0x60000020,30799704,0x1D5F758,30802776,0x1D60358,6473253720,0x181D60358,0F05,true,true,false,true,92925,0x1D53370,0x1D7CD33,170435,53224,0xCFE8,true,true,syscall,2,,,0x1D7CD33,function_end,instruction_start,true,false,true,true
2738,.text,0x60000020,30800758,0x1D5FB76,30803830,0x1D60776,6473254774,0x181D60776,0F05,true,true,false,true,92925,0x1D53370,0x1D7CD33,170435,54278,0xD406,false,true,syscall,2,,,0x1D7CD33,function_end,instruction_start,true,false,true,true
2739,.text,0x60000020,30801898,0x1D5FFEA,30804970,0x1D60BEA,6473255914,0x181D60BEA,0F05,true,true,false,true,92925,0x1D53370,0x1D7CD33,170435,55418,0xD87A,false,true,syscall,2,,,0x1D7CD33,function_end,instruction_start,true,false,true,true
2740,.text,0x60000020,30803910,0x1D607C6,30806982,0x1D613C6,6473257926,0x181D613C6,0F05,true,true,false,true,92925,0x1D53370,0x1D7CD33,170435,57430,0xE056,false,true,syscall,2,,,0x1D7CD33,function_end,instruction_start,true,false,true,true
2741,.text,0x60000020,30804279,0x1D60937,30807351,0x1D61537,6473258295,0x181D61537,0F05,true,true,false,true,92925,0x1D53370,0x1D7CD33,170435,57799,0xE1C7,false,true,syscall,2,,,0x1D7CD33,function_end,instruction_start,true,false,true,true
2742,.text,0x60000020,30804875,0x1D60B8B,30807947,0x1D6178B,6473258891,0x181D6178B,0F05,true,true,false,true,92925,0x1D53370,0x1D7CD33,170435,58395,0xE41B,false,true,syscall,2,,,0x1D7CD33,function_end,instruction_start,true,false,true,true
2743,.text,0x60000020,30807602,0x1D61632,30810674,0x1D62232,6473261618,0x181D62232,0F05,true,true,false,true,92925,0x1D53370,0x1D7CD33,170435,61122,0xEEC2,false,true,syscall,2,,,0x1D7CD33,function_end,instruction_start,true,false,true,true
2744,.text,0x60000020,30808363,0x1D6192B,30811435,0x1D6252B,6473262379,0x181D6252B,0F05,true,true,false,true,92925,0x1D53370,0x1D7CD33,170435,61883,0xF1BB,false,true,syscall,2,,,0x1D7CD33,function_end,instruction_start,true,false,true,true
2745,.text,0x60000020,30808788,0x1D61AD4,30811860,0x1D626D4,6473262804,0x181D626D4,0F05,true,true,false,true,92925,0x1D53370,0x1D7CD33,170435,62308,0xF364,true,true,syscall,2,,,0x1D7CD33,function_end,instruction_start,true,false,true,true
2746,.text,0x60000020,30809439,0x1D61D5F,30812511,0x1D6295F,6473263455,0x181D6295F,0F05,true,true,false,true,92925,0x1D53370,0x1D7CD33,170435,62959,0xF5EF,false,true,syscall,2,,,0x1D7CD33,function_end,instruction_start,true,false,true,true
2747,.text,0x60000020,30810574,0x1D621CE,30813646,0x1D62DCE,6473264590,0x181D62DCE,0F05,true,true,false,true,92925,0x1D53370,0x1D7CD33,170435,64094,0xFA5E,false,true,syscall,2,,,0x1D7CD33,function_end,instruction_start,true,false,true,true
2748,.text,0x60000020,30812026,0x1D6277A,30815098,0x1D6337A,6473266042,0x181D6337A,0F05,true,true,false,true,92925,0x1D53370,0x1D7CD33,170435,65546,0x1000A,false,true,syscall,2,,,0x1D7CD33,function_end,instruction_start,true,false,true,true
2749,.text,0x60000020,30812842,0x1D62AAA,30815914,0x1D636AA,6473266858,0x181D636AA,0F05,true,true,false,true,92925,0x1D53370,0x1D7CD33,170435,66362,0x1033A,false,true,syscall,2,,,0x1D7CD33,function_end,instruction_start,true,false,true,true
2750,.text,0x60000020,30813462,0x1D62D16,30816534,0x1D63916,6473267478,0x181D63916,0F05,true,true,false,true,92925,0x1D53370,0x1D7CD33,170435,66982,0x105A6,false,true,syscall,2,,,0x1D7CD33,function_end,instruction_start,true,false,true,true
2751,.text,0x60000020,30813902,0x1D62ECE,30816974,0x1D63ACE,6473267918,0x181D63ACE,0F05,true,true,false,true,92925,0x1D53370,0x1D7CD33,170435,67422,0x1075E,false,true,syscall,2,,,0x1D7CD33,function_end,instruction_start,true,false,true,true
2752,.text,0x60000020,30816864,0x1D63A60,30819936,0x1D64660,6473270880,0x181D64660,0F05,true,true,false,true,92925,0x1D53370,0x1D7CD33,170435,70384,0x112F0,true,true,syscall,2,,,0x1D7CD33,function_end,instruction_start,true,false,true,true
2753,.text,0x60000020,30818397,0x1D6405D,30821469,0x1D64C5D,6473272413,0x181D64C5D,0F05,true,true,false,true,92925,0x1D53370,0x1D7CD33,170435,71917,0x118ED,false,true,syscall,2,,,0x1D7CD33,function_end,instruction_start,true,false,true,true
2754,.text,0x60000020,30820681,0x1D64949,30823753,0x1D65549,6473274697,0x181D65549,0F05,true,true,false,true,92925,0x1D53370,0x1D7CD33,170435,74201,0x121D9,false,true,syscall,2,,,0x1D7CD33,function_end,instruction_start,true,false,true,true
2755,.text,0x60000020,30821501,0x1D64C7D,30824573,0x1D6587D,6473275517,0x181D6587D,0F05,true,true,false,true,92925,0x1D53370,0x1D7CD33,170435,75021,0x1250D,false,true,syscall,2,,,0x1D7CD33,function_end,instruction_start,true,false,true,true
2756,.text,0x60000020,30823208,0x1D65328,30826280,0x1D65F28,6473277224,0x181D65F28,0F05,true,true,false,true,92925,0x1D53370,0x1D7CD33,170435,76728,0x12BB8,true,true,syscall,2,,,0x1D7CD33,function_end,instruction_start,true,false,true,true
2757,.text,0x60000020,30827161,0x1D66299,30830233,0x1D66E99,6473281177,0x181D66E99,0F05,true,true,false,true,92925,0x1D53370,0x1D7CD33,170435,80681,0x13B29,false,true,syscall,2,,,0x1D7CD33,function_end,instruction_start,true,false,true,true
2758,.text,0x60000020,30827665,0x1D66491,30830737,0x1D67091,6473281681,0x181D67091,0F05,true,true,false,true,92925,0x1D53370,0x1D7CD33,170435,81185,0x13D21,false,true,syscall,2,,,0x1D7CD33,function_end,instruction_start,true,false,true,true
2759,.text,0x60000020,30829376,0x1D66B40,30832448,0x1D67740,6473283392,0x181D67740,0F05,true,true,false,true,92925,0x1D53370,0x1D7CD33,170435,82896,0x143D0,true,true,syscall,2,,,0x1D7CD33,function_end,instruction_start,true,false,true,true
2760,.text,0x60000020,30829995,0x1D66DAB,30833067,0x1D679AB,6473284011,0x181D679AB,0F05,true,true,false,true,92925,0x1D53370,0x1D7CD33,170435,83515,0x1463B,false,true,syscall,2,,,0x1D7CD33,function_end,instruction_start,true,false,true,true
2761,.text,0x60000020,30830471,0x1D66F87,30833543,0x1D67B87,6473284487,0x181D67B87,0F05,true,true,false,true,92925,0x1D53370,0x1D7CD33,170435,83991,0x14817,false,true,syscall,2,,,0x1D7CD33,function_end,instruction_start,true,false,true,true
2762,.text,0x60000020,30833838,0x1D67CAE,30836910,0x1D688AE,6473287854,0x181D688AE,0F05,true,true,false,true,92925,0x1D53370,0x1D7CD33,170435,87358,0x1553E,false,true,syscall,2,,,0x1D7CD33,function_end,instruction_start,true,false,true,true
2763,.text,0x60000020,30834166,0x1D67DF6,30837238,0x1D689F6,6473288182,0x181D689F6,0F05,true,true,false,true,92925,0x1D53370,0x1D7CD33,170435,87686,0x15686,false,true,syscall,2,,,0x1D7CD33,function_end,instruction_start,true,false,true,true
2764,.text,0x60000020,30834990,0x1D6812E,30838062,0x1D68D2E,6473289006,0x181D68D2E,0F05,true,true,false,true,92925,0x1D53370,0x1D7CD33,170435,88510,0x159BE,false,true,syscall,2,,,0x1D7CD33,function_end,instruction_start,true,false,true,true
2765,.text,0x60000020,30836897,0x1D688A1,30839969,0x1D694A1,6473290913,0x181D694A1,0F05,true,true,false,true,92925,0x1D53370,0x1D7CD33,170435,90417,0x16131,false,true,syscall,2,,,0x1D7CD33,function_end,instruction_start,true,false,true,true
2766,.text,0x60000020,30837740,0x1D68BEC,30840812,0x1D697EC,6473291756,0x181D697EC,0F05,true,true,false,true,92925,0x1D53370,0x1D7CD33,170435,91260,0x1647C,true,true,syscall,2,,,0x1D7CD33,function_end,instruction_start,true,false,true,true
2767,.text,0x60000020,30838440,0x1D68EA8,30841512,0x1D69AA8,6473292456,0x181D69AA8,0F05,true,true,false,true,92925,0x1D53370,0x1D7CD33,170435,91960,0x16738,true,true,syscall,2,,,0x1D7CD33,function_end,instruction_start,true,false,true,true
2768,.text,0x60000020,30839539,0x1D692F3,30842611,0x1D69EF3,6473293555,0x181D69EF3,0F05,true,true,false,true,92925,0x1D53370,0x1D7CD33,170435,93059,0x16B83,false,true,syscall,2,,,0x1D7CD33,function_end,instruction_start,true,false,true,true
2769,.text,0x60000020,30840985,0x1D69899,30844057,0x1D6A499,6473295001,0x181D6A499,0F05,true,true,false,true,92925,0x1D53370,0x1D7CD33,170435,94505,0x17129,false,true,syscall,2,,,0x1D7CD33,function_end,instruction_start,true,false,true,true
2770,.text,0x60000020,30842984,0x1D6A068,30846056,0x1D6AC68,6473297000,0x181D6AC68,0F05,true,true,false,true,92925,0x1D53370,0x1D7CD33,170435,96504,0x178F8,true,true,syscall,2,,,0x1D7CD33,function_end,instruction_start,true,false,true,true
2771,.text,0x60000020,30843587,0x1D6A2C3,30846659,0x1D6AEC3,6473297603,0x181D6AEC3,0F05,true,true,false,true,92925,0x1D53370,0x1D7CD33,170435,97107,0x17B53,false,true,syscall,2,,,0x1D7CD33,function_end,instruction_start,true,false,true,true
2772,.text,0x60000020,30846143,0x1D6ACBF,30849215,0x1D6B8BF,6473300159,0x181D6B8BF,0F05,true,true,false,true,92925,0x1D53370,0x1D7CD33,170435,99663,0x1854F,false,true,syscall,2,,,0x1D7CD33,function_end,instruction_start,true,false,true,true
2773,.text,0x60000020,30846730,0x1D6AF0A,30849802,0x1D6BB0A,6473300746,0x181D6BB0A,0F05,true,true,false,true,92925,0x1D53370,0x1D7CD33,170435,100250,0x1879A,false,true,syscall,2,,,0x1D7CD33,function_end,instruction_start,true,false,true,true
2774,.text,0x60000020,30847235,0x1D6B103,30850307,0x1D6BD03,6473301251,0x181D6BD03,0F05,true,true,false,true,92925,0x1D53370,0x1D7CD33,170435,100755,0x18993,false,true,syscall,2,,,0x1D7CD33,function_end,instruction_start,true,false,true,true
2775,.text,0x60000020,30847789,0x1D6B32D,30850861,0x1D6BF2D,6473301805,0x181D6BF2D,0F05,true,true,false,true,92925,0x1D53370,0x1D7CD33,170435,101309,0x18BBD,false,true,syscall,2,,,0x1D7CD33,function_end,instruction_start,true,false,true,true
2776,.text,0x60000020,30848452,0x1D6B5C4,30851524,0x1D6C1C4,6473302468,0x181D6C1C4,0F05,true,true,false,true,92925,0x1D53370,0x1D7CD33,170435,101972,0x18E54,true,true,syscall,2,,,0x1D7CD33,function_end,instruction_start,true,false,true,true
2777,.text,0x60000020,30848843,0x1D6B74B,30851915,0x1D6C34B,6473302859,0x181D6C34B,0F05,true,true,false,true,92925,0x1D53370,0x1D7CD33,170435,102363,0x18FDB,false,true,syscall,2,,,0x1D7CD33,function_end,instruction_start,true,false,true,true
2778,.text,0x60000020,30849956,0x1D6BBA4,30853028,0x1D6C7A4,6473303972,0x181D6C7A4,0F05,true,true,false,true,92925,0x1D53370,0x1D7CD33,170435,103476,0x19434,true,true,syscall,2,,,0x1D7CD33,function_end,instruction_start,true,false,true,true
2779,.text,0x60000020,30850723,0x1D6BEA3,30853795,0x1D6CAA3,6473304739,0x181D6CAA3,0F05,true,true,false,true,92925,0x1D53370,0x1D7CD33,170435,104243,0x19733,false,true,syscall,2,,,0x1D7CD33,function_end,instruction_start,true,false,true,true
2780,.text,0x60000020,30854582,0x1D6CDB6,30857654,0x1D6D9B6,6473308598,0x181D6D9B6,0F05,true,true,false,true,92925,0x1D53370,0x1D7CD33,170435,108102,0x1A646,false,true,syscall,2,,,0x1D7CD33,function_end,instruction_start,true,false,true,true
2781,.text,0x60000020,30855434,0x1D6D10A,30858506,0x1D6DD0A,6473309450,0x181D6DD0A,0F05,true,true,false,true,92925,0x1D53370,0x1D7CD33,170435,108954,0x1A99A,false,true,syscall,2,,,0x1D7CD33,function_end,instruction_start,true,false,true,true
2782,.text,0x60000020,30857046,0x1D6D756,30860118,0x1D6E356,6473311062,0x181D6E356,0F05,true,true,false,true,92925,0x1D53370,0x1D7CD33,170435,110566,0x1AFE6,false,true,syscall,2,,,0x1D7CD33,function_end,instruction_start,true,false,true,true
2783,.text,0x60000020,30858606,0x1D6DD6E,30861678,0x1D6E96E,6473312622,0x181D6E96E,0F05,true,true,false,true,92925,0x1D53370,0x1D7CD33,170435,112126,0x1B5FE,false,true,syscall,2,,,0x1D7CD33,function_end,instruction_start,true,false,true,true
2784,.text,0x60000020,30860735,0x1D6E5BF,30863807,0x1D6F1BF,6473314751,0x181D6F1BF,0F05,true,true,false,true,92925,0x1D53370,0x1D7CD33,170435,114255,0x1BE4F,false,true,syscall,2,,,0x1D7CD33,function_end,instruction_start,true,false,true,true
2785,.text,0x60000020,30865438,0x1D6F81E,30868510,0x1D7041E,6473319454,0x181D7041E,0F05,true,true,false,true,92925,0x1D53370,0x1D7CD33,170435,118958,0x1D0AE,false,true,syscall,2,,,0x1D7CD33,function_end,instruction_start,true,false,true,true
2786,.text,0x60000020,30866046,0x1D6FA7E,30869118,0x1D7067E,6473320062,0x181D7067E,0F05,true,true,false,true,92925,0x1D53370,0x1D7CD33,170435,119566,0x1D30E,false,true,syscall,2,,,0x1D7CD33,function_end,instruction_start,true,false,true,true
2787,.text,0x60000020,30867527,0x1D70047,30870599,0x1D70C47,6473321543,0x181D70C47,0F05,true,true,false,true,92925,0x1D53370,0x1D7CD33,170435,121047,0x1D8D7,false,true,syscall,2,,,0x1D7CD33,function_end,instruction_start,true,false,true,true
2788,.text,0x60000020,30868217,0x1D702F9,30871289,0x1D70EF9,6473322233,0x181D70EF9,0F05,true,true,false,true,92925,0x1D53370,0x1D7CD33,170435,121737,0x1DB89,false,true,syscall,2,,,0x1D7CD33,function_end,instruction_start,true,false,true,true
2789,.text,0x60000020,30870293,0x1D70B15,30873365,0x1D71715,6473324309,0x181D71715,0F05,true,true,false,true,92925,0x1D53370,0x1D7CD33,170435,123813,0x1E3A5,false,true,syscall,2,,,0x1D7CD33,function_end,instruction_start,true,false,true,true
2790,.text,0x60000020,30872429,0x1D7136D,30875501,0x1D71F6D,6473326445,0x181D71F6D,0F05,true,true,false,true,92925,0x1D53370,0x1D7CD33,170435,125949,0x1EBFD,false,true,syscall,2,,,0x1D7CD33,function_end,instruction_start,true,false,true,true
2791,.text,0x60000020,30873395,0x1D71733,30876467,0x1D72333,6473327411,0x181D72333,0F05,true,true,false,true,92925,0x1D53370,0x1D7CD33,170435,126915,0x1EFC3,false,true,syscall,2,,,0x1D7CD33,function_end,instruction_start,true,false,true,true
2792,.text,0x60000020,30874484,0x1D71B74,30877556,0x1D72774,6473328500,0x181D72774,0F05,true,true,false,true,92925,0x1D53370,0x1D7CD33,170435,128004,0x1F404,true,true,syscall,2,,,0x1D7CD33,function_end,instruction_start,true,false,true,true
2793,.text,0x60000020,30875971,0x1D72143,30879043,0x1D72D43,6473329987,0x181D72D43,0F05,true,true,false,true,92925,0x1D53370,0x1D7CD33,170435,129491,0x1F9D3,false,true,syscall,2,,,0x1D7CD33,function_end,instruction_start,true,false,true,true
2794,.text,0x60000020,30877721,0x1D72819,30880793,0x1D73419,6473331737,0x181D73419,0F05,true,true,false,true,92925,0x1D53370,0x1D7CD33,170435,131241,0x200A9,false,true,syscall,2,,,0x1D7CD33,function_end,instruction_start,true,false,true,true
2795,.text,0x60000020,30878171,0x1D729DB,30881243,0x1D735DB,6473332187,0x181D735DB,0F05,true,true,false,true,92925,0x1D53370,0x1D7CD33,170435,131691,0x2026B,false,true,syscall,2,,,0x1D7CD33,function_end,instruction_start,true,false,true,true
2796,.text,0x60000020,30879961,0x1D730D9,30883033,0x1D73CD9,6473333977,0x181D73CD9,0F05,true,true,false,true,92925,0x1D53370,0x1D7CD33,170435,133481,0x20969,false,true,syscall,2,,,0x1D7CD33,function_end,instruction_start,true,false,true,true
2797,.text,0x60000020,30881464,0x1D736B8,30884536,0x1D742B8,6473335480,0x181D742B8,0F05,true,true,false,true,92925,0x1D53370,0x1D7CD33,170435,134984,0x20F48,true,true,syscall,2,,,0x1D7CD33,function_end,instruction_start,true,false,true,true
2798,.text,0x60000020,30882091,0x1D7392B,30885163,0x1D7452B,6473336107,0x181D7452B,0F05,true,true,false,true,92925,0x1D53370,0x1D7CD33,170435,135611,0x211BB,false,true,syscall,2,,,0x1D7CD33,function_end,instruction_start,true,false,true,true
2799,.text,0x60000020,30883497,0x1D73EA9,30886569,0x1D74AA9,6473337513,0x181D74AA9,0F05,true,true,false,true,92925,0x1D53370,0x1D7CD33,170435,137017,0x21739,false,true,syscall,2,,,0x1D7CD33,function_end,instruction_start,true,false,true,true
2800,.text,0x60000020,30885190,0x1D74546,30888262,0x1D75146,6473339206,0x181D75146,0F05,true,true,false,true,92925,0x1D53370,0x1D7CD33,170435,138710,0x21DD6,false,true,syscall,2,,,0x1D7CD33,function_end,instruction_start,true,false,true,true
2801,.text,0x60000020,30885888,0x1D74800,30888960,0x1D75400,6473339904,0x181D75400,0F05,true,true,false,true,92925,0x1D53370,0x1D7CD33,170435,139408,0x22090,true,true,syscall,2,,,0x1D7CD33,function_end,instruction_start,true,false,true,true
2802,.text,0x60000020,30887797,0x1D74F75,30890869,0x1D75B75,6473341813,0x181D75B75,0F05,true,true,false,true,92925,0x1D53370,0x1D7CD33,170435,141317,0x22805,false,true,syscall,2,,,0x1D7CD33,function_end,instruction_start,true,false,true,true
2803,.text,0x60000020,30889115,0x1D7549B,30892187,0x1D7609B,6473343131,0x181D7609B,0F05,true,true,false,true,92925,0x1D53370,0x1D7CD33,170435,142635,0x22D2B,false,true,syscall,2,,,0x1D7CD33,function_end,instruction_start,true,false,true,true
2804,.text,0x60000020,30889647,0x1D756AF,30892719,0x1D762AF,6473343663,0x181D762AF,0F05,true,true,false,true,92925,0x1D53370,0x1D7CD33,170435,143167,0x22F3F,false,true,syscall,2,,,0x1D7CD33,function_end,instruction_start,true,false,true,true
2805,.text,0x60000020,30890161,0x1D758B1,30893233,0x1D764B1,6473344177,0x181D764B1,0F05,true,true,false,true,92925,0x1D53370,0x1D7CD33,170435,143681,0x23141,false,true,syscall,2,,,0x1D7CD33,function_end,instruction_start,true,false,true,true
2806,.text,0x60000020,30891472,0x1D75DD0,30894544,0x1D769D0,6473345488,0x181D769D0,0F05,true,true,false,true,92925,0x1D53370,0x1D7CD33,170435,144992,0x23660,true,true,syscall,2,,,0x1D7CD33,function_end,instruction_start,true,false,true,true
2807,.text,0x60000020,30892081,0x1D76031,30895153,0x1D76C31,6473346097,0x181D76C31,0F05,true,true,false,true,92925,0x1D53370,0x1D7CD33,170435,145601,0x238C1,false,true,syscall,2,,,0x1D7CD33,function_end,instruction_start,true,false,true,true
2808,.text,0x60000020,30892650,0x1D7626A,30895722,0x1D76E6A,6473346666,0x181D76E6A,0F05,true,true,false,true,92925,0x1D53370,0x1D7CD33,170435,146170,0x23AFA,false,true,syscall,2,,,0x1D7CD33,function_end,instruction_start,true,false,true,true
2809,.text,0x60000020,30893342,0x1D7651E,30896414,0x1D7711E,6473347358,0x181D7711E,0F05,true,true,false,true,92925,0x1D53370,0x1D7CD33,170435,146862,0x23DAE,false,true,syscall,2,,,0x1D7CD33,function_end,instruction_start,true,false,true,true
2810,.text,0x60000020,30894583,0x1D769F7,30897655,0x1D775F7,6473348599,0x181D775F7,0F05,true,true,false,true,92925,0x1D53370,0x1D7CD33,170435,148103,0x24287,false,true,syscall,2,,,0x1D7CD33,function_end,instruction_start,true,false,true,true
2811,.text,0x60000020,30895396,0x1D76D24,30898468,0x1D77924,6473349412,0x181D77924,0F05,true,true,false,true,92925,0x1D53370,0x1D7CD33,170435,148916,0x245B4,true,true,syscall,2,,,0x1D7CD33,function_end,instruction_start,true,false,true,true
2812,.text,0x60000020,30895864,0x1D76EF8,30898936,0x1D77AF8,6473349880,0x181D77AF8,0F05,true,true,false,true,92925,0x1D53370,0x1D7CD33,170435,149384,0x24788,true,true,syscall,2,,,0x1D7CD33,function_end,instruction_start,true,false,true,true
2813,.text,0x60000020,30896423,0x1D77127,30899495,0x1D77D27,6473350439,0x181D77D27,0F05,true,true,false,true,92925,0x1D53370,0x1D7CD33,170435,149943,0x249B7,false,true,syscall,2,,,0x1D7CD33,function_end,instruction_start,true,false,true,true
2814,.text,0x60000020,30896939,0x1D7732B,30900011,0x1D77F2B,6473350955,0x181D77F2B,0F05,true,true,false,true,92925,0x1D53370,0x1D7CD33,170435,150459,0x24BBB,false,true,syscall,2,,,0x1D7CD33,function_end,instruction_start,true,false,true,true
2815,.text,0x60000020,30897540,0x1D77584,30900612,0x1D78184,6473351556,0x181D78184,0F05,true,true,false,true,92925,0x1D53370,0x1D7CD33,170435,151060,0x24E14,true,true,syscall,2,,,0x1D7CD33,function_end,instruction_start,true,false,true,true
2816,.text,0x60000020,30901534,0x1D7851E,30904606,0x1D7911E,6473355550,0x181D7911E,0F05,true,true,false,true,92925,0x1D53370,0x1D7CD33,170435,155054,0x25DAE,false,true,syscall,2,,,0x1D7CD33,function_end,instruction_start,true,false,true,true
2817,.text,0x60000020,30902064,0x1D78730,30905136,0x1D79330,6473356080,0x181D79330,0F05,true,true,false,true,92925,0x1D53370,0x1D7CD33,170435,155584,0x25FC0,true,true,syscall,2,,,0x1D7CD33,function_end,instruction_start,true,false,true,true
2818,.text,0x60000020,30906454,0x1D79856,30909526,0x1D7A456,6473360470,0x181D7A456,0F05,true,true,false,true,92925,0x1D53370,0x1D7CD33,170435,159974,0x270E6,false,true,syscall,2,,,0x1D7CD33,function_end,instruction_start,true,false,true,true
2819,.text,0x60000020,30906885,0x1D79A05,30909957,0x1D7A605,6473360901,0x181D7A605,0F05,true,true,false,true,92925,0x1D53370,0x1D7CD33,170435,160405,0x27295,false,true,syscall,2,,,0x1D7CD33,function_end,instruction_start,true,false,true,true
2820,.text,0x60000020,30908225,0x1D79F41,30911297,0x1D7AB41,6473362241,0x181D7AB41,0F05,true,true,false,true,92925,0x1D53370,0x1D7CD33,170435,161745,0x277D1,false,true,syscall,2,,,0x1D7CD33,function_end,instruction_start,true,false,true,true
2821,.text,0x60000020,30909241,0x1D7A339,30912313,0x1D7AF39,6473363257,0x181D7AF39,0F05,true,true,false,true,92925,0x1D53370,0x1D7CD33,170435,162761,0x27BC9,false,true,syscall,2,,,0x1D7CD33,function_end,instruction_start,true,false,true,true
2822,.text,0x60000020,30910349,0x1D7A78D,30913421,0x1D7B38D,6473364365,0x181D7B38D,0F05,true,true,false,true,92925,0x1D53370,0x1D7CD33,170435,163869,0x2801D,false,true,syscall,2,,,0x1D7CD33,function_end,instruction_start,true,false,true,true
2823,.text,0x60000020,30910713,0x1D7A8F9,30913785,0x1D7B4F9,6473364729,0x181D7B4F9,0F05,true,true,false,true,92925,0x1D53370,0x1D7CD33,170435,164233,0x28189,false,true,syscall,2,,,0x1D7CD33,function_end,instruction_start,true,false,true,true
2824,.text,0x60000020,30913565,0x1D7B41D,30916637,0x1D7C01D,6473367581,0x181D7C01D,0F05,true,true,false,true,92925,0x1D53370,0x1D7CD33,170435,167085,0x28CAD,false,true,syscall,2,,,0x1D7CD33,function_end,instruction_start,true,false,true,true
2825,.text,0x60000020,30914168,0x1D7B678,30917240,0x1D7C278,6473368184,0x181D7C278,0F05,true,true,false,true,92925,0x1D53370,0x1D7CD33,170435,167688,0x28F08,true,true,syscall,2,,,0x1D7CD33,function_end,instruction_start,true,false,true,true
2826,.text,0x60000020,30915490,0x1D7BBA2,30918562,0x1D7C7A2,6473369506,0x181D7C7A2,0F05,true,true,false,true,92925,0x1D53370,0x1D7CD33,170435,169010,0x29432,false,true,syscall,2,,,0x1D7CD33,function_end,instruction_start,true,false,true,true
2827,.text,0x60000020,30916012,0x1D7BDAC,30919084,0x1D7C9AC,6473370028,0x181D7C9AC,0F05,true,true,false,true,92925,0x1D53370,0x1D7CD33,170435,169532,0x2963C,true,true,syscall,2,,,0x1D7CD33,function_end,instruction_start,true,false,true,true
2828,.text,0x60000020,31023238,0x1D96086,31026310,0x1D96C86,6473477254,0x181D96C86,0F05,true,true,false,true,94169,0x1D96AD0,0x1D99C31,12641,438,0x1B6,false,true,syscall,2,,,0x1D99C31,function_end,instruction_start,true,false,true,true
2829,.text,0x60000020,31023567,0x1D961CF,31026639,0x1D96DCF,6473477583,0x181D96DCF,0F05,true,true,false,true,94169,0x1D96AD0,0x1D99C31,12641,767,0x2FF,false,true,syscall,2,,,0x1D99C31,function_end,instruction_start,true,false,true,true
2830,.text,0x60000020,31024015,0x1D9638F,31027087,0x1D96F8F,6473478031,0x181D96F8F,0F05,true,true,false,true,94169,0x1D96AD0,0x1D99C31,12641,1215,0x4BF,false,true,syscall,2,,,0x1D99C31,function_end,instruction_start,true,false,true,true
2831,.text,0x60000020,31024493,0x1D9656D,31027565,0x1D9716D,6473478509,0x181D9716D,0F05,true,true,false,true,94169,0x1D96AD0,0x1D99C31,12641,1693,0x69D,false,true,syscall,2,,,0x1D99C31,function_end,instruction_start,true,false,true,true
2832,.text,0x60000020,31025073,0x1D967B1,31028145,0x1D973B1,6473479089,0x181D973B1,0F05,true,true,false,true,94169,0x1D96AD0,0x1D99C31,12641,2273,0x8E1,false,true,syscall,2,,,0x1D99C31,function_end,instruction_start,true,false,true,true
2833,.text,0x60000020,31026199,0x1D96C17,31029271,0x1D97817,6473480215,0x181D97817,0F05,true,true,false,true,94169,0x1D96AD0,0x1D99C31,12641,3399,0xD47,false,true,syscall,2,,,0x1D99C31,function_end,instruction_start,true,false,true,true
2834,.text,0x60000020,31027094,0x1D96F96,31030166,0x1D97B96,6473481110,0x181D97B96,0F05,true,true,false,true,94169,0x1D96AD0,0x1D99C31,12641,4294,0x10C6,false,true,syscall,2,,,0x1D99C31,function_end,instruction_start,true,false,true,true
2835,.text,0x60000020,31032709,0x1D98585,31035781,0x1D99185,6473486725,0x181D99185,0F05,true,true,false,true,94169,0x1D96AD0,0x1D99C31,12641,9909,0x26B5,false,true,syscall,2,,,0x1D99C31,function_end,instruction_start,true,false,true,true
2836,.text,0x60000020,31050882,0x1D9CC82,31053954,0x1D9D882,6473504898,0x181D9D882,0F05,true,true,false,true,94241,0x1D9D370,0x1DA2556,20966,1298,0x512,false,true,syscall,2,,,0x1DA2556,function_end,instruction_start,true,false,true,true
2837,.text,0x60000020,31051501,0x1D9CEED,31054573,0x1D9DAED,6473505517,0x181D9DAED,0F05,true,true,false,true,94241,0x1D9D370,0x1DA2556,20966,1917,0x77D,false,true,syscall,2,,,0x1DA2556,function_end,instruction_start,true,false,true,true
2838,.text,0x60000020,31052057,0x1D9D119,31055129,0x1D9DD19,6473506073,0x181D9DD19,0F05,true,true,false,true,94241,0x1D9D370,0x1DA2556,20966,2473,0x9A9,false,true,syscall,2,,,0x1DA2556,function_end,instruction_start,true,false,true,true
2839,.text,0x60000020,31052480,0x1D9D2C0,31055552,0x1D9DEC0,6473506496,0x181D9DEC0,0F05,true,true,false,true,94241,0x1D9D370,0x1DA2556,20966,2896,0xB50,true,true,syscall,2,,,0x1DA2556,function_end,instruction_start,true,false,true,true
2840,.text,0x60000020,31053092,0x1D9D524,31056164,0x1D9E124,6473507108,0x181D9E124,0F05,true,true,false,true,94241,0x1D9D370,0x1DA2556,20966,3508,0xDB4,true,true,syscall,2,,,0x1DA2556,function_end,instruction_start,true,false,true,true
2841,.text,0x60000020,31056441,0x1D9E239,31059513,0x1D9EE39,6473510457,0x181D9EE39,0F05,true,true,false,true,94241,0x1D9D370,0x1DA2556,20966,6857,0x1AC9,false,true,syscall,2,,,0x1DA2556,function_end,instruction_start,true,false,true,true
2842,.text,0x60000020,31058856,0x1D9EBA8,31061928,0x1D9F7A8,6473512872,0x181D9F7A8,0F05,true,true,false,true,94241,0x1D9D370,0x1DA2556,20966,9272,0x2438,true,true,syscall,2,,,0x1DA2556,function_end,instruction_start,true,false,true,true
2843,.text,0x60000020,31059252,0x1D9ED34,31062324,0x1D9F934,6473513268,0x181D9F934,0F05,true,true,false,true,94241,0x1D9D370,0x1DA2556,20966,9668,0x25C4,true,true,syscall,2,,,0x1DA2556,function_end,instruction_start,true,false,true,true
2844,.text,0x60000020,31059920,0x1D9EFD0,31062992,0x1D9FBD0,6473513936,0x181D9FBD0,0F05,true,true,false,true,94241,0x1D9D370,0x1DA2556,20966,10336,0x2860,true,true,syscall,2,,,0x1DA2556,function_end,instruction_start,true,false,true,true
2845,.text,0x60000020,31060450,0x1D9F1E2,31063522,0x1D9FDE2,6473514466,0x181D9FDE2,0F05,true,true,false,true,94241,0x1D9D370,0x1DA2556,20966,10866,0x2A72,false,true,syscall,2,,,0x1DA2556,function_end,instruction_start,true,false,true,true
2846,.text,0x60000020,31061327,0x1D9F54F,31064399,0x1DA014F,6473515343,0x181DA014F,0F05,true,true,false,true,94241,0x1D9D370,0x1DA2556,20966,11743,0x2DDF,false,true,syscall,2,,,0x1DA2556,function_end,instruction_start,true,false,true,true
2847,.text,0x60000020,31065395,0x1DA0533,31068467,0x1DA1133,6473519411,0x181DA1133,0F05,true,true,false,true,94241,0x1D9D370,0x1DA2556,20966,15811,0x3DC3,false,true,syscall,2,,,0x1DA2556,function_end,instruction_start,true,false,true,true
2848,.text,0x60000020,31066510,0x1DA098E,31069582,0x1DA158E,6473520526,0x181DA158E,0F05,true,true,false,true,94241,0x1D9D370,0x1DA2556,20966,16926,0x421E,false,true,syscall,2,,,0x1DA2556,function_end,instruction_start,true,false,true,true
2849,.text,0x60000020,31067066,0x1DA0BBA,31070138,0x1DA17BA,6473521082,0x181DA17BA,0F05,true,true,false,true,94241,0x1D9D370,0x1DA2556,20966,17482,0x444A,false,true,syscall,2,,,0x1DA2556,function_end,instruction_start,true,false,true,true
2850,.text,0x60000020,31069551,0x1DA156F,31072623,0x1DA216F,6473523567,0x181DA216F,0F05,true,true,false,true,94241,0x1D9D370,0x1DA2556,20966,19967,0x4DFF,false,true,syscall,2,,,0x1DA2556,function_end,instruction_start,true,false,true,true
2851,.text,0x60000020,31070468,0x1DA1904,31073540,0x1DA2504,6473524484,0x181DA2504,0F05,true,true,false,true,94241,0x1D9D370,0x1DA2556,20966,20884,0x5194,true,true,syscall,2,,,0x1DA2556,function_end,instruction_start,true,false,true,true
2852,.text,0x60000020,31071506,0x1DA1D12,31074578,0x1DA2912,6473525522,0x181DA2912,0F05,true,true,false,true,94247,0x1DA2600,0x1DA6621,16417,786,0x312,false,true,syscall,2,,,0x1DA6621,function_end,instruction_start,true,false,true,true
2853,.text,0x60000020,31072023,0x1DA1F17,31075095,0x1DA2B17,6473526039,0x181DA2B17,0F05,true,true,false,true,94247,0x1DA2600,0x1DA6621,16417,1303,0x517,false,true,syscall,2,,,0x1DA6621,function_end,instruction_start,true,false,true,true
2854,.text,0x60000020,31072353,0x1DA2061,31075425,0x1DA2C61,6473526369,0x181DA2C61,0F05,true,true,false,true,94247,0x1DA2600,0x1DA6621,16417,1633,0x661,false,true,syscall,2,,,0x1DA6621,function_end,instruction_start,true,false,true,true
2855,.text,0x60000020,31073539,0x1DA2503,31076611,0x1DA3103,6473527555,0x181DA3103,0F05,true,true,false,true,94247,0x1DA2600,0x1DA6621,16417,2819,0xB03,false,true,syscall,2,,,0x1DA6621,function_end,instruction_start,true,false,true,true
2856,.text,0x60000020,31074123,0x1DA274B,31077195,0x1DA334B,6473528139,0x181DA334B,0F05,true,true,false,true,94247,0x1DA2600,0x1DA6621,16417,3403,0xD4B,false,true,syscall,2,,,0x1DA6621,function_end,instruction_start,true,false,true,true
2857,.text,0x60000020,31074934,0x1DA2A76,31078006,0x1DA3676,6473528950,0x181DA3676,0F05,true,true,false,true,94247,0x1DA2600,0x1DA6621,16417,4214,0x1076,false,true,syscall,2,,,0x1DA6621,function_end,instruction_start,true,false,true,true
2858,.text,0x60000020,31075387,0x1DA2C3B,31078459,0x1DA383B,6473529403,0x181DA383B,0F05,true,true,false,true,94247,0x1DA2600,0x1DA6621,16417,4667,0x123B,false,true,syscall,2,,,0x1DA6621,function_end,instruction_start,true,false,true,true
2859,.text,0x60000020,31077542,0x1DA34A6,31080614,0x1DA40A6,6473531558,0x181DA40A6,0F05,true,true,false,true,94247,0x1DA2600,0x1DA6621,16417,6822,0x1AA6,false,true,syscall,2,,,0x1DA6621,function_end,instruction_start,true,false,true,true
2860,.text,0x60000020,31077989,0x1DA3665,31081061,0x1DA4265,6473532005,0x181DA4265,0F05,true,true,false,true,94247,0x1DA2600,0x1DA6621,16417,7269,0x1C65,false,true,syscall,2,,,0x1DA6621,function_end,instruction_start,true,false,true,true
2861,.text,0x60000020,31078782,0x1DA397E,31081854,0x1DA457E,6473532798,0x181DA457E,0F05,true,true,false,true,94247,0x1DA2600,0x1DA6621,16417,8062,0x1F7E,false,true,syscall,2,,,0x1DA6621,function_end,instruction_start,true,false,true,true
2862,.text,0x60000020,31079542,0x1DA3C76,31082614,0x1DA4876,6473533558,0x181DA4876,0F05,true,true,false,true,94247,0x1DA2600,0x1DA6621,16417,8822,0x2276,false,true,syscall,2,,,0x1DA6621,function_end,instruction_start,true,false,true,true
2863,.text,0x60000020,31080017,0x1DA3E51,31083089,0x1DA4A51,6473534033,0x181DA4A51,0F05,true,true,false,true,94247,0x1DA2600,0x1DA6621,16417,9297,0x2451,false,true,syscall,2,,,0x1DA6621,function_end,instruction_start,true,false,true,true
2864,.text,0x60000020,31080545,0x1DA4061,31083617,0x1DA4C61,6473534561,0x181DA4C61,0F05,true,true,false,true,94247,0x1DA2600,0x1DA6621,16417,9825,0x2661,false,true,syscall,2,,,0x1DA6621,function_end,instruction_start,true,false,true,true
2865,.text,0x60000020,31081251,0x1DA4323,31084323,0x1DA4F23,6473535267,0x181DA4F23,0F05,true,true,false,true,94247,0x1DA2600,0x1DA6621,16417,10531,0x2923,false,true,syscall,2,,,0x1DA6621,function_end,instruction_start,true,false,true,true
2866,.text,0x60000020,31082016,0x1DA4620,31085088,0x1DA5220,6473536032,0x181DA5220,0F05,true,true,false,true,94247,0x1DA2600,0x1DA6621,16417,11296,0x2C20,true,true,syscall,2,,,0x1DA6621,function_end,instruction_start,true,false,true,true
2867,.text,0x60000020,31086494,0x1DA579E,31089566,0x1DA639E,6473540510,0x181DA639E,0F05,true,true,false,true,94247,0x1DA2600,0x1DA6621,16417,15774,0x3D9E,false,true,syscall,2,,,0x1DA6621,function_end,instruction_start,true,false,true,true
2868,.text,0x60000020,31118029,0x1DAD2CD,31121101,0x1DADECD,6473572045,0x181DADECD,0F05,true,true,false,true,94256,0x1DADCF0,0x1DB7498,38824,477,0x1DD,false,true,syscall,2,,,0x1DB7498,function_end,instruction_start,true,false,true,true
2869,.text,0x60000020,31118404,0x1DAD444,31121476,0x1DAE044,6473572420,0x181DAE044,0F05,true,true,false,true,94256,0x1DADCF0,0x1DB7498,38824,852,0x354,true,true,syscall,2,,,0x1DB7498,function_end,instruction_start,true,false,true,true
2870,.text,0x60000020,31118786,0x1DAD5C2,31121858,0x1DAE1C2,6473572802,0x181DAE1C2,0F05,true,true,false,true,94256,0x1DADCF0,0x1DB7498,38824,1234,0x4D2,false,true,syscall,2,,,0x1DB7498,function_end,instruction_start,true,false,true,true
2871,.text,0x60000020,31119259,0x1DAD79B,31122331,0x1DAE39B,6473573275,0x181DAE39B,0F05,true,true,false,true,94256,0x1DADCF0,0x1DB7498,38824,1707,0x6AB,false,true,syscall,2,,,0x1DB7498,function_end,instruction_start,true,false,true,true
2872,.text,0x60000020,31119657,0x1DAD929,31122729,0x1DAE529,6473573673,0x181DAE529,0F05,true,true,false,true,94256,0x1DADCF0,0x1DB7498,38824,2105,0x839,false,true,syscall,2,,,0x1DB7498,function_end,instruction_start,true,false,true,true
2873,.text,0x60000020,31120677,0x1DADD25,31123749,0x1DAE925,6473574693,0x181DAE925,0F05,true,true,false,true,94256,0x1DADCF0,0x1DB7498,38824,3125,0xC35,false,true,syscall,2,,,0x1DB7498,function_end,instruction_start,true,false,true,true
2874,.text,0x60000020,31121845,0x1DAE1B5,31124917,0x1DAEDB5,6473575861,0x181DAEDB5,0F05,true,true,false,true,94256,0x1DADCF0,0x1DB7498,38824,4293,0x10C5,false,true,syscall,2,,,0x1DB7498,function_end,instruction_start,true,false,true,true
2875,.text,0x60000020,31122479,0x1DAE42F,31125551,0x1DAF02F,6473576495,0x181DAF02F,0F05,true,true,false,true,94256,0x1DADCF0,0x1DB7498,38824,4927,0x133F,false,true,syscall,2,,,0x1DB7498,function_end,instruction_start,true,false,true,true
2876,.text,0x60000020,31123121,0x1DAE6B1,31126193,0x1DAF2B1,6473577137,0x181DAF2B1,0F05,true,true,false,true,94256,0x1DADCF0,0x1DB7498,38824,5569,0x15C1,false,true,syscall,2,,,0x1DB7498,function_end,instruction_start,true,false,true,true
2877,.text,0x60000020,31124862,0x1DAED7E,31127934,0x1DAF97E,6473578878,0x181DAF97E,0F05,true,true,false,true,94256,0x1DADCF0,0x1DB7498,38824,7310,0x1C8E,false,true,syscall,2,,,0x1DB7498,function_end,instruction_start,true,false,true,true
2878,.text,0x60000020,31125290,0x1DAEF2A,31128362,0x1DAFB2A,6473579306,0x181DAFB2A,0F05,true,true,false,true,94256,0x1DADCF0,0x1DB7498,38824,7738,0x1E3A,false,true,syscall,2,,,0x1DB7498,function_end,instruction_start,true,false,true,true
2879,.text,0x60000020,31126484,0x1DAF3D4,31129556,0x1DAFFD4,6473580500,0x181DAFFD4,0F05,true,true,false,true,94256,0x1DADCF0,0x1DB7498,38824,8932,0x22E4,true,true,syscall,2,,,0x1DB7498,function_end,instruction_start,true,false,true,true
2880,.text,0x60000020,31127167,0x1DAF67F,31130239,0x1DB027F,6473581183,0x181DB027F,0F05,true,true,false,true,94256,0x1DADCF0,0x1DB7498,38824,9615,0x258F,false,true,syscall,2,,,0x1DB7498,function_end,instruction_start,true,false,true,true
2881,.text,0x60000020,31128362,0x1DAFB2A,31131434,0x1DB072A,6473582378,0x181DB072A,0F05,true,true,false,true,94256,0x1DADCF0,0x1DB7498,38824,10810,0x2A3A,false,true,syscall,2,,,0x1DB7498,function_end,instruction_start,true,false,true,true
2882,.text,0x60000020,31129152,0x1DAFE40,31132224,0x1DB0A40,6473583168,0x181DB0A40,0F05,true,true,false,true,94256,0x1DADCF0,0x1DB7498,38824,11600,0x2D50,true,true,syscall,2,,,0x1DB7498,function_end,instruction_start,true,false,true,true
2883,.text,0x60000020,31129544,0x1DAFFC8,31132616,0x1DB0BC8,6473583560,0x181DB0BC8,0F05,true,true,false,true,94256,0x1DADCF0,0x1DB7498,38824,11992,0x2ED8,true,true,syscall,2,,,0x1DB7498,function_end,instruction_start,true,false,true,true
2884,.text,0x60000020,31130237,0x1DB027D,31133309,0x1DB0E7D,6473584253,0x181DB0E7D,0F05,true,true,false,true,94256,0x1DADCF0,0x1DB7498,38824,12685,0x318D,false,true,syscall,2,,,0x1DB7498,function_end,instruction_start,true,false,true,true
2885,.text,0x60000020,31130996,0x1DB0574,31134068,0x1DB1174,6473585012,0x181DB1174,0F05,true,true,false,true,94256,0x1DADCF0,0x1DB7498,38824,13444,0x3484,true,true,syscall,2,,,0x1DB7498,function_end,instruction_start,true,false,true,true
2886,.text,0x60000020,31131637,0x1DB07F5,31134709,0x1DB13F5,6473585653,0x181DB13F5,0F05,true,true,false,true,94256,0x1DADCF0,0x1DB7498,38824,14085,0x3705,false,true,syscall,2,,,0x1DB7498,function_end,instruction_start,true,false,true,true
2887,.text,0x60000020,31132041,0x1DB0989,31135113,0x1DB1589,6473586057,0x181DB1589,0F05,true,true,false,true,94256,0x1DADCF0,0x1DB7498,38824,14489,0x3899,false,true,syscall,2,,,0x1DB7498,function_end,instruction_start,true,false,true,true
2888,.text,0x60000020,31133663,0x1DB0FDF,31136735,0x1DB1BDF,6473587679,0x181DB1BDF,0F05,true,true,false,true,94256,0x1DADCF0,0x1DB7498,38824,16111,0x3EEF,false,true,syscall,2,,,0x1DB7498,function_end,instruction_start,true,false,true,true
2889,.text,0x60000020,31134165,0x1DB11D5,31137237,0x1DB1DD5,6473588181,0x181DB1DD5,0F05,true,true,false,true,94256,0x1DADCF0,0x1DB7498,38824,16613,0x40E5,false,true,syscall,2,,,0x1DB7498,function_end,instruction_start,true,false,true,true
2890,.text,0x60000020,31137405,0x1DB1E7D,31140477,0x1DB2A7D,6473591421,0x181DB2A7D,0F05,true,true,false,true,94256,0x1DADCF0,0x1DB7498,38824,19853,0x4D8D,false,true,syscall,2,,,0x1DB7498,function_end,instruction_start,true,false,true,true
2891,.text,0x60000020,31138323,0x1DB2213,31141395,0x1DB2E13,6473592339,0x181DB2E13,0F05,true,true,false,true,94256,0x1DADCF0,0x1DB7498,38824,20771,0x5123,false,true,syscall,2,,,0x1DB7498,function_end,instruction_start,true,false,true,true
2892,.text,0x60000020,31139107,0x1DB2523,31142179,0x1DB3123,6473593123,0x181DB3123,0F05,true,true,false,true,94256,0x1DADCF0,0x1DB7498,38824,21555,0x5433,false,true,syscall,2,,,0x1DB7498,function_end,instruction_start,true,false,true,true
2893,.text,0x60000020,31140103,0x1DB2907,31143175,0x1DB3507,6473594119,0x181DB3507,0F05,true,true,false,true,94256,0x1DADCF0,0x1DB7498,38824,22551,0x5817,false,true,syscall,2,,,0x1DB7498,function_end,instruction_start,true,false,true,true
2894,.text,0x60000020,31142541,0x1DB328D,31145613,0x1DB3E8D,6473596557,0x181DB3E8D,0F05,true,true,false,true,94256,0x1DADCF0,0x1DB7498,38824,24989,0x619D,false,true,syscall,2,,,0x1DB7498,function_end,instruction_start,true,false,true,true
2895,.text,0x60000020,31143113,0x1DB34C9,31146185,0x1DB40C9,6473597129,0x181DB40C9,0F05,true,true,false,true,94256,0x1DADCF0,0x1DB7498,38824,25561,0x63D9,false,true,syscall,2,,,0x1DB7498,function_end,instruction_start,true,false,true,true
2896,.text,0x60000020,31145172,0x1DB3CD4,31148244,0x1DB48D4,6473599188,0x181DB48D4,0F05,true,true,false,true,94256,0x1DADCF0,0x1DB7498,38824,27620,0x6BE4,true,true,syscall,2,,,0x1DB7498,function_end,instruction_start,true,false,true,true
2897,.text,0x60000020,31147269,0x1DB4505,31150341,0x1DB5105,6473601285,0x181DB5105,0F05,true,true,false,true,94256,0x1DADCF0,0x1DB7498,38824,29717,0x7415,false,true,syscall,2,,,0x1DB7498,function_end,instruction_start,true,false,true,true
2898,.text,0x60000020,31148295,0x1DB4907,31151367,0x1DB5507,6473602311,0x181DB5507,0F05,true,true,false,true,94256,0x1DADCF0,0x1DB7498,38824,30743,0x7817,false,true,syscall,2,,,0x1DB7498,function_end,instruction_start,true,false,true,true
2899,.text,0x60000020,31148732,0x1DB4ABC,31151804,0x1DB56BC,6473602748,0x181DB56BC,0F05,true,true,false,true,94256,0x1DADCF0,0x1DB7498,38824,31180,0x79CC,true,true,syscall,2,,,0x1DB7498,function_end,instruction_start,true,false,true,true
2900,.text,0x60000020,31149361,0x1DB4D31,31152433,0x1DB5931,6473603377,0x181DB5931,0F05,true,true,false,true,94256,0x1DADCF0,0x1DB7498,38824,31809,0x7C41,false,true,syscall,2,,,0x1DB7498,function_end,instruction_start,true,false,true,true
2901,.text,0x60000020,31149865,0x1DB4F29,31152937,0x1DB5B29,6473603881,0x181DB5B29,0F05,true,true,false,true,94256,0x1DADCF0,0x1DB7498,38824,32313,0x7E39,false,true,syscall,2,,,0x1DB7498,function_end,instruction_start,true,false,true,true
2902,.text,0x60000020,31151733,0x1DB5675,31154805,0x1DB6275,6473605749,0x181DB6275,0F05,true,true,false,true,94256,0x1DADCF0,0x1DB7498,38824,34181,0x8585,false,true,syscall,2,,,0x1DB7498,function_end,instruction_start,true,false,true,true
2903,.text,0x60000020,31152639,0x1DB59FF,31155711,0x1DB65FF,6473606655,0x181DB65FF,0F05,true,true,false,true,94256,0x1DADCF0,0x1DB7498,38824,35087,0x890F,false,true,syscall,2,,,0x1DB7498,function_end,instruction_start,true,false,true,true
2904,.text,0x60000020,31153047,0x1DB5B97,31156119,0x1DB6797,6473607063,0x181DB6797,0F05,true,true,false,true,94256,0x1DADCF0,0x1DB7498,38824,35495,0x8AA7,false,true,syscall,2,,,0x1DB7498,function_end,instruction_start,true,false,true,true
2905,.text,0x60000020,31153715,0x1DB5E33,31156787,0x1DB6A33,6473607731,0x181DB6A33,0F05,true,true,false,true,94256,0x1DADCF0,0x1DB7498,38824,36163,0x8D43,false,true,syscall,2,,,0x1DB7498,function_end,instruction_start,true,false,true,true
2906,.text,0x60000020,31154347,0x1DB60AB,31157419,0x1DB6CAB,6473608363,0x181DB6CAB,0F05,true,true,false,true,94256,0x1DADCF0,0x1DB7498,38824,36795,0x8FBB,false,true,syscall,2,,,0x1DB7498,function_end,instruction_start,true,false,true,true
2907,.text,0x60000020,31155387,0x1DB64BB,31158459,0x1DB70BB,6473609403,0x181DB70BB,0F05,true,true,false,true,94256,0x1DADCF0,0x1DB7498,38824,37835,0x93CB,false,true,syscall,2,,,0x1DB7498,function_end,instruction_start,true,false,true,true
2908,.text,0x60000020,31175864,0x1DBB4B8,31178936,0x1DBC0B8,6473629880,0x181DBC0B8,0F05,true,true,false,true,94288,0x1DBBE70,0x1DBDC5F,7663,584,0x248,true,true,syscall,2,,,0x1DBDC5F,function_end,instruction_start,true,false,true,true
2909,.text,0x60000020,31177388,0x1DBBAAC,31180460,0x1DBC6AC,6473631404,0x181DBC6AC,0F05,true,true,false,true,94288,0x1DBBE70,0x1DBDC5F,7663,2108,0x83C,true,true,syscall,2,,,0x1DBDC5F,function_end,instruction_start,true,false,true,true
2910,.text,0x60000020,31178339,0x1DBBE63,31181411,0x1DBCA63,6473632355,0x181DBCA63,0F05,true,true,false,true,94288,0x1DBBE70,0x1DBDC5F,7663,3059,0xBF3,false,true,syscall,2,,,0x1DBDC5F,function_end,instruction_start,true,false,true,true
2911,.text,0x60000020,31179691,0x1DBC3AB,31182763,0x1DBCFAB,6473633707,0x181DBCFAB,0F05,true,true,false,true,94288,0x1DBBE70,0x1DBDC5F,7663,4411,0x113B,false,true,syscall,2,,,0x1DBDC5F,function_end,instruction_start,true,false,true,true
2912,.text,0x60000020,31180516,0x1DBC6E4,31183588,0x1DBD2E4,6473634532,0x181DBD2E4,0F05,true,true,false,true,94288,0x1DBBE70,0x1DBDC5F,7663,5236,0x1474,true,true,syscall,2,,,0x1DBDC5F,function_end,instruction_start,true,false,true,true
2913,.text,0x60000020,31180996,0x1DBC8C4,31184068,0x1DBD4C4,6473635012,0x181DBD4C4,0F05,true,true,false,true,94288,0x1DBBE70,0x1DBDC5F,7663,5716,0x1654,true,true,syscall,2,,,0x1DBDC5F,function_end,instruction_start,true,false,true,true
2914,.text,0x60000020,31181503,0x1DBCABF,31184575,0x1DBD6BF,6473635519,0x181DBD6BF,0F05,true,true,false,true,94288,0x1DBBE70,0x1DBDC5F,7663,6223,0x184F,false,true,syscall,2,,,0x1DBDC5F,function_end,instruction_start,true,false,true,true
2915,.text,0x60000020,31182817,0x1DBCFE1,31185889,0x1DBDBE1,6473636833,0x181DBDBE1,0F05,true,true,false,true,94288,0x1DBBE70,0x1DBDC5F,7663,7537,0x1D71,false,true,syscall,2,,,0x1DBDC5F,function_end,instruction_start,true,false,true,true
2916,.text,0x60000020,31297972,0x1DD91B4,31301044,0x1DD9DB4,6473751988,0x181DD9DB4,0F05,true,true,false,true,94568,0x1DD9BE0,0x1DDBBE1,8193,468,0x1D4,true,true,syscall,2,,,0x1DDBBE1,function_end,instruction_start,true,false,true,true
2917,.text,0x60000020,31299152,0x1DD9650,31302224,0x1DDA250,6473753168,0x181DDA250,0F05,true,true,false,true,94568,0x1DD9BE0,0x1DDBBE1,8193,1648,0x670,true,true,syscall,2,,,0x1DDBBE1,function_end,instruction_start,true,false,true,true
2918,.text,0x60000020,31301486,0x1DD9F6E,31304558,0x1DDAB6E,6473755502,0x181DDAB6E,0F05,true,true,false,true,94568,0x1DD9BE0,0x1DDBBE1,8193,3982,0xF8E,false,true,syscall,2,,,0x1DDBBE1,function_end,instruction_start,true,false,true,true
2919,.text,0x60000020,31302033,0x1DDA191,31305105,0x1DDAD91,6473756049,0x181DDAD91,0F05,true,true,false,true,94568,0x1DD9BE0,0x1DDBBE1,8193,4529,0x11B1,false,true,syscall,2,,,0x1DDBBE1,function_end,instruction_start,true,false,true,true
2920,.text,0x60000020,31302538,0x1DDA38A,31305610,0x1DDAF8A,6473756554,0x181DDAF8A,0F05,true,true,false,true,94568,0x1DD9BE0,0x1DDBBE1,8193,5034,0x13AA,false,true,syscall,2,,,0x1DDBBE1,function_end,instruction_start,true,false,true,true
2921,.text,0x60000020,31303923,0x1DDA8F3,31306995,0x1DDB4F3,6473757939,0x181DDB4F3,0F05,true,true,false,true,94568,0x1DD9BE0,0x1DDBBE1,8193,6419,0x1913,false,true,syscall,2,,,0x1DDBBE1,function_end,instruction_start,true,false,true,true
2922,.text,0x60000020,31305089,0x1DDAD81,31308161,0x1DDB981,6473759105,0x181DDB981,0F05,true,true,false,true,94568,0x1DD9BE0,0x1DDBBE1,8193,7585,0x1DA1,false,true,syscall,2,,,0x1DDBBE1,function_end,instruction_start,true,false,true,true
2923,.text,0x60000020,31305487,0x1DDAF0F,31308559,0x1DDBB0F,6473759503,0x181DDBB0F,0F05,true,true,false,true,94568,0x1DD9BE0,0x1DDBBE1,8193,7983,0x1F2F,false,true,syscall,2,,,0x1DDBBE1,function_end,instruction_start,true,false,true,true
2924,.text,0x60000020,31308613,0x1DDBB45,31311685,0x1DDC745,6473762629,0x181DDC745,0F05,true,true,false,true,94621,0x1DDC740,0x1DDC752,18,5,0x5,false,true,,0,0x1DDC741,"lea rax, [rip + 0x50f1f]",0x1DDC752,function_end,covered_by_instruction,false,true,false,false
2925,.text,0x60000020,31399306,0x1DF1D8A,31402378,0x1DF298A,6473853322,0x181DF298A,0F05,true,true,false,true,95657,0x1DF2750,0x1E0B465,101653,570,0x23A,false,true,syscall,2,,,0x1E0B465,function_end,instruction_start,true,false,true,true
2926,.text,0x60000020,31400252,0x1DF213C,31403324,0x1DF2D3C,6473854268,0x181DF2D3C,0F05,true,true,false,true,95657,0x1DF2750,0x1E0B465,101653,1516,0x5EC,true,true,syscall,2,,,0x1E0B465,function_end,instruction_start,true,false,true,true
2927,.text,0x60000020,31401766,0x1DF2726,31404838,0x1DF3326,6473855782,0x181DF3326,0F05,true,true,false,true,95657,0x1DF2750,0x1E0B465,101653,3030,0xBD6,false,true,syscall,2,,,0x1E0B465,function_end,instruction_start,true,false,true,true
2928,.text,0x60000020,31404709,0x1DF32A5,31407781,0x1DF3EA5,6473858725,0x181DF3EA5,0F05,true,true,false,true,95657,0x1DF2750,0x1E0B465,101653,5973,0x1755,false,true,syscall,2,,,0x1E0B465,function_end,instruction_start,true,false,true,true
2929,.text,0x60000020,31405252,0x1DF34C4,31408324,0x1DF40C4,6473859268,0x181DF40C4,0F05,true,true,false,true,95657,0x1DF2750,0x1E0B465,101653,6516,0x1974,true,true,syscall,2,,,0x1E0B465,function_end,instruction_start,true,false,true,true
2930,.text,0x60000020,31406513,0x1DF39B1,31409585,0x1DF45B1,6473860529,0x181DF45B1,0F05,true,true,false,true,95657,0x1DF2750,0x1E0B465,101653,7777,0x1E61,false,true,syscall,2,,,0x1E0B465,function_end,instruction_start,true,false,true,true
2931,.text,0x60000020,31408465,0x1DF4151,31411537,0x1DF4D51,6473862481,0x181DF4D51,0F05,true,true,false,true,95657,0x1DF2750,0x1E0B465,101653,9729,0x2601,false,true,syscall,2,,,0x1E0B465,function_end,instruction_start,true,false,true,true
2932,.text,0x60000020,31409431,0x1DF4517,31412503,0x1DF5117,6473863447,0x181DF5117,0F05,true,true,false,true,95657,0x1DF2750,0x1E0B465,101653,10695,0x29C7,false,true,syscall,2,,,0x1E0B465,function_end,instruction_start,true,false,true,true
2933,.text,0x60000020,31409857,0x1DF46C1,31412929,0x1DF52C1,6473863873,0x181DF52C1,0F05,true,true,false,true,95657,0x1DF2750,0x1E0B465,101653,11121,0x2B71,false,true,syscall,2,,,0x1E0B465,function_end,instruction_start,true,false,true,true
2934,.text,0x60000020,31410676,0x1DF49F4,31413748,0x1DF55F4,6473864692,0x181DF55F4,0F05,true,true,false,true,95657,0x1DF2750,0x1E0B465,101653,11940,0x2EA4,true,true,syscall,2,,,0x1E0B465,function_end,instruction_start,true,false,true,true
2935,.text,0x60000020,31411513,0x1DF4D39,31414585,0x1DF5939,6473865529,0x181DF5939,0F05,true,true,false,true,95657,0x1DF2750,0x1E0B465,101653,12777,0x31E9,false,true,syscall,2,,,0x1E0B465,function_end,instruction_start,true,false,true,true
2936,.text,0x60000020,31414629,0x1DF5965,31417701,0x1DF6565,6473868645,0x181DF6565,0F05,true,true,false,true,95657,0x1DF2750,0x1E0B465,101653,15893,0x3E15,false,true,syscall,2,,,0x1E0B465,function_end,instruction_start,true,false,true,true
2937,.text,0x60000020,31415233,0x1DF5BC1,31418305,0x1DF67C1,6473869249,0x181DF67C1,0F05,true,true,false,true,95657,0x1DF2750,0x1E0B465,101653,16497,0x4071,false,true,syscall,2,,,0x1E0B465,function_end,instruction_start,true,false,true,true
2938,.text,0x60000020,31417027,0x1DF62C3,31420099,0x1DF6EC3,6473871043,0x181DF6EC3,0F05,true,true,false,true,95657,0x1DF2750,0x1E0B465,101653,18291,0x4773,false,true,syscall,2,,,0x1E0B465,function_end,instruction_start,true,false,true,true
2939,.text,0x60000020,31418338,0x1DF67E2,31421410,0x1DF73E2,6473872354,0x181DF73E2,0F05,true,true,false,true,95657,0x1DF2750,0x1E0B465,101653,19602,0x4C92,false,true,syscall,2,,,0x1E0B465,function_end,instruction_start,true,false,true,true
2940,.text,0x60000020,31419620,0x1DF6CE4,31422692,0x1DF78E4,6473873636,0x181DF78E4,0F05,true,true,false,true,95657,0x1DF2750,0x1E0B465,101653,20884,0x5194,true,true,syscall,2,,,0x1E0B465,function_end,instruction_start,true,false,true,true
2941,.text,0x60000020,31420876,0x1DF71CC,31423948,0x1DF7DCC,6473874892,0x181DF7DCC,0F05,true,true,false,true,95657,0x1DF2750,0x1E0B465,101653,22140,0x567C,true,true,syscall,2,,,0x1E0B465,function_end,instruction_start,true,false,true,true
2942,.text,0x60000020,31421909,0x1DF75D5,31424981,0x1DF81D5,6473875925,0x181DF81D5,0F05,true,true,false,true,95657,0x1DF2750,0x1E0B465,101653,23173,0x5A85,false,true,syscall,2,,,0x1E0B465,function_end,instruction_start,true,false,true,true
2943,.text,0x60000020,31427000,0x1DF89B8,31430072,0x1DF95B8,6473881016,0x181DF95B8,0F05,true,true,false,true,95657,0x1DF2750,0x1E0B465,101653,28264,0x6E68,true,true,syscall,2,,,0x1E0B465,function_end,instruction_start,true,false,true,true
2944,.text,0x60000020,31427738,0x1DF8C9A,31430810,0x1DF989A,6473881754,0x181DF989A,0F05,true,true,false,true,95657,0x1DF2750,0x1E0B465,101653,29002,0x714A,false,true,syscall,2,,,0x1E0B465,function_end,instruction_start,true,false,true,true
2945,.text,0x60000020,31429622,0x1DF93F6,31432694,0x1DF9FF6,6473883638,0x181DF9FF6,0F05,true,true,false,true,95657,0x1DF2750,0x1E0B465,101653,30886,0x78A6,false,true,syscall,2,,,0x1E0B465,function_end,instruction_start,true,false,true,true
2946,.text,0x60000020,31430760,0x1DF9868,31433832,0x1DFA468,6473884776,0x181DFA468,0F05,true,true,false,true,95657,0x1DF2750,0x1E0B465,101653,32024,0x7D18,true,true,syscall,2,,,0x1E0B465,function_end,instruction_start,true,false,true,true
2947,.text,0x60000020,31432088,0x1DF9D98,31435160,0x1DFA998,6473886104,0x181DFA998,0F05,true,true,false,true,95657,0x1DF2750,0x1E0B465,101653,33352,0x8248,true,true,syscall,2,,,0x1E0B465,function_end,instruction_start,true,false,true,true
2948,.text,0x60000020,31433135,0x1DFA1AF,31436207,0x1DFADAF,6473887151,0x181DFADAF,0F05,true,true,false,true,95657,0x1DF2750,0x1E0B465,101653,34399,0x865F,false,true,syscall,2,,,0x1E0B465,function_end,instruction_start,true,false,true,true
2949,.text,0x60000020,31434385,0x1DFA691,31437457,0x1DFB291,6473888401,0x181DFB291,0F05,true,true,false,true,95657,0x1DF2750,0x1E0B465,101653,35649,0x8B41,false,true,syscall,2,,,0x1E0B465,function_end,instruction_start,true,false,true,true
2950,.text,0x60000020,31436344,0x1DFAE38,31439416,0x1DFBA38,6473890360,0x181DFBA38,0F05,true,true,false,true,95657,0x1DF2750,0x1E0B465,101653,37608,0x92E8,true,true,syscall,2,,,0x1E0B465,function_end,instruction_start,true,false,true,true
2951,.text,0x60000020,31437373,0x1DFB23D,31440445,0x1DFBE3D,6473891389,0x181DFBE3D,0F05,true,true,false,true,95657,0x1DF2750,0x1E0B465,101653,38637,0x96ED,false,true,syscall,2,,,0x1E0B465,function_end,instruction_start,true,false,true,true
2952,.text,0x60000020,31439077,0x1DFB8E5,31442149,0x1DFC4E5,6473893093,0x181DFC4E5,0F05,true,true,false,true,95657,0x1DF2750,0x1E0B465,101653,40341,0x9D95,false,true,syscall,2,,,0x1E0B465,function_end,instruction_start,true,false,true,true
2953,.text,0x60000020,31440759,0x1DFBF77,31443831,0x1DFCB77,6473894775,0x181DFCB77,0F05,true,true,false,true,95657,0x1DF2750,0x1E0B465,101653,42023,0xA427,false,true,syscall,2,,,0x1E0B465,function_end,instruction_start,true,false,true,true
2954,.text,0x60000020,31442426,0x1DFC5FA,31445498,0x1DFD1FA,6473896442,0x181DFD1FA,0F05,true,true,false,true,95657,0x1DF2750,0x1E0B465,101653,43690,0xAAAA,false,true,syscall,2,,,0x1E0B465,function_end,instruction_start,true,false,true,true
2955,.text,0x60000020,31443465,0x1DFCA09,31446537,0x1DFD609,6473897481,0x181DFD609,0F05,true,true,false,true,95657,0x1DF2750,0x1E0B465,101653,44729,0xAEB9,false,true,syscall,2,,,0x1E0B465,function_end,instruction_start,true,false,true,true
2956,.text,0x60000020,31444824,0x1DFCF58,31447896,0x1DFDB58,6473898840,0x181DFDB58,0F05,true,true,false,true,95657,0x1DF2750,0x1E0B465,101653,46088,0xB408,true,true,syscall,2,,,0x1E0B465,function_end,instruction_start,true,false,true,true
2957,.text,0x60000020,31445675,0x1DFD2AB,31448747,0x1DFDEAB,6473899691,0x181DFDEAB,0F05,true,true,false,true,95657,0x1DF2750,0x1E0B465,101653,46939,0xB75B,false,true,syscall,2,,,0x1E0B465,function_end,instruction_start,true,false,true,true
2958,.text,0x60000020,31446217,0x1DFD4C9,31449289,0x1DFE0C9,6473900233,0x181DFE0C9,0F05,true,true,false,true,95657,0x1DF2750,0x1E0B465,101653,47481,0xB979,false,true,syscall,2,,,0x1E0B465,function_end,instruction_start,true,false,true,true
2959,.text,0x60000020,31447640,0x1DFDA58,31450712,0x1DFE658,6473901656,0x181DFE658,0F05,true,true,false,true,95657,0x1DF2750,0x1E0B465,101653,48904,0xBF08,true,true,syscall,2,,,0x1E0B465,function_end,instruction_start,true,false,true,true
2960,.text,0x60000020,31449819,0x1DFE2DB,31452891,0x1DFEEDB,6473903835,0x181DFEEDB,0F05,true,true,false,true,95657,0x1DF2750,0x1E0B465,101653,51083,0xC78B,false,true,syscall,2,,,0x1E0B465,function_end,instruction_start,true,false,true,true
2961,.text,0x60000020,31454624,0x1DFF5A0,31457696,0x1E001A0,6473908640,0x181E001A0,0F05,true,true,false,true,95657,0x1DF2750,0x1E0B465,101653,55888,0xDA50,true,true,syscall,2,,,0x1E0B465,function_end,instruction_start,true,false,true,true
2962,.text,0x60000020,31455527,0x1DFF927,31458599,0x1E00527,6473909543,0x181E00527,0F05,true,true,false,true,95657,0x1DF2750,0x1E0B465,101653,56791,0xDDD7,false,true,syscall,2,,,0x1E0B465,function_end,instruction_start,true,false,true,true
2963,.text,0x60000020,31457570,0x1E00122,31460642,0x1E00D22,6473911586,0x181E00D22,0F05,true,true,false,true,95657,0x1DF2750,0x1E0B465,101653,58834,0xE5D2,false,true,syscall,2,,,0x1E0B465,function_end,instruction_start,true,false,true,true
2964,.text,0x60000020,31457964,0x1E002AC,31461036,0x1E00EAC,6473911980,0x181E00EAC,0F05,true,true,false,true,95657,0x1DF2750,0x1E0B465,101653,59228,0xE75C,true,true,syscall,2,,,0x1E0B465,function_end,instruction_start,true,false,true,true
2965,.text,0x60000020,31459789,0x1E009CD,31462861,0x1E015CD,6473913805,0x181E015CD,0F05,true,true,false,true,95657,0x1DF2750,0x1E0B465,101653,61053,0xEE7D,false,true,,0,0x1E015C8,"movabs rdx, 0x8aa4f4050f3256e8",0x1E0B465,function_end,covered_by_instruction,false,true,false,false
2966,.text,0x60000020,31460919,0x1E00E37,31463991,0x1E01A37,6473914935,0x181E01A37,0F05,true,true,false,true,95657,0x1DF2750,0x1E0B465,101653,62183,0xF2E7,false,true,syscall,2,,,0x1E0B465,function_end,instruction_start,true,false,true,true
2967,.text,0x60000020,31465230,0x1E01F0E,31468302,0x1E02B0E,6473919246,0x181E02B0E,0F05,true,true,false,true,95657,0x1DF2750,0x1E0B465,101653,66494,0x103BE,false,true,syscall,2,,,0x1E0B465,function_end,instruction_start,true,false,true,true
2968,.text,0x60000020,31465811,0x1E02153,31468883,0x1E02D53,6473919827,0x181E02D53,0F05,true,true,false,true,95657,0x1DF2750,0x1E0B465,101653,67075,0x10603,false,true,syscall,2,,,0x1E0B465,function_end,instruction_start,true,false,true,true
2969,.text,0x60000020,31466270,0x1E0231E,31469342,0x1E02F1E,6473920286,0x181E02F1E,0F05,true,true,false,true,95657,0x1DF2750,0x1E0B465,101653,67534,0x107CE,false,true,syscall,2,,,0x1E0B465,function_end,instruction_start,true,false,true,true
2970,.text,0x60000020,31466711,0x1E024D7,31469783,0x1E030D7,6473920727,0x181E030D7,0F05,true,true,false,true,95657,0x1DF2750,0x1E0B465,101653,67975,0x10987,false,true,syscall,2,,,0x1E0B465,function_end,instruction_start,true,false,true,true
2971,.text,0x60000020,31467437,0x1E027AD,31470509,0x1E033AD,6473921453,0x181E033AD,0F05,true,true,false,true,95657,0x1DF2750,0x1E0B465,101653,68701,0x10C5D,false,true,syscall,2,,,0x1E0B465,function_end,instruction_start,true,false,true,true
2972,.text,0x60000020,31470411,0x1E0334B,31473483,0x1E03F4B,6473924427,0x181E03F4B,0F05,true,true,false,true,95657,0x1DF2750,0x1E0B465,101653,71675,0x117FB,false,true,syscall,2,,,0x1E0B465,function_end,instruction_start,true,false,true,true
2973,.text,0x60000020,31471836,0x1E038DC,31474908,0x1E044DC,6473925852,0x181E044DC,0F05,true,true,false,true,95657,0x1DF2750,0x1E0B465,101653,73100,0x11D8C,true,true,syscall,2,,,0x1E0B465,function_end,instruction_start,true,false,true,true
2974,.text,0x60000020,31473276,0x1E03E7C,31476348,0x1E04A7C,6473927292,0x181E04A7C,0F05,true,true,false,true,95657,0x1DF2750,0x1E0B465,101653,74540,0x1232C,true,true,syscall,2,,,0x1E0B465,function_end,instruction_start,true,false,true,true
2975,.text,0x60000020,31475350,0x1E04696,31478422,0x1E05296,6473929366,0x181E05296,0F05,true,true,false,true,95657,0x1DF2750,0x1E0B465,101653,76614,0x12B46,false,true,syscall,2,,,0x1E0B465,function_end,instruction_start,true,false,true,true
2976,.text,0x60000020,31476549,0x1E04B45,31479621,0x1E05745,6473930565,0x181E05745,0F05,true,true,false,true,95657,0x1DF2750,0x1E0B465,101653,77813,0x12FF5,false,true,syscall,2,,,0x1E0B465,function_end,instruction_start,true,false,true,true
2977,.text,0x60000020,31477650,0x1E04F92,31480722,0x1E05B92,6473931666,0x181E05B92,0F05,true,true,false,true,95657,0x1DF2750,0x1E0B465,101653,78914,0x13442,false,true,syscall,2,,,0x1E0B465,function_end,instruction_start,true,false,true,true
2978,.text,0x60000020,31479671,0x1E05777,31482743,0x1E06377,6473933687,0x181E06377,0F05,true,true,false,true,95657,0x1DF2750,0x1E0B465,101653,80935,0x13C27,false,true,syscall,2,,,0x1E0B465,function_end,instruction_start,true,false,true,true
2979,.text,0x60000020,31480101,0x1E05925,31483173,0x1E06525,6473934117,0x181E06525,0F05,true,true,false,true,95657,0x1DF2750,0x1E0B465,101653,81365,0x13DD5,false,true,syscall,2,,,0x1E0B465,function_end,instruction_start,true,false,true,true
2980,.text,0x60000020,31481782,0x1E05FB6,31484854,0x1E06BB6,6473935798,0x181E06BB6,0F05,true,true,false,true,95657,0x1DF2750,0x1E0B465,101653,83046,0x14466,false,true,syscall,2,,,0x1E0B465,function_end,instruction_start,true,false,true,true
2981,.text,0x60000020,31482322,0x1E061D2,31485394,0x1E06DD2,6473936338,0x181E06DD2,0F05,true,true,false,true,95657,0x1DF2750,0x1E0B465,101653,83586,0x14682,false,true,syscall,2,,,0x1E0B465,function_end,instruction_start,true,false,true,true
2982,.text,0x60000020,31483061,0x1E064B5,31486133,0x1E070B5,6473937077,0x181E070B5,0F05,true,true,false,true,95657,0x1DF2750,0x1E0B465,101653,84325,0x14965,false,true,syscall,2,,,0x1E0B465,function_end,instruction_start,true,false,true,true
2983,.text,0x60000020,31484342,0x1E069B6,31487414,0x1E075B6,6473938358,0x181E075B6,0F05,true,true,false,true,95657,0x1DF2750,0x1E0B465,101653,85606,0x14E66,false,true,syscall,2,,,0x1E0B465,function_end,instruction_start,true,false,true,true
2984,.text,0x60000020,31485314,0x1E06D82,31488386,0x1E07982,6473939330,0x181E07982,0F05,true,true,false,true,95657,0x1DF2750,0x1E0B465,101653,86578,0x15232,false,true,syscall,2,,,0x1E0B465,function_end,instruction_start,true,false,true,true
2985,.text,0x60000020,31488500,0x1E079F4,31491572,0x1E085F4,6473942516,0x181E085F4,0F05,true,true,false,true,95657,0x1DF2750,0x1E0B465,101653,89764,0x15EA4,true,true,syscall,2,,,0x1E0B465,function_end,instruction_start,true,false,true,true
2986,.text,0x60000020,31491793,0x1E086D1,31494865,0x1E092D1,6473945809,0x181E092D1,0F05,true,true,false,true,95657,0x1DF2750,0x1E0B465,101653,93057,0x16B81,false,true,syscall,2,,,0x1E0B465,function_end,instruction_start,true,false,true,true
2987,.text,0x60000020,31494825,0x1E092A9,31497897,0x1E09EA9,6473948841,0x181E09EA9,0F05,true,true,false,true,95657,0x1DF2750,0x1E0B465,101653,96089,0x17759,false,true,syscall,2,,,0x1E0B465,function_end,instruction_start,true,false,true,true
2988,.text,0x60000020,31497607,0x1E09D87,31500679,0x1E0A987,6473951623,0x181E0A987,0F05,true,true,false,true,95657,0x1DF2750,0x1E0B465,101653,98871,0x18237,false,true,syscall,2,,,0x1E0B465,function_end,instruction_start,true,false,true,true
2989,.text,0x60000020,31500287,0x1E0A7FF,31503359,0x1E0B3FF,6473954303,0x181E0B3FF,0F05,true,true,false,true,95657,0x1DF2750,0x1E0B465,101653,101551,0x18CAF,false,true,syscall,2,,,0x1E0B465,function_end,instruction_start,true,false,true,true
2990,.text,0x60000020,31523874,0x1E10422,31526946,0x1E11022,6473977890,0x181E11022,0F05,true,true,false,true,95689,0x1E10C40,0x1E1127C,1596,994,0x3E2,false,true,,0,0x1E11020,"mov byte ptr [rdi + rcx + 5], al",0x1E1127C,function_end,covered_by_instruction,false,true,false,false
2991,.text,0x60000020,31524435,0x1E10653,31527507,0x1E11253,6473978451,0x181E11253,0F05,true,true,false,true,95689,0x1E10C40,0x1E1127C,1596,1555,0x613,false,true,,0,0x1E11250,"movzx eax, byte ptr [rdi + rcx + 5]",0x1E1127C,function_end,covered_by_instruction,false,true,false,false
2992,.text,0x60000020,31985138,0x1E80DF2,31988210,0x1E819F2,6474439154,0x181E819F2,0F05,true,true,false,false,,,,,,,false,false,,0,,,,no_pdata_function,no_pdata_function,false,true,false,false
2993,.text,0x60000020,31993397,0x1E82E35,31996469,0x1E83A35,6474447413,0x181E83A35,0F05,true,true,false,true,97097,0x1E83A30,0x1E83A42,18,5,0x5,false,true,,0,0x1E83A31,"lea rax, [rip + 0x50f40]",0x1E83A42,function_end,covered_by_instruction,false,true,false,false
2994,.text,0x60000020,32018469,0x1E89025,32021541,0x1E89C25,6474472485,0x181E89C25,0F05,true,true,false,true,97481,0x1E89C20,0x1E89C32,18,5,0x5,false,true,,0,0x1E89C21,"lea rax, [rip + 0x50fc6]",0x1E89C32,function_end,covered_by_instruction,false,true,false,false
2995,.text,0x60000020,32095005,0x1E9BB1D,32098077,0x1E9C71D,6474549021,0x181E9C71D,0F05,true,true,false,true,98090,0x1E93E60,0x1EAAE55,94197,35005,0x88BD,false,true,,0,0x1E9C71C,call 0x1eacc30,0x1EAAE55,function_end,covered_by_instruction,false,true,false,false
2996,.text,0x60000020,32194378,0x1EB3F4A,32197450,0x1EB4B4A,6474648394,0x181EB4B4A,0F05,true,true,false,true,98529,0x1EB4690,0x1EDEAE1,173137,1210,0x4BA,false,true,syscall,2,,,0x1EDEAE1,function_end,instruction_start,true,false,true,true
2997,.text,0x60000020,32195005,0x1EB41BD,32198077,0x1EB4DBD,6474649021,0x181EB4DBD,0F05,true,true,false,true,98529,0x1EB4690,0x1EDEAE1,173137,1837,0x72D,false,true,syscall,2,,,0x1EDEAE1,function_end,instruction_start,true,false,true,true
2998,.text,0x60000020,32197830,0x1EB4CC6,32200902,0x1EB58C6,6474651846,0x181EB58C6,0F05,true,true,false,true,98529,0x1EB4690,0x1EDEAE1,173137,4662,0x1236,false,true,syscall,2,,,0x1EDEAE1,function_end,instruction_start,true,false,true,true
2999,.text,0x60000020,32198980,0x1EB5144,32202052,0x1EB5D44,6474652996,0x181EB5D44,0F05,true,true,false,true,98529,0x1EB4690,0x1EDEAE1,173137,5812,0x16B4,true,true,syscall,2,,,0x1EDEAE1,function_end,instruction_start,true,false,true,true
3000,.text,0x60000020,32201160,0x1EB59C8,32204232,0x1EB65C8,6474655176,0x181EB65C8,0F05,true,true,false,true,98529,0x1EB4690,0x1EDEAE1,173137,7992,0x1F38,true,true,syscall,2,,,0x1EDEAE1,function_end,instruction_start,true,false,true,true
3001,.text,0x60000020,32202101,0x1EB5D75,32205173,0x1EB6975,6474656117,0x181EB6975,0F05,true,true,false,true,98529,0x1EB4690,0x1EDEAE1,173137,8933,0x22E5,false,true,syscall,2,,,0x1EDEAE1,function_end,instruction_start,true,false,true,true
3002,.text,0x60000020,32203353,0x1EB6259,32206425,0x1EB6E59,6474657369,0x181EB6E59,0F05,true,true,false,true,98529,0x1EB4690,0x1EDEAE1,173137,10185,0x27C9,false,true,syscall,2,,,0x1EDEAE1,function_end,instruction_start,true,false,true,true
3003,.text,0x60000020,32207890,0x1EB7412,32210962,0x1EB8012,6474661906,0x181EB8012,0F05,true,true,false,true,98529,0x1EB4690,0x1EDEAE1,173137,14722,0x3982,false,true,syscall,2,,,0x1EDEAE1,function_end,instruction_start,true,false,true,true
3004,.text,0x60000020,32208817,0x1EB77B1,32211889,0x1EB83B1,6474662833,0x181EB83B1,0F05,true,true,false,true,98529,0x1EB4690,0x1EDEAE1,173137,15649,0x3D21,false,true,syscall,2,,,0x1EDEAE1,function_end,instruction_start,true,false,true,true
3005,.text,0x60000020,32211835,0x1EB837B,32214907,0x1EB8F7B,6474665851,0x181EB8F7B,0F05,true,true,false,true,98529,0x1EB4690,0x1EDEAE1,173137,18667,0x48EB,false,true,syscall,2,,,0x1EDEAE1,function_end,instruction_start,true,false,true,true
3006,.text,0x60000020,32213404,0x1EB899C,32216476,0x1EB959C,6474667420,0x181EB959C,0F05,true,true,false,true,98529,0x1EB4690,0x1EDEAE1,173137,20236,0x4F0C,true,true,syscall,2,,,0x1EDEAE1,function_end,instruction_start,true,false,true,true
3007,.text,0x60000020,32215274,0x1EB90EA,32218346,0x1EB9CEA,6474669290,0x181EB9CEA,0F05,true,true,false,true,98529,0x1EB4690,0x1EDEAE1,173137,22106,0x565A,false,true,syscall,2,,,0x1EDEAE1,function_end,instruction_start,true,false,true,true
3008,.text,0x60000020,32216496,0x1EB95B0,32219568,0x1EBA1B0,6474670512,0x181EBA1B0,0F05,true,true,false,true,98529,0x1EB4690,0x1EDEAE1,173137,23328,0x5B20,true,true,syscall,2,,,0x1EDEAE1,function_end,instruction_start,true,false,true,true
3009,.text,0x60000020,32216932,0x1EB9764,32220004,0x1EBA364,6474670948,0x181EBA364,0F05,true,true,false,true,98529,0x1EB4690,0x1EDEAE1,173137,23764,0x5CD4,true,true,syscall,2,,,0x1EDEAE1,function_end,instruction_start,true,false,true,true
3010,.text,0x60000020,32217813,0x1EB9AD5,32220885,0x1EBA6D5,6474671829,0x181EBA6D5,0F05,true,true,false,true,98529,0x1EB4690,0x1EDEAE1,173137,24645,0x6045,false,true,syscall,2,,,0x1EDEAE1,function_end,instruction_start,true,false,true,true
3011,.text,0x60000020,32219285,0x1EBA095,32222357,0x1EBAC95,6474673301,0x181EBAC95,0F05,true,true,false,true,98529,0x1EB4690,0x1EDEAE1,173137,26117,0x6605,false,true,syscall,2,,,0x1EDEAE1,function_end,instruction_start,true,false,true,true
3012,.text,0x60000020,32220159,0x1EBA3FF,32223231,0x1EBAFFF,6474674175,0x181EBAFFF,0F05,true,true,false,true,98529,0x1EB4690,0x1EDEAE1,173137,26991,0x696F,false,true,syscall,2,,,0x1EDEAE1,function_end,instruction_start,true,false,true,true
3013,.text,0x60000020,32222606,0x1EBAD8E,32225678,0x1EBB98E,6474676622,0x181EBB98E,0F05,true,true,false,true,98529,0x1EB4690,0x1EDEAE1,173137,29438,0x72FE,false,true,syscall,2,,,0x1EDEAE1,function_end,instruction_start,true,false,true,true
3014,.text,0x60000020,32222994,0x1EBAF12,32226066,0x1EBBB12,6474677010,0x181EBBB12,0F05,true,true,false,true,98529,0x1EB4690,0x1EDEAE1,173137,29826,0x7482,false,true,syscall,2,,,0x1EDEAE1,function_end,instruction_start,true,false,true,true
3015,.text,0x60000020,32225579,0x1EBB92B,32228651,0x1EBC52B,6474679595,0x181EBC52B,0F05,true,true,false,true,98529,0x1EB4690,0x1EDEAE1,173137,32411,0x7E9B,false,true,syscall,2,,,0x1EDEAE1,function_end,instruction_start,true,false,true,true
3016,.text,0x60000020,32227628,0x1EBC12C,32230700,0x1EBCD2C,6474681644,0x181EBCD2C,0F05,true,true,false,true,98529,0x1EB4690,0x1EDEAE1,173137,34460,0x869C,true,true,syscall,2,,,0x1EDEAE1,function_end,instruction_start,true,false,true,true
3017,.text,0x60000020,32228455,0x1EBC467,32231527,0x1EBD067,6474682471,0x181EBD067,0F05,true,true,false,true,98529,0x1EB4690,0x1EDEAE1,173137,35287,0x89D7,false,true,syscall,2,,,0x1EDEAE1,function_end,instruction_start,true,false,true,true
3018,.text,0x60000020,32228902,0x1EBC626,32231974,0x1EBD226,6474682918,0x181EBD226,0F05,true,true,false,true,98529,0x1EB4690,0x1EDEAE1,173137,35734,0x8B96,false,true,syscall,2,,,0x1EDEAE1,function_end,instruction_start,true,false,true,true
3019,.text,0x60000020,32229577,0x1EBC8C9,32232649,0x1EBD4C9,6474683593,0x181EBD4C9,0F05,true,true,false,true,98529,0x1EB4690,0x1EDEAE1,173137,36409,0x8E39,false,true,syscall,2,,,0x1EDEAE1,function_end,instruction_start,true,false,true,true
3020,.text,0x60000020,32230744,0x1EBCD58,32233816,0x1EBD958,6474684760,0x181EBD958,0F05,true,true,false,true,98529,0x1EB4690,0x1EDEAE1,173137,37576,0x92C8,true,true,syscall,2,,,0x1EDEAE1,function_end,instruction_start,true,false,true,true
3021,.text,0x60000020,32232857,0x1EBD599,32235929,0x1EBE199,6474686873,0x181EBE199,0F05,true,true,false,true,98529,0x1EB4690,0x1EDEAE1,173137,39689,0x9B09,false,true,syscall,2,,,0x1EDEAE1,function_end,instruction_start,true,false,true,true
3022,.text,0x60000020,32233489,0x1EBD811,32236561,0x1EBE411,6474687505,0x181EBE411,0F05,true,true,false,true,98529,0x1EB4690,0x1EDEAE1,173137,40321,0x9D81,false,true,syscall,2,,,0x1EDEAE1,function_end,instruction_start,true,false,true,true
3023,.text,0x60000020,32234997,0x1EBDDF5,32238069,0x1EBE9F5,6474689013,0x181EBE9F5,0F05,true,true,false,true,98529,0x1EB4690,0x1EDEAE1,173137,41829,0xA365,false,true,syscall,2,,,0x1EDEAE1,function_end,instruction_start,true,false,true,true
3024,.text,0x60000020,32237028,0x1EBE5E4,32240100,0x1EBF1E4,6474691044,0x181EBF1E4,0F05,true,true,false,true,98529,0x1EB4690,0x1EDEAE1,173137,43860,0xAB54,true,true,syscall,2,,,0x1EDEAE1,function_end,instruction_start,true,false,true,true
3025,.text,0x60000020,32239544,0x1EBEFB8,32242616,0x1EBFBB8,6474693560,0x181EBFBB8,0F05,true,true,false,true,98529,0x1EB4690,0x1EDEAE1,173137,46376,0xB528,true,true,syscall,2,,,0x1EDEAE1,function_end,instruction_start,true,false,true,true
3026,.text,0x60000020,32239895,0x1EBF117,32242967,0x1EBFD17,6474693911,0x181EBFD17,0F05,true,true,false,true,98529,0x1EB4690,0x1EDEAE1,173137,46727,0xB687,false,true,syscall,2,,,0x1EDEAE1,function_end,instruction_start,true,false,true,true
3027,.text,0x60000020,32244592,0x1EC0370,32247664,0x1EC0F70,6474698608,0x181EC0F70,0F05,true,true,false,true,98529,0x1EB4690,0x1EDEAE1,173137,51424,0xC8E0,true,true,syscall,2,,,0x1EDEAE1,function_end,instruction_start,true,false,true,true
3028,.text,0x60000020,32245029,0x1EC0525,32248101,0x1EC1125,6474699045,0x181EC1125,0F05,true,true,false,true,98529,0x1EB4690,0x1EDEAE1,173137,51861,0xCA95,false,true,syscall,2,,,0x1EDEAE1,function_end,instruction_start,true,false,true,true
3029,.text,0x60000020,32247636,0x1EC0F54,32250708,0x1EC1B54,6474701652,0x181EC1B54,0F05,true,true,false,true,98529,0x1EB4690,0x1EDEAE1,173137,54468,0xD4C4,true,true,syscall,2,,,0x1EDEAE1,function_end,instruction_start,true,false,true,true
3030,.text,0x60000020,32248301,0x1EC11ED,32251373,0x1EC1DED,6474702317,0x181EC1DED,0F05,true,true,false,true,98529,0x1EB4690,0x1EDEAE1,173137,55133,0xD75D,false,true,syscall,2,,,0x1EDEAE1,function_end,instruction_start,true,false,true,true
3031,.text,0x60000020,32249414,0x1EC1646,32252486,0x1EC2246,6474703430,0x181EC2246,0F05,true,true,false,true,98529,0x1EB4690,0x1EDEAE1,173137,56246,0xDBB6,false,true,syscall,2,,,0x1EDEAE1,function_end,instruction_start,true,false,true,true
3032,.text,0x60000020,32250697,0x1EC1B49,32253769,0x1EC2749,6474704713,0x181EC2749,0F05,true,true,false,true,98529,0x1EB4690,0x1EDEAE1,173137,57529,0xE0B9,false,true,syscall,2,,,0x1EDEAE1,function_end,instruction_start,true,false,true,true
3033,.text,0x60000020,32251905,0x1EC2001,32254977,0x1EC2C01,6474705921,0x181EC2C01,0F05,true,true,false,true,98529,0x1EB4690,0x1EDEAE1,173137,58737,0xE571,false,true,syscall,2,,,0x1EDEAE1,function_end,instruction_start,true,false,true,true
3034,.text,0x60000020,32252984,0x1EC2438,32256056,0x1EC3038,6474707000,0x181EC3038,0F05,true,true,false,true,98529,0x1EB4690,0x1EDEAE1,173137,59816,0xE9A8,true,true,syscall,2,,,0x1EDEAE1,function_end,instruction_start,true,false,true,true
3035,.text,0x60000020,32254634,0x1EC2AAA,32257706,0x1EC36AA,6474708650,0x181EC36AA,0F05,true,true,false,true,98529,0x1EB4690,0x1EDEAE1,173137,61466,0xF01A,false,true,syscall,2,,,0x1EDEAE1,function_end,instruction_start,true,false,true,true
3036,.text,0x60000020,32255629,0x1EC2E8D,32258701,0x1EC3A8D,6474709645,0x181EC3A8D,0F05,true,true,false,true,98529,0x1EB4690,0x1EDEAE1,173137,62461,0xF3FD,false,true,syscall,2,,,0x1EDEAE1,function_end,instruction_start,true,false,true,true
3037,.text,0x60000020,32256757,0x1EC32F5,32259829,0x1EC3EF5,6474710773,0x181EC3EF5,0F05,true,true,false,true,98529,0x1EB4690,0x1EDEAE1,173137,63589,0xF865,false,true,syscall,2,,,0x1EDEAE1,function_end,instruction_start,true,false,true,true
3038,.text,0x60000020,32257129,0x1EC3469,32260201,0x1EC4069,6474711145,0x181EC4069,0F05,true,true,false,true,98529,0x1EB4690,0x1EDEAE1,173137,63961,0xF9D9,false,true,syscall,2,,,0x1EDEAE1,function_end,instruction_start,true,false,true,true
3039,.text,0x60000020,32258224,0x1EC38B0,32261296,0x1EC44B0,6474712240,0x181EC44B0,0F05,true,true,false,true,98529,0x1EB4690,0x1EDEAE1,173137,65056,0xFE20,true,true,syscall,2,,,0x1EDEAE1,function_end,instruction_start,true,false,true,true
3040,.text,0x60000020,32260660,0x1EC4234,32263732,0x1EC4E34,6474714676,0x181EC4E34,0F05,true,true,false,true,98529,0x1EB4690,0x1EDEAE1,173137,67492,0x107A4,true,true,syscall,2,,,0x1EDEAE1,function_end,instruction_start,true,false,true,true
3041,.text,0x60000020,32262680,0x1EC4A18,32265752,0x1EC5618,6474716696,0x181EC5618,0F05,true,true,false,true,98529,0x1EB4690,0x1EDEAE1,173137,69512,0x10F88,true,true,syscall,2,,,0x1EDEAE1,function_end,instruction_start,true,false,true,true
3042,.text,0x60000020,32268675,0x1EC6183,32271747,0x1EC6D83,6474722691,0x181EC6D83,0F05,true,true,false,true,98529,0x1EB4690,0x1EDEAE1,173137,75507,0x126F3,false,true,syscall,2,,,0x1EDEAE1,function_end,instruction_start,true,false,true,true
3043,.text,0x60000020,32269429,0x1EC6475,32272501,0x1EC7075,6474723445,0x181EC7075,0F05,true,true,false,true,98529,0x1EB4690,0x1EDEAE1,173137,76261,0x129E5,false,true,syscall,2,,,0x1EDEAE1,function_end,instruction_start,true,false,true,true
3044,.text,0x60000020,32271899,0x1EC6E1B,32274971,0x1EC7A1B,6474725915,0x181EC7A1B,0F05,true,true,false,true,98529,0x1EB4690,0x1EDEAE1,173137,78731,0x1338B,false,true,syscall,2,,,0x1EDEAE1,function_end,instruction_start,true,false,true,true
3045,.text,0x60000020,32273260,0x1EC736C,32276332,0x1EC7F6C,6474727276,0x181EC7F6C,0F05,true,true,false,true,98529,0x1EB4690,0x1EDEAE1,173137,80092,0x138DC,true,true,syscall,2,,,0x1EDEAE1,function_end,instruction_start,true,false,true,true
3046,.text,0x60000020,32273765,0x1EC7565,32276837,0x1EC8165,6474727781,0x181EC8165,0F05,true,true,false,true,98529,0x1EB4690,0x1EDEAE1,173137,80597,0x13AD5,false,true,syscall,2,,,0x1EDEAE1,function_end,instruction_start,true,false,true,true
3047,.text,0x60000020,32275525,0x1EC7C45,32278597,0x1EC8845,6474729541,0x181EC8845,0F05,true,true,false,true,98529,0x1EB4690,0x1EDEAE1,173137,82357,0x141B5,false,true,syscall,2,,,0x1EDEAE1,function_end,instruction_start,true,false,true,true
3048,.text,0x60000020,32277574,0x1EC8446,32280646,0x1EC9046,6474731590,0x181EC9046,0F05,true,true,false,true,98529,0x1EB4690,0x1EDEAE1,173137,84406,0x149B6,false,true,syscall,2,,,0x1EDEAE1,function_end,instruction_start,true,false,true,true
3049,.text,0x60000020,32278463,0x1EC87BF,32281535,0x1EC93BF,6474732479,0x181EC93BF,0F05,true,true,false,true,98529,0x1EB4690,0x1EDEAE1,173137,85295,0x14D2F,false,true,syscall,2,,,0x1EDEAE1,function_end,instruction_start,true,false,true,true
3050,.text,0x60000020,32279402,0x1EC8B6A,32282474,0x1EC976A,6474733418,0x181EC976A,0F05,true,true,false,true,98529,0x1EB4690,0x1EDEAE1,173137,86234,0x150DA,false,true,syscall,2,,,0x1EDEAE1,function_end,instruction_start,true,false,true,true
3051,.text,0x60000020,32281028,0x1EC91C4,32284100,0x1EC9DC4,6474735044,0x181EC9DC4,0F05,true,true,false,true,98529,0x1EB4690,0x1EDEAE1,173137,87860,0x15734,true,true,syscall,2,,,0x1EDEAE1,function_end,instruction_start,true,false,true,true
3052,.text,0x60000020,32281565,0x1EC93DD,32284637,0x1EC9FDD,6474735581,0x181EC9FDD,0F05,true,true,false,true,98529,0x1EB4690,0x1EDEAE1,173137,88397,0x1594D,false,true,syscall,2,,,0x1EDEAE1,function_end,instruction_start,true,false,true,true
3053,.text,0x60000020,32282397,0x1EC971D,32285469,0x1ECA31D,6474736413,0x181ECA31D,0F05,true,true,false,true,98529,0x1EB4690,0x1EDEAE1,173137,89229,0x15C8D,false,true,syscall,2,,,0x1EDEAE1,function_end,instruction_start,true,false,true,true
3054,.text,0x60000020,32282825,0x1EC98C9,32285897,0x1ECA4C9,6474736841,0x181ECA4C9,0F05,true,true,false,true,98529,0x1EB4690,0x1EDEAE1,173137,89657,0x15E39,false,true,syscall,2,,,0x1EDEAE1,function_end,instruction_start,true,false,true,true
3055,.text,0x60000020,32290740,0x1ECB7B4,32293812,0x1ECC3B4,6474744756,0x181ECC3B4,0F05,true,true,false,true,98529,0x1EB4690,0x1EDEAE1,173137,97572,0x17D24,true,true,syscall,2,,,0x1EDEAE1,function_end,instruction_start,true,false,true,true
3056,.text,0x60000020,32292903,0x1ECC027,32295975,0x1ECCC27,6474746919,0x181ECCC27,0F05,true,true,false,true,98529,0x1EB4690,0x1EDEAE1,173137,99735,0x18597,false,true,syscall,2,,,0x1EDEAE1,function_end,instruction_start,true,false,true,true
3057,.text,0x60000020,32293621,0x1ECC2F5,32296693,0x1ECCEF5,6474747637,0x181ECCEF5,0F05,true,true,false,true,98529,0x1EB4690,0x1EDEAE1,173137,100453,0x18865,false,true,syscall,2,,,0x1EDEAE1,function_end,instruction_start,true,false,true,true
3058,.text,0x60000020,32296847,0x1ECCF8F,32299919,0x1ECDB8F,6474750863,0x181ECDB8F,0F05,true,true,false,true,98529,0x1EB4690,0x1EDEAE1,173137,103679,0x194FF,false,true,syscall,2,,,0x1EDEAE1,function_end,instruction_start,true,false,true,true
3059,.text,0x60000020,32305988,0x1ECF344,32309060,0x1ECFF44,6474760004,0x181ECFF44,0F05,true,true,false,true,98529,0x1EB4690,0x1EDEAE1,173137,112820,0x1B8B4,true,true,syscall,2,,,0x1EDEAE1,function_end,instruction_start,true,false,true,true
3060,.text,0x60000020,32307625,0x1ECF9A9,32310697,0x1ED05A9,6474761641,0x181ED05A9,0F05,true,true,false,true,98529,0x1EB4690,0x1EDEAE1,173137,114457,0x1BF19,false,true,syscall,2,,,0x1EDEAE1,function_end,instruction_start,true,false,true,true
3061,.text,0x60000020,32311761,0x1ED09D1,32314833,0x1ED15D1,6474765777,0x181ED15D1,0F05,true,true,false,true,98529,0x1EB4690,0x1EDEAE1,173137,118593,0x1CF41,false,true,syscall,2,,,0x1EDEAE1,function_end,instruction_start,true,false,true,true
3062,.text,0x60000020,32312888,0x1ED0E38,32315960,0x1ED1A38,6474766904,0x181ED1A38,0F05,true,true,false,true,98529,0x1EB4690,0x1EDEAE1,173137,119720,0x1D3A8,true,true,syscall,2,,,0x1EDEAE1,function_end,instruction_start,true,false,true,true
3063,.text,0x60000020,32313265,0x1ED0FB1,32316337,0x1ED1BB1,6474767281,0x181ED1BB1,0F05,true,true,false,true,98529,0x1EB4690,0x1EDEAE1,173137,120097,0x1D521,false,true,syscall,2,,,0x1EDEAE1,function_end,instruction_start,true,false,true,true
3064,.text,0x60000020,32320608,0x1ED2C60,32323680,0x1ED3860,6474774624,0x181ED3860,0F05,true,true,false,true,98529,0x1EB4690,0x1EDEAE1,173137,127440,0x1F1D0,true,true,syscall,2,,,0x1EDEAE1,function_end,instruction_start,true,false,true,true
3065,.text,0x60000020,32321126,0x1ED2E66,32324198,0x1ED3A66,6474775142,0x181ED3A66,0F05,true,true,false,true,98529,0x1EB4690,0x1EDEAE1,173137,127958,0x1F3D6,false,true,syscall,2,,,0x1EDEAE1,function_end,instruction_start,true,false,true,true
3066,.text,0x60000020,32323927,0x1ED3957,32326999,0x1ED4557,6474777943,0x181ED4557,0F05,true,true,false,true,98529,0x1EB4690,0x1EDEAE1,173137,130759,0x1FEC7,false,true,syscall,2,,,0x1EDEAE1,function_end,instruction_start,true,false,true,true
3067,.text,0x60000020,32326940,0x1ED451C,32330012,0x1ED511C,6474780956,0x181ED511C,0F05,true,true,false,true,98529,0x1EB4690,0x1EDEAE1,173137,133772,0x20A8C,true,true,syscall,2,,,0x1EDEAE1,function_end,instruction_start,true,false,true,true
3068,.text,0x60000020,32328413,0x1ED4ADD,32331485,0x1ED56DD,6474782429,0x181ED56DD,0F05,true,true,false,true,98529,0x1EB4690,0x1EDEAE1,173137,135245,0x2104D,false,true,syscall,2,,,0x1EDEAE1,function_end,instruction_start,true,false,true,true
3069,.text,0x60000020,32329548,0x1ED4F4C,32332620,0x1ED5B4C,6474783564,0x181ED5B4C,0F05,true,true,false,true,98529,0x1EB4690,0x1EDEAE1,173137,136380,0x214BC,true,true,syscall,2,,,0x1EDEAE1,function_end,instruction_start,true,false,true,true
3070,.text,0x60000020,32330723,0x1ED53E3,32333795,0x1ED5FE3,6474784739,0x181ED5FE3,0F05,true,true,false,true,98529,0x1EB4690,0x1EDEAE1,173137,137555,0x21953,false,true,syscall,2,,,0x1EDEAE1,function_end,instruction_start,true,false,true,true
3071,.text,0x60000020,32331348,0x1ED5654,32334420,0x1ED6254,6474785364,0x181ED6254,0F05,true,true,false,true,98529,0x1EB4690,0x1EDEAE1,173137,138180,0x21BC4,true,true,syscall,2,,,0x1EDEAE1,function_end,instruction_start,true,false,true,true
3072,.text,0x60000020,32332904,0x1ED5C68,32335976,0x1ED6868,6474786920,0x181ED6868,0F05,true,true,false,true,98529,0x1EB4690,0x1EDEAE1,173137,139736,0x221D8,true,true,syscall,2,,,0x1EDEAE1,function_end,instruction_start,true,false,true,true
3073,.text,0x60000020,32334163,0x1ED6153,32337235,0x1ED6D53,6474788179,0x181ED6D53,0F05,true,true,false,true,98529,0x1EB4690,0x1EDEAE1,173137,140995,0x226C3,false,true,syscall,2,,,0x1EDEAE1,function_end,instruction_start,true,false,true,true
3074,.text,0x60000020,32334949,0x1ED6465,32338021,0x1ED7065,6474788965,0x181ED7065,0F05,true,true,false,true,98529,0x1EB4690,0x1EDEAE1,173137,141781,0x229D5,false,true,syscall,2,,,0x1EDEAE1,function_end,instruction_start,true,false,true,true
3075,.text,0x60000020,32335733,0x1ED6775,32338805,0x1ED7375,6474789749,0x181ED7375,0F05,true,true,false,true,98529,0x1EB4690,0x1EDEAE1,173137,142565,0x22CE5,false,true,syscall,2,,,0x1EDEAE1,function_end,instruction_start,true,false,true,true
3076,.text,0x60000020,32337947,0x1ED701B,32341019,0x1ED7C1B,6474791963,0x181ED7C1B,0F05,true,true,false,true,98529,0x1EB4690,0x1EDEAE1,173137,144779,0x2358B,false,true,syscall,2,,,0x1EDEAE1,function_end,instruction_start,true,false,true,true
3077,.text,0x60000020,32340268,0x1ED792C,32343340,0x1ED852C,6474794284,0x181ED852C,0F05,true,true,false,true,98529,0x1EB4690,0x1EDEAE1,173137,147100,0x23E9C,true,true,syscall,2,,,0x1EDEAE1,function_end,instruction_start,true,false,true,true
3078,.text,0x60000020,32342017,0x1ED8001,32345089,0x1ED8C01,6474796033,0x181ED8C01,0F05,true,true,false,true,98529,0x1EB4690,0x1EDEAE1,173137,148849,0x24571,false,true,syscall,2,,,0x1EDEAE1,function_end,instruction_start,true,false,true,true
3079,.text,0x60000020,32343850,0x1ED872A,32346922,0x1ED932A,6474797866,0x181ED932A,0F05,true,true,false,true,98529,0x1EB4690,0x1EDEAE1,173137,150682,0x24C9A,false,true,syscall,2,,,0x1EDEAE1,function_end,instruction_start,true,false,true,true
3080,.text,0x60000020,32344294,0x1ED88E6,32347366,0x1ED94E6,6474798310,0x181ED94E6,0F05,true,true,false,true,98529,0x1EB4690,0x1EDEAE1,173137,151126,0x24E56,false,true,syscall,2,,,0x1EDEAE1,function_end,instruction_start,true,false,true,true
3081,.text,0x60000020,32345148,0x1ED8C3C,32348220,0x1ED983C,6474799164,0x181ED983C,0F05,true,true,false,true,98529,0x1EB4690,0x1EDEAE1,173137,151980,0x251AC,true,true,syscall,2,,,0x1EDEAE1,function_end,instruction_start,true,false,true,true
3082,.text,0x60000020,32350733,0x1EDA20D,32353805,0x1EDAE0D,6474804749,0x181EDAE0D,0F05,true,true,false,true,98529,0x1EB4690,0x1EDEAE1,173137,157565,0x2677D,false,true,syscall,2,,,0x1EDEAE1,function_end,instruction_start,true,false,true,true
3083,.text,0x60000020,32353231,0x1EDABCF,32356303,0x1EDB7CF,6474807247,0x181EDB7CF,0F05,true,true,false,true,98529,0x1EB4690,0x1EDEAE1,173137,160063,0x2713F,false,true,syscall,2,,,0x1EDEAE1,function_end,instruction_start,true,false,true,true
3084,.text,0x60000020,32353853,0x1EDAE3D,32356925,0x1EDBA3D,6474807869,0x181EDBA3D,0F05,true,true,false,true,98529,0x1EB4690,0x1EDEAE1,173137,160685,0x273AD,false,true,syscall,2,,,0x1EDEAE1,function_end,instruction_start,true,false,true,true
3085,.text,0x60000020,32355773,0x1EDB5BD,32358845,0x1EDC1BD,6474809789,0x181EDC1BD,0F05,true,true,false,true,98529,0x1EB4690,0x1EDEAE1,173137,162605,0x27B2D,false,true,syscall,2,,,0x1EDEAE1,function_end,instruction_start,true,false,true,true
3086,.text,0x60000020,32356159,0x1EDB73F,32359231,0x1EDC33F,6474810175,0x181EDC33F,0F05,true,true,false,true,98529,0x1EB4690,0x1EDEAE1,173137,162991,0x27CAF,false,true,syscall,2,,,0x1EDEAE1,function_end,instruction_start,true,false,true,true
3087,.text,0x60000020,32356834,0x1EDB9E2,32359906,0x1EDC5E2,6474810850,0x181EDC5E2,0F05,true,true,false,true,98529,0x1EB4690,0x1EDEAE1,173137,163666,0x27F52,false,true,syscall,2,,,0x1EDEAE1,function_end,instruction_start,true,false,true,true
3088,.text,0x60000020,32358142,0x1EDBEFE,32361214,0x1EDCAFE,6474812158,0x181EDCAFE,0F05,true,true,false,true,98529,0x1EB4690,0x1EDEAE1,173137,164974,0x2846E,false,true,syscall,2,,,0x1EDEAE1,function_end,instruction_start,true,false,true,true
3089,.text,0x60000020,32359559,0x1EDC487,32362631,0x1EDD087,6474813575,0x181EDD087,0F05,true,true,false,true,98529,0x1EB4690,0x1EDEAE1,173137,166391,0x289F7,false,true,syscall,2,,,0x1EDEAE1,function_end,instruction_start,true,false,true,true
3090,.text,0x60000020,32361950,0x1EDCDDE,32365022,0x1EDD9DE,6474815966,0x181EDD9DE,0F05,true,true,false,true,98529,0x1EB4690,0x1EDEAE1,173137,168782,0x2934E,false,true,syscall,2,,,0x1EDEAE1,function_end,instruction_start,true,false,true,true
3091,.text,0x60000020,32362747,0x1EDD0FB,32365819,0x1EDDCFB,6474816763,0x181EDDCFB,0F05,true,true,false,true,98529,0x1EB4690,0x1EDEAE1,173137,169579,0x2966B,false,true,syscall,2,,,0x1EDEAE1,function_end,instruction_start,true,false,true,true
3092,.text,0x60000020,32418837,0x1EEAC15,32421909,0x1EEB815,6474872853,0x181EEB815,0F05,true,true,false,true,99396,0x1EEB810,0x1EEB822,18,5,0x5,false,true,,0,0x1EEB811,"lea rax, [rip + 0x50f6d]",0x1EEB822,function_end,covered_by_instruction,false,true,false,false
3093,.text,0x60000020,32449816,0x1EF2518,32452888,0x1EF3118,6474903832,0x181EF3118,0F05,true,true,false,true,99752,0x1EF2CA0,0x1EF85A0,22784,1144,0x478,true,true,syscall,2,,,0x1EF85A0,function_end,instruction_start,true,false,true,true
3094,.text,0x60000020,32450555,0x1EF27FB,32453627,0x1EF33FB,6474904571,0x181EF33FB,0F05,true,true,false,true,99752,0x1EF2CA0,0x1EF85A0,22784,1883,0x75B,false,true,syscall,2,,,0x1EF85A0,function_end,instruction_start,true,false,true,true
3095,.text,0x60000020,32451508,0x1EF2BB4,32454580,0x1EF37B4,6474905524,0x181EF37B4,0F05,true,true,false,true,99752,0x1EF2CA0,0x1EF85A0,22784,2836,0xB14,true,true,syscall,2,,,0x1EF85A0,function_end,instruction_start,true,false,true,true
3096,.text,0x60000020,32452444,0x1EF2F5C,32455516,0x1EF3B5C,6474906460,0x181EF3B5C,0F05,true,true,false,true,99752,0x1EF2CA0,0x1EF85A0,22784,3772,0xEBC,true,true,syscall,2,,,0x1EF85A0,function_end,instruction_start,true,false,true,true
3097,.text,0x60000020,32453063,0x1EF31C7,32456135,0x1EF3DC7,6474907079,0x181EF3DC7,0F05,true,true,false,true,99752,0x1EF2CA0,0x1EF85A0,22784,4391,0x1127,false,true,syscall,2,,,0x1EF85A0,function_end,instruction_start,true,false,true,true
3098,.text,0x60000020,32454827,0x1EF38AB,32457899,0x1EF44AB,6474908843,0x181EF44AB,0F05,true,true,false,true,99752,0x1EF2CA0,0x1EF85A0,22784,6155,0x180B,false,true,syscall,2,,,0x1EF85A0,function_end,instruction_start,true,false,true,true
3099,.text,0x60000020,32455336,0x1EF3AA8,32458408,0x1EF46A8,6474909352,0x181EF46A8,0F05,true,true,false,true,99752,0x1EF2CA0,0x1EF85A0,22784,6664,0x1A08,true,true,syscall,2,,,0x1EF85A0,function_end,instruction_start,true,false,true,true
3100,.text,0x60000020,32455979,0x1EF3D2B,32459051,0x1EF492B,6474909995,0x181EF492B,0F05,true,true,false,true,99752,0x1EF2CA0,0x1EF85A0,22784,7307,0x1C8B,false,true,syscall,2,,,0x1EF85A0,function_end,instruction_start,true,false,true,true
3101,.text,0x60000020,32458627,0x1EF4783,32461699,0x1EF5383,6474912643,0x181EF5383,0F05,true,true,false,true,99752,0x1EF2CA0,0x1EF85A0,22784,9955,0x26E3,false,true,syscall,2,,,0x1EF85A0,function_end,instruction_start,true,false,true,true
3102,.text,0x60000020,32459683,0x1EF4BA3,32462755,0x1EF57A3,6474913699,0x181EF57A3,0F05,true,true,false,true,99752,0x1EF2CA0,0x1EF85A0,22784,11011,0x2B03,false,true,syscall,2,,,0x1EF85A0,function_end,instruction_start,true,false,true,true
3103,.text,0x60000020,32460693,0x1EF4F95,32463765,0x1EF5B95,6474914709,0x181EF5B95,0F05,true,true,false,true,99752,0x1EF2CA0,0x1EF85A0,22784,12021,0x2EF5,false,true,syscall,2,,,0x1EF85A0,function_end,instruction_start,true,false,true,true
3104,.text,0x60000020,32461795,0x1EF53E3,32464867,0x1EF5FE3,6474915811,0x181EF5FE3,0F05,true,true,false,true,99752,0x1EF2CA0,0x1EF85A0,22784,13123,0x3343,false,true,syscall,2,,,0x1EF85A0,function_end,instruction_start,true,false,true,true
3105,.text,0x60000020,32464591,0x1EF5ECF,32467663,0x1EF6ACF,6474918607,0x181EF6ACF,0F05,true,true,false,true,99752,0x1EF2CA0,0x1EF85A0,22784,15919,0x3E2F,false,true,syscall,2,,,0x1EF85A0,function_end,instruction_start,true,false,true,true
3106,.text,0x60000020,32469253,0x1EF7105,32472325,0x1EF7D05,6474923269,0x181EF7D05,0F05,true,true,false,true,99752,0x1EF2CA0,0x1EF85A0,22784,20581,0x5065,false,true,syscall,2,,,0x1EF85A0,function_end,instruction_start,true,false,true,true
3107,.text,0x60000020,32469775,0x1EF730F,32472847,0x1EF7F0F,6474923791,0x181EF7F0F,0F05,true,true,false,true,99752,0x1EF2CA0,0x1EF85A0,22784,21103,0x526F,false,true,syscall,2,,,0x1EF85A0,function_end,instruction_start,true,false,true,true
3108,.text,0x60000020,32470340,0x1EF7544,32473412,0x1EF8144,6474924356,0x181EF8144,0F05,true,true,false,true,99752,0x1EF2CA0,0x1EF85A0,22784,21668,0x54A4,true,true,syscall,2,,,0x1EF85A0,function_end,instruction_start,true,false,true,true
3109,.text,0x60000020,32472438,0x1EF7D76,32475510,0x1EF8976,6474926454,0x181EF8976,0F05,true,true,false,true,99754,0x1EF85C0,0x1EFB10D,11085,950,0x3B6,false,true,syscall,2,,,0x1EFB10D,function_end,instruction_start,true,false,true,true
3110,.text,0x60000020,32473594,0x1EF81FA,32476666,0x1EF8DFA,6474927610,0x181EF8DFA,0F05,true,true,false,true,99754,0x1EF85C0,0x1EFB10D,11085,2106,0x83A,false,true,syscall,2,,,0x1EFB10D,function_end,instruction_start,true,false,true,true
3111,.text,0x60000020,32476641,0x1EF8DE1,32479713,0x1EF99E1,6474930657,0x181EF99E1,0F05,true,true,false,true,99754,0x1EF85C0,0x1EFB10D,11085,5153,0x1421,false,true,syscall,2,,,0x1EFB10D,function_end,instruction_start,true,false,true,true
3112,.text,0x60000020,32477903,0x1EF92CF,32480975,0x1EF9ECF,6474931919,0x181EF9ECF,0F05,true,true,false,true,99754,0x1EF85C0,0x1EFB10D,11085,6415,0x190F,false,true,syscall,2,,,0x1EFB10D,function_end,instruction_start,true,false,true,true
3113,.text,0x60000020,32478939,0x1EF96DB,32482011,0x1EFA2DB,6474932955,0x181EFA2DB,0F05,true,true,false,true,99754,0x1EF85C0,0x1EFB10D,11085,7451,0x1D1B,false,true,syscall,2,,,0x1EFB10D,function_end,instruction_start,true,false,true,true
3114,.text,0x60000020,32480633,0x1EF9D79,32483705,0x1EFA979,6474934649,0x181EFA979,0F05,true,true,false,true,99754,0x1EF85C0,0x1EFB10D,11085,9145,0x23B9,false,true,syscall,2,,,0x1EFB10D,function_end,instruction_start,true,false,true,true
3115,.text,0x60000020,32482024,0x1EFA2E8,32485096,0x1EFAEE8,6474936040,0x181EFAEE8,0F05,true,true,false,true,99754,0x1EF85C0,0x1EFB10D,11085,10536,0x2928,true,true,syscall,2,,,0x1EFB10D,function_end,instruction_start,true,false,true,true
3116,.text,0x60000020,32482476,0x1EFA4AC,32485548,0x1EFB0AC,6474936492,0x181EFB0AC,0F05,true,true,false,true,99754,0x1EF85C0,0x1EFB10D,11085,10988,0x2AEC,true,true,syscall,2,,,0x1EFB10D,function_end,instruction_start,true,false,true,true
3117,.text,0x60000020,32588205,0x1F141AD,32591277,0x1F14DAD,6475042221,0x181F14DAD,0F05,true,true,false,true,99969,0x1F14870,0x1F173C3,11091,1341,0x53D,false,true,syscall,2,,,0x1F173C3,function_end,instruction_start,true,false,true,true
3118,.text,0x60000020,32589188,0x1F14584,32592260,0x1F15184,6475043204,0x181F15184,0F05,true,true,false,true,99969,0x1F14870,0x1F173C3,11091,2324,0x914,true,true,syscall,2,,,0x1F173C3,function_end,instruction_start,true,false,true,true
3119,.text,0x60000020,32589897,0x1F14849,32592969,0x1F15449,6475043913,0x181F15449,0F05,true,true,false,true,99969,0x1F14870,0x1F173C3,11091,3033,0xBD9,false,true,syscall,2,,,0x1F173C3,function_end,instruction_start,true,false,true,true
3120,.text,0x60000020,32590941,0x1F14C5D,32594013,0x1F1585D,6475044957,0x181F1585D,0F05,true,true,false,true,99969,0x1F14870,0x1F173C3,11091,4077,0xFED,false,true,syscall,2,,,0x1F173C3,function_end,instruction_start,true,false,true,true
3121,.text,0x60000020,32592438,0x1F15236,32595510,0x1F15E36,6475046454,0x181F15E36,0F05,true,true,false,true,99969,0x1F14870,0x1F173C3,11091,5574,0x15C6,false,true,syscall,2,,,0x1F173C3,function_end,instruction_start,true,false,true,true
3122,.text,0x60000020,32593796,0x1F15784,32596868,0x1F16384,6475047812,0x181F16384,0F05,true,true,false,true,99969,0x1F14870,0x1F173C3,11091,6932,0x1B14,true,true,syscall,2,,,0x1F173C3,function_end,instruction_start,true,false,true,true
3123,.text,0x60000020,32594293,0x1F15975,32597365,0x1F16575,6475048309,0x181F16575,0F05,true,true,false,true,99969,0x1F14870,0x1F173C3,11091,7429,0x1D05,false,true,syscall,2,,,0x1F173C3,function_end,instruction_start,true,false,true,true
3124,.text,0x60000020,32597570,0x1F16642,32600642,0x1F17242,6475051586,0x181F17242,0F05,true,true,false,true,99969,0x1F14870,0x1F173C3,11091,10706,0x29D2,false,true,syscall,2,,,0x1F173C3,function_end,instruction_start,true,false,true,true
3125,.text,0x60000020,32602270,0x1F1789E,32605342,0x1F1849E,6475056286,0x181F1849E,0F05,true,true,false,true,99972,0x1F18130,0x1F1B21B,12523,878,0x36E,false,true,syscall,2,,,0x1F1B21B,function_end,instruction_start,true,false,true,true
3126,.text,0x60000020,32602859,0x1F17AEB,32605931,0x1F186EB,6475056875,0x181F186EB,0F05,true,true,false,true,99972,0x1F18130,0x1F1B21B,12523,1467,0x5BB,false,true,syscall,2,,,0x1F1B21B,function_end,instruction_start,true,false,true,true
3127,.text,0x60000020,32604851,0x1F182B3,32607923,0x1F18EB3,6475058867,0x181F18EB3,0F05,true,true,false,true,99972,0x1F18130,0x1F1B21B,12523,3459,0xD83,false,true,syscall,2,,,0x1F1B21B,function_end,instruction_start,true,false,true,true
3128,.text,0x60000020,32605796,0x1F18664,32608868,0x1F19264,6475059812,0x181F19264,0F05,true,true,false,true,99972,0x1F18130,0x1F1B21B,12523,4404,0x1134,true,true,syscall,2,,,0x1F1B21B,function_end,instruction_start,true,false,true,true
3129,.text,0x60000020,32606955,0x1F18AEB,32610027,0x1F196EB,6475060971,0x181F196EB,0F05,true,true,false,true,99972,0x1F18130,0x1F1B21B,12523,5563,0x15BB,false,true,syscall,2,,,0x1F1B21B,function_end,instruction_start,true,false,true,true
3130,.text,0x60000020,32607393,0x1F18CA1,32610465,0x1F198A1,6475061409,0x181F198A1,0F05,true,true,false,true,99972,0x1F18130,0x1F1B21B,12523,6001,0x1771,false,true,syscall,2,,,0x1F1B21B,function_end,instruction_start,true,false,true,true
3131,.text,0x60000020,32611534,0x1F19CCE,32614606,0x1F1A8CE,6475065550,0x181F1A8CE,0F05,true,true,false,true,99972,0x1F18130,0x1F1B21B,12523,10142,0x279E,false,true,syscall,2,,,0x1F1B21B,function_end,instruction_start,true,false,true,true
3132,.text,0x60000020,32613789,0x1F1A59D,32616861,0x1F1B19D,6475067805,0x181F1B19D,0F05,true,true,false,true,99972,0x1F18130,0x1F1B21B,12523,12397,0x306D,false,true,syscall,2,,,0x1F1B21B,function_end,instruction_start,true,false,true,true
3133,.text,0x60000020,32792261,0x1F45EC5,32795333,0x1F46AC5,6475246277,0x181F46AC5,0F05,true,true,false,false,,,,,,,false,false,,0,,,,no_pdata_function,no_pdata_function,false,true,false,false
3134,.text,0x60000020,32841776,0x1F52030,32844848,0x1F52C30,6475295792,0x181F52C30,0F05,true,true,false,true,101139,0x1F52720,0x1F7A706,163814,1296,0x510,true,true,syscall,2,,,0x1F7A706,function_end,instruction_start,true,false,true,true
3135,.text,0x60000020,32842345,0x1F52269,32845417,0x1F52E69,6475296361,0x181F52E69,0F05,true,true,false,true,101139,0x1F52720,0x1F7A706,163814,1865,0x749,false,true,syscall,2,,,0x1F7A706,function_end,instruction_start,true,false,true,true
3136,.text,0x60000020,32843277,0x1F5260D,32846349,0x1F5320D,6475297293,0x181F5320D,0F05,true,true,false,true,101139,0x1F52720,0x1F7A706,163814,2797,0xAED,false,true,syscall,2,,,0x1F7A706,function_end,instruction_start,true,false,true,true
3137,.text,0x60000020,32844599,0x1F52B37,32847671,0x1F53737,6475298615,0x181F53737,0F05,true,true,false,true,101139,0x1F52720,0x1F7A706,163814,4119,0x1017,false,true,syscall,2,,,0x1F7A706,function_end,instruction_start,true,false,true,true
3138,.text,0x60000020,32845187,0x1F52D83,32848259,0x1F53983,6475299203,0x181F53983,0F05,true,true,false,true,101139,0x1F52720,0x1F7A706,163814,4707,0x1263,false,true,syscall,2,,,0x1F7A706,function_end,instruction_start,true,false,true,true
3139,.text,0x60000020,32846814,0x1F533DE,32849886,0x1F53FDE,6475300830,0x181F53FDE,0F05,true,true,false,true,101139,0x1F52720,0x1F7A706,163814,6334,0x18BE,false,true,syscall,2,,,0x1F7A706,function_end,instruction_start,true,false,true,true
3140,.text,0x60000020,32848309,0x1F539B5,32851381,0x1F545B5,6475302325,0x181F545B5,0F05,true,true,false,true,101139,0x1F52720,0x1F7A706,163814,7829,0x1E95,false,true,syscall,2,,,0x1F7A706,function_end,instruction_start,true,false,true,true
3141,.text,0x60000020,32848744,0x1F53B68,32851816,0x1F54768,6475302760,0x181F54768,0F05,true,true,false,true,101139,0x1F52720,0x1F7A706,163814,8264,0x2048,true,true,syscall,2,,,0x1F7A706,function_end,instruction_start,true,false,true,true
3142,.text,0x60000020,32849344,0x1F53DC0,32852416,0x1F549C0,6475303360,0x181F549C0,0F05,true,true,false,true,101139,0x1F52720,0x1F7A706,163814,8864,0x22A0,true,true,syscall,2,,,0x1F7A706,function_end,instruction_start,true,false,true,true
3143,.text,0x60000020,32849763,0x1F53F63,32852835,0x1F54B63,6475303779,0x181F54B63,0F05,true,true,false,true,101139,0x1F52720,0x1F7A706,163814,9283,0x2443,false,true,syscall,2,,,0x1F7A706,function_end,instruction_start,true,false,true,true
3144,.text,0x60000020,32850177,0x1F54101,32853249,0x1F54D01,6475304193,0x181F54D01,0F05,true,true,false,true,101139,0x1F52720,0x1F7A706,163814,9697,0x25E1,false,true,syscall,2,,,0x1F7A706,function_end,instruction_start,true,false,true,true
3145,.text,0x60000020,32851124,0x1F544B4,32854196,0x1F550B4,6475305140,0x181F550B4,0F05,true,true,false,true,101139,0x1F52720,0x1F7A706,163814,10644,0x2994,true,true,syscall,2,,,0x1F7A706,function_end,instruction_start,true,false,true,true
3146,.text,0x60000020,32851533,0x1F5464D,32854605,0x1F5524D,6475305549,0x181F5524D,0F05,true,true,false,true,101139,0x1F52720,0x1F7A706,163814,11053,0x2B2D,false,true,syscall,2,,,0x1F7A706,function_end,instruction_start,true,false,true,true
3147,.text,0x60000020,32852602,0x1F54A7A,32855674,0x1F5567A,6475306618,0x181F5567A,0F05,true,true,false,true,101139,0x1F52720,0x1F7A706,163814,12122,0x2F5A,false,true,syscall,2,,,0x1F7A706,function_end,instruction_start,true,false,true,true
3148,.text,0x60000020,32854293,0x1F55115,32857365,0x1F55D15,6475308309,0x181F55D15,0F05,true,true,false,true,101139,0x1F52720,0x1F7A706,163814,13813,0x35F5,false,true,syscall,2,,,0x1F7A706,function_end,instruction_start,true,false,true,true
3149,.text,0x60000020,32854731,0x1F552CB,32857803,0x1F55ECB,6475308747,0x181F55ECB,0F05,true,true,false,true,101139,0x1F52720,0x1F7A706,163814,14251,0x37AB,false,true,syscall,2,,,0x1F7A706,function_end,instruction_start,true,false,true,true
3150,.text,0x60000020,32855176,0x1F55488,32858248,0x1F56088,6475309192,0x181F56088,0F05,true,true,false,true,101139,0x1F52720,0x1F7A706,163814,14696,0x3968,true,true,syscall,2,,,0x1F7A706,function_end,instruction_start,true,false,true,true
3151,.text,0x60000020,32856379,0x1F5593B,32859451,0x1F5653B,6475310395,0x181F5653B,0F05,true,true,false,true,101139,0x1F52720,0x1F7A706,163814,15899,0x3E1B,false,true,syscall,2,,,0x1F7A706,function_end,instruction_start,true,false,true,true
3152,.text,0x60000020,32858980,0x1F56364,32862052,0x1F56F64,6475312996,0x181F56F64,0F05,true,true,false,true,101139,0x1F52720,0x1F7A706,163814,18500,0x4844,true,true,syscall,2,,,0x1F7A706,function_end,instruction_start,true,false,true,true
3153,.text,0x60000020,32859498,0x1F5656A,32862570,0x1F5716A,6475313514,0x181F5716A,0F05,true,true,false,true,101139,0x1F52720,0x1F7A706,163814,19018,0x4A4A,false,true,syscall,2,,,0x1F7A706,function_end,instruction_start,true,false,true,true
3154,.text,0x60000020,32859979,0x1F5674B,32863051,0x1F5734B,6475313995,0x181F5734B,0F05,true,true,false,true,101139,0x1F52720,0x1F7A706,163814,19499,0x4C2B,false,true,syscall,2,,,0x1F7A706,function_end,instruction_start,true,false,true,true
3155,.text,0x60000020,32861765,0x1F56E45,32864837,0x1F57A45,6475315781,0x181F57A45,0F05,true,true,false,true,101139,0x1F52720,0x1F7A706,163814,21285,0x5325,false,true,syscall,2,,,0x1F7A706,function_end,instruction_start,true,false,true,true
3156,.text,0x60000020,32862593,0x1F57181,32865665,0x1F57D81,6475316609,0x181F57D81,0F05,true,true,false,true,101139,0x1F52720,0x1F7A706,163814,22113,0x5661,false,true,syscall,2,,,0x1F7A706,function_end,instruction_start,true,false,true,true
3157,.text,0x60000020,32863515,0x1F5751B,32866587,0x1F5811B,6475317531,0x181F5811B,0F05,true,true,false,true,101139,0x1F52720,0x1F7A706,163814,23035,0x59FB,false,true,syscall,2,,,0x1F7A706,function_end,instruction_start,true,false,true,true
3158,.text,0x60000020,32865235,0x1F57BD3,32868307,0x1F587D3,6475319251,0x181F587D3,0F05,true,true,false,true,101139,0x1F52720,0x1F7A706,163814,24755,0x60B3,false,true,syscall,2,,,0x1F7A706,function_end,instruction_start,true,false,true,true
3159,.text,0x60000020,32866755,0x1F581C3,32869827,0x1F58DC3,6475320771,0x181F58DC3,0F05,true,true,false,true,101139,0x1F52720,0x1F7A706,163814,26275,0x66A3,false,true,syscall,2,,,0x1F7A706,function_end,instruction_start,true,false,true,true
3160,.text,0x60000020,32868315,0x1F587DB,32871387,0x1F593DB,6475322331,0x181F593DB,0F05,true,true,false,true,101139,0x1F52720,0x1F7A706,163814,27835,0x6CBB,false,true,syscall,2,,,0x1F7A706,function_end,instruction_start,true,false,true,true
3161,.text,0x60000020,32875038,0x1F5A21E,32878110,0x1F5AE1E,6475329054,0x181F5AE1E,0F05,true,true,false,true,101139,0x1F52720,0x1F7A706,163814,34558,0x86FE,false,true,syscall,2,,,0x1F7A706,function_end,instruction_start,true,false,true,true
3162,.text,0x60000020,32875610,0x1F5A45A,32878682,0x1F5B05A,6475329626,0x181F5B05A,0F05,true,true,false,true,101139,0x1F52720,0x1F7A706,163814,35130,0x893A,false,true,syscall,2,,,0x1F7A706,function_end,instruction_start,true,false,true,true
3163,.text,0x60000020,32877244,0x1F5AABC,32880316,0x1F5B6BC,6475331260,0x181F5B6BC,0F05,true,true,false,true,101139,0x1F52720,0x1F7A706,163814,36764,0x8F9C,true,true,syscall,2,,,0x1F7A706,function_end,instruction_start,true,false,true,true
3164,.text,0x60000020,32878155,0x1F5AE4B,32881227,0x1F5BA4B,6475332171,0x181F5BA4B,0F05,true,true,false,true,101139,0x1F52720,0x1F7A706,163814,37675,0x932B,false,true,syscall,2,,,0x1F7A706,function_end,instruction_start,true,false,true,true
3165,.text,0x60000020,32881028,0x1F5B984,32884100,0x1F5C584,6475335044,0x181F5C584,0F05,true,true,false,true,101139,0x1F52720,0x1F7A706,163814,40548,0x9E64,true,true,syscall,2,,,0x1F7A706,function_end,instruction_start,true,false,true,true
3166,.text,0x60000020,32884271,0x1F5C62F,32887343,0x1F5D22F,6475338287,0x181F5D22F,0F05,true,true,false,true,101139,0x1F52720,0x1F7A706,163814,43791,0xAB0F,false,true,syscall,2,,,0x1F7A706,function_end,instruction_start,true,false,true,true
3167,.text,0x60000020,32888063,0x1F5D4FF,32891135,0x1F5E0FF,6475342079,0x181F5E0FF,0F05,true,true,false,true,101139,0x1F52720,0x1F7A706,163814,47583,0xB9DF,false,true,syscall,2,,,0x1F7A706,function_end,instruction_start,true,false,true,true
3168,.text,0x60000020,32889312,0x1F5D9E0,32892384,0x1F5E5E0,6475343328,0x181F5E5E0,0F05,true,true,false,true,101139,0x1F52720,0x1F7A706,163814,48832,0xBEC0,true,true,syscall,2,,,0x1F7A706,function_end,instruction_start,true,false,true,true
3169,.text,0x60000020,32893054,0x1F5E87E,32896126,0x1F5F47E,6475347070,0x181F5F47E,0F05,true,true,false,true,101139,0x1F52720,0x1F7A706,163814,52574,0xCD5E,false,true,syscall,2,,,0x1F7A706,function_end,instruction_start,true,false,true,true
3170,.text,0x60000020,32895291,0x1F5F13B,32898363,0x1F5FD3B,6475349307,0x181F5FD3B,0F05,true,true,false,true,101139,0x1F52720,0x1F7A706,163814,54811,0xD61B,false,true,syscall,2,,,0x1F7A706,function_end,instruction_start,true,false,true,true
3171,.text,0x60000020,32895715,0x1F5F2E3,32898787,0x1F5FEE3,6475349731,0x181F5FEE3,0F05,true,true,false,true,101139,0x1F52720,0x1F7A706,163814,55235,0xD7C3,false,true,syscall,2,,,0x1F7A706,function_end,instruction_start,true,false,true,true
3172,.text,0x60000020,32904584,0x1F61588,32907656,0x1F62188,6475358600,0x181F62188,0F05,true,true,false,true,101139,0x1F52720,0x1F7A706,163814,64104,0xFA68,true,true,syscall,2,,,0x1F7A706,function_end,instruction_start,true,false,true,true
3173,.text,0x60000020,32905940,0x1F61AD4,32909012,0x1F626D4,6475359956,0x181F626D4,0F05,true,true,false,true,101139,0x1F52720,0x1F7A706,163814,65460,0xFFB4,true,true,syscall,2,,,0x1F7A706,function_end,instruction_start,true,false,true,true
3174,.text,0x60000020,32910690,0x1F62D62,32913762,0x1F63962,6475364706,0x181F63962,0F05,true,true,false,true,101139,0x1F52720,0x1F7A706,163814,70210,0x11242,false,true,syscall,2,,,0x1F7A706,function_end,instruction_start,true,false,true,true
3175,.text,0x60000020,32913508,0x1F63864,32916580,0x1F64464,6475367524,0x181F64464,0F05,true,true,false,true,101139,0x1F52720,0x1F7A706,163814,73028,0x11D44,true,true,syscall,2,,,0x1F7A706,function_end,instruction_start,true,false,true,true
3176,.text,0x60000020,32914694,0x1F63D06,32917766,0x1F64906,6475368710,0x181F64906,0F05,true,true,false,true,101139,0x1F52720,0x1F7A706,163814,74214,0x121E6,false,true,syscall,2,,,0x1F7A706,function_end,instruction_start,true,false,true,true
3177,.text,0x60000020,32916719,0x1F644EF,32919791,0x1F650EF,6475370735,0x181F650EF,0F05,true,true,false,true,101139,0x1F52720,0x1F7A706,163814,76239,0x129CF,false,true,syscall,2,,,0x1F7A706,function_end,instruction_start,true,false,true,true
3178,.text,0x60000020,32918391,0x1F64B77,32921463,0x1F65777,6475372407,0x181F65777,0F05,true,true,false,true,101139,0x1F52720,0x1F7A706,163814,77911,0x13057,false,true,syscall,2,,,0x1F7A706,function_end,instruction_start,true,false,true,true
3179,.text,0x60000020,32922159,0x1F65A2F,32925231,0x1F6662F,6475376175,0x181F6662F,0F05,true,true,false,true,101139,0x1F52720,0x1F7A706,163814,81679,0x13F0F,false,true,syscall,2,,,0x1F7A706,function_end,instruction_start,true,false,true,true
3180,.text,0x60000020,32922912,0x1F65D20,32925984,0x1F66920,6475376928,0x181F66920,0F05,true,true,false,true,101139,0x1F52720,0x1F7A706,163814,82432,0x14200,true,true,syscall,2,,,0x1F7A706,function_end,instruction_start,true,false,true,true
3181,.text,0x60000020,32923299,0x1F65EA3,32926371,0x1F66AA3,6475377315,0x181F66AA3,0F05,true,true,false,true,101139,0x1F52720,0x1F7A706,163814,82819,0x14383,false,true,syscall,2,,,0x1F7A706,function_end,instruction_start,true,false,true,true
3182,.text,0x60000020,32924099,0x1F661C3,32927171,0x1F66DC3,6475378115,0x181F66DC3,0F05,true,true,false,true,101139,0x1F52720,0x1F7A706,163814,83619,0x146A3,false,true,syscall,2,,,0x1F7A706,function_end,instruction_start,true,false,true,true
3183,.text,0x60000020,32924496,0x1F66350,32927568,0x1F66F50,6475378512,0x181F66F50,0F05,true,true,false,true,101139,0x1F52720,0x1F7A706,163814,84016,0x14830,true,true,syscall,2,,,0x1F7A706,function_end,instruction_start,true,false,true,true
3184,.text,0x60000020,32925935,0x1F668EF,32929007,0x1F674EF,6475379951,0x181F674EF,0F05,true,true,false,true,101139,0x1F52720,0x1F7A706,163814,85455,0x14DCF,false,true,syscall,2,,,0x1F7A706,function_end,instruction_start,true,false,true,true
3185,.text,0x60000020,32926926,0x1F66CCE,32929998,0x1F678CE,6475380942,0x181F678CE,0F05,true,true,false,true,101139,0x1F52720,0x1F7A706,163814,86446,0x151AE,false,true,syscall,2,,,0x1F7A706,function_end,instruction_start,true,false,true,true
3186,.text,0x60000020,32927630,0x1F66F8E,32930702,0x1F67B8E,6475381646,0x181F67B8E,0F05,true,true,false,true,101139,0x1F52720,0x1F7A706,163814,87150,0x1546E,false,true,syscall,2,,,0x1F7A706,function_end,instruction_start,true,false,true,true
3187,.text,0x60000020,32928919,0x1F67497,32931991,0x1F68097,6475382935,0x181F68097,0F05,true,true,false,true,101139,0x1F52720,0x1F7A706,163814,88439,0x15977,false,true,syscall,2,,,0x1F7A706,function_end,instruction_start,true,false,true,true
3188,.text,0x60000020,32929329,0x1F67631,32932401,0x1F68231,6475383345,0x181F68231,0F05,true,true,false,true,101139,0x1F52720,0x1F7A706,163814,88849,0x15B11,false,true,syscall,2,,,0x1F7A706,function_end,instruction_start,true,false,true,true
3189,.text,0x60000020,32929834,0x1F6782A,32932906,0x1F6842A,6475383850,0x181F6842A,0F05,true,true,false,true,101139,0x1F52720,0x1F7A706,163814,89354,0x15D0A,false,true,syscall,2,,,0x1F7A706,function_end,instruction_start,true,false,true,true
3190,.text,0x60000020,32932781,0x1F683AD,32935853,0x1F68FAD,6475386797,0x181F68FAD,0F05,true,true,false,true,101139,0x1F52720,0x1F7A706,163814,92301,0x1688D,false,true,syscall,2,,,0x1F7A706,function_end,instruction_start,true,false,true,true
3191,.text,0x60000020,32935391,0x1F68DDF,32938463,0x1F699DF,6475389407,0x181F699DF,0F05,true,true,false,true,101139,0x1F52720,0x1F7A706,163814,94911,0x172BF,false,true,syscall,2,,,0x1F7A706,function_end,instruction_start,true,false,true,true
3192,.text,0x60000020,32936336,0x1F69190,32939408,0x1F69D90,6475390352,0x181F69D90,0F05,true,true,false,true,101139,0x1F52720,0x1F7A706,163814,95856,0x17670,true,true,syscall,2,,,0x1F7A706,function_end,instruction_start,true,false,true,true
3193,.text,0x60000020,32937814,0x1F69756,32940886,0x1F6A356,6475391830,0x181F6A356,0F05,true,true,false,true,101139,0x1F52720,0x1F7A706,163814,97334,0x17C36,false,true,syscall,2,,,0x1F7A706,function_end,instruction_start,true,false,true,true
3194,.text,0x60000020,32939226,0x1F69CDA,32942298,0x1F6A8DA,6475393242,0x181F6A8DA,0F05,true,true,false,true,101139,0x1F52720,0x1F7A706,163814,98746,0x181BA,false,true,syscall,2,,,0x1F7A706,function_end,instruction_start,true,false,true,true
3195,.text,0x60000020,32940110,0x1F6A04E,32943182,0x1F6AC4E,6475394126,0x181F6AC4E,0F05,true,true,false,true,101139,0x1F52720,0x1F7A706,163814,99630,0x1852E,false,true,syscall,2,,,0x1F7A706,function_end,instruction_start,true,false,true,true
3196,.text,0x60000020,32946736,0x1F6BA30,32949808,0x1F6C630,6475400752,0x181F6C630,0F05,true,true,false,true,101139,0x1F52720,0x1F7A706,163814,106256,0x19F10,true,true,syscall,2,,,0x1F7A706,function_end,instruction_start,true,false,true,true
3197,.text,0x60000020,32947160,0x1F6BBD8,32950232,0x1F6C7D8,6475401176,0x181F6C7D8,0F05,true,true,false,true,101139,0x1F52720,0x1F7A706,163814,106680,0x1A0B8,true,true,syscall,2,,,0x1F7A706,function_end,instruction_start,true,false,true,true
3198,.text,0x60000020,32947968,0x1F6BF00,32951040,0x1F6CB00,6475401984,0x181F6CB00,0F05,true,true,false,true,101139,0x1F52720,0x1F7A706,163814,107488,0x1A3E0,true,true,syscall,2,,,0x1F7A706,function_end,instruction_start,true,false,true,true
3199,.text,0x60000020,32949234,0x1F6C3F2,32952306,0x1F6CFF2,6475403250,0x181F6CFF2,0F05,true,true,false,true,101139,0x1F52720,0x1F7A706,163814,108754,0x1A8D2,false,true,syscall,2,,,0x1F7A706,function_end,instruction_start,true,false,true,true
3200,.text,0x60000020,32952097,0x1F6CF21,32955169,0x1F6DB21,6475406113,0x181F6DB21,0F05,true,true,false,true,101139,0x1F52720,0x1F7A706,163814,111617,0x1B401,false,true,syscall,2,,,0x1F7A706,function_end,instruction_start,true,false,true,true
3201,.text,0x60000020,32953130,0x1F6D32A,32956202,0x1F6DF2A,6475407146,0x181F6DF2A,0F05,true,true,false,true,101139,0x1F52720,0x1F7A706,163814,112650,0x1B80A,false,true,syscall,2,,,0x1F7A706,function_end,instruction_start,true,false,true,true
3202,.text,0x60000020,32954432,0x1F6D840,32957504,0x1F6E440,6475408448,0x181F6E440,0F05,true,true,false,true,101139,0x1F52720,0x1F7A706,163814,113952,0x1BD20,true,true,syscall,2,,,0x1F7A706,function_end,instruction_start,true,false,true,true
3203,.text,0x60000020,32956382,0x1F6DFDE,32959454,0x1F6EBDE,6475410398,0x181F6EBDE,0F05,true,true,false,true,101139,0x1F52720,0x1F7A706,163814,115902,0x1C4BE,false,true,syscall,2,,,0x1F7A706,function_end,instruction_start,true,false,true,true
3204,.text,0x60000020,32957683,0x1F6E4F3,32960755,0x1F6F0F3,6475411699,0x181F6F0F3,0F05,true,true,false,true,101139,0x1F52720,0x1F7A706,163814,117203,0x1C9D3,false,true,syscall,2,,,0x1F7A706,function_end,instruction_start,true,false,true,true
3205,.text,0x60000020,32959460,0x1F6EBE4,32962532,0x1F6F7E4,6475413476,0x181F6F7E4,0F05,true,true,false,true,101139,0x1F52720,0x1F7A706,163814,118980,0x1D0C4,true,true,syscall,2,,,0x1F7A706,function_end,instruction_start,true,false,true,true
3206,.text,0x60000020,32962034,0x1F6F5F2,32965106,0x1F701F2,6475416050,0x181F701F2,0F05,true,true,false,true,101139,0x1F52720,0x1F7A706,163814,121554,0x1DAD2,false,true,syscall,2,,,0x1F7A706,function_end,instruction_start,true,false,true,true
3207,.text,0x60000020,32962660,0x1F6F864,32965732,0x1F70464,6475416676,0x181F70464,0F05,true,true,false,true,101139,0x1F52720,0x1F7A706,163814,122180,0x1DD44,true,true,syscall,2,,,0x1F7A706,function_end,instruction_start,true,false,true,true
3208,.text,0x60000020,32964248,0x1F6FE98,32967320,0x1F70A98,6475418264,0x181F70A98,0F05,true,true,false,true,101139,0x1F52720,0x1F7A706,163814,123768,0x1E378,true,true,syscall,2,,,0x1F7A706,function_end,instruction_start,true,false,true,true
3209,.text,0x60000020,32967574,0x1F70B96,32970646,0x1F71796,6475421590,0x181F71796,0F05,true,true,false,true,101139,0x1F52720,0x1F7A706,163814,127094,0x1F076,false,true,syscall,2,,,0x1F7A706,function_end,instruction_start,true,false,true,true
3210,.text,0x60000020,32973639,0x1F72347,32976711,0x1F72F47,6475427655,0x181F72F47,0F05,true,true,false,true,101139,0x1F52720,0x1F7A706,163814,133159,0x20827,false,true,syscall,2,,,0x1F7A706,function_end,instruction_start,true,false,true,true
3211,.text,0x60000020,32980050,0x1F73C52,32983122,0x1F74852,6475434066,0x181F74852,0F05,true,true,false,true,101139,0x1F52720,0x1F7A706,163814,139570,0x22132,false,true,syscall,2,,,0x1F7A706,function_end,instruction_start,true,false,true,true
3212,.text,0x60000020,32981697,0x1F742C1,32984769,0x1F74EC1,6475435713,0x181F74EC1,0F05,true,true,false,true,101139,0x1F52720,0x1F7A706,163814,141217,0x227A1,false,true,syscall,2,,,0x1F7A706,function_end,instruction_start,true,false,true,true
3213,.text,0x60000020,32983014,0x1F747E6,32986086,0x1F753E6,6475437030,0x181F753E6,0F05,true,true,false,true,101139,0x1F52720,0x1F7A706,163814,142534,0x22CC6,false,true,syscall,2,,,0x1F7A706,function_end,instruction_start,true,false,true,true
3214,.text,0x60000020,32983802,0x1F74AFA,32986874,0x1F756FA,6475437818,0x181F756FA,0F05,true,true,false,true,101139,0x1F52720,0x1F7A706,163814,143322,0x22FDA,false,true,syscall,2,,,0x1F7A706,function_end,instruction_start,true,false,true,true
3215,.text,0x60000020,32985023,0x1F74FBF,32988095,0x1F75BBF,6475439039,0x181F75BBF,0F05,true,true,false,true,101139,0x1F52720,0x1F7A706,163814,144543,0x2349F,false,true,syscall,2,,,0x1F7A706,function_end,instruction_start,true,false,true,true
3216,.text,0x60000020,32987942,0x1F75B26,32991014,0x1F76726,6475441958,0x181F76726,0F05,true,true,false,true,101139,0x1F52720,0x1F7A706,163814,147462,0x24006,false,true,syscall,2,,,0x1F7A706,function_end,instruction_start,true,false,true,true
3217,.text,0x60000020,32989821,0x1F7627D,32992893,0x1F76E7D,6475443837,0x181F76E7D,0F05,true,true,false,true,101139,0x1F52720,0x1F7A706,163814,149341,0x2475D,false,true,syscall,2,,,0x1F7A706,function_end,instruction_start,true,false,true,true
3218,.text,0x60000020,32990343,0x1F76487,32993415,0x1F77087,6475444359,0x181F77087,0F05,true,true,false,true,101139,0x1F52720,0x1F7A706,163814,149863,0x24967,false,true,syscall,2,,,0x1F7A706,function_end,instruction_start,true,false,true,true
3219,.text,0x60000020,32992498,0x1F76CF2,32995570,0x1F778F2,6475446514,0x181F778F2,0F05,true,true,false,true,101139,0x1F52720,0x1F7A706,163814,152018,0x251D2,false,true,syscall,2,,,0x1F7A706,function_end,instruction_start,true,false,true,true
3220,.text,0x60000020,32995058,0x1F776F2,32998130,0x1F782F2,6475449074,0x181F782F2,0F05,true,true,false,true,101139,0x1F52720,0x1F7A706,163814,154578,0x25BD2,false,true,syscall,2,,,0x1F7A706,function_end,instruction_start,true,false,true,true
3221,.text,0x60000020,32997470,0x1F7805E,33000542,0x1F78C5E,6475451486,0x181F78C5E,0F05,true,true,false,true,101139,0x1F52720,0x1F7A706,163814,156990,0x2653E,false,true,syscall,2,,,0x1F7A706,function_end,instruction_start,true,false,true,true
3222,.text,0x60000020,33006103,0x1F7A217,33009175,0x1F7AE17,6475460119,0x181F7AE17,0F05,true,true,false,true,101161,0x1F7AC70,0x1F7AEE6,630,423,0x1A7,false,true,,0,0x1F7AE15,"mov byte ptr [rdi + rcx + 5], al",0x1F7AEE6,function_end,covered_by_instruction,false,true,false,false
3223,.text,0x60000020,33170752,0x1FA2540,33173824,0x1FA3140,6475624768,0x181FA3140,0F05,true,true,false,true,102445,0x1FA2C00,0x1FA43C8,6088,1344,0x540,true,true,syscall,2,,,0x1FA43C8,function_end,instruction_start,true,false,true,true
3224,.text,0x60000020,33171069,0x1FA267D,33174141,0x1FA327D,6475625085,0x181FA327D,0F05,true,true,false,true,102445,0x1FA2C00,0x1FA43C8,6088,1661,0x67D,false,true,syscall,2,,,0x1FA43C8,function_end,instruction_start,true,false,true,true
3225,.text,0x60000020,33171844,0x1FA2984,33174916,0x1FA3584,6475625860,0x181FA3584,0F05,true,true,false,true,102445,0x1FA2C00,0x1FA43C8,6088,2436,0x984,true,true,syscall,2,,,0x1FA43C8,function_end,instruction_start,true,false,true,true
3226,.text,0x60000020,33172284,0x1FA2B3C,33175356,0x1FA373C,6475626300,0x181FA373C,0F05,true,true,false,true,102445,0x1FA2C00,0x1FA43C8,6088,2876,0xB3C,true,true,syscall,2,,,0x1FA43C8,function_end,instruction_start,true,false,true,true
3227,.text,0x60000020,33172808,0x1FA2D48,33175880,0x1FA3948,6475626824,0x181FA3948,0F05,true,true,false,true,102445,0x1FA2C00,0x1FA43C8,6088,3400,0xD48,true,true,syscall,2,,,0x1FA43C8,function_end,instruction_start,true,false,true,true
3228,.text,0x60000020,33173799,0x1FA3127,33176871,0x1FA3D27,6475627815,0x181FA3D27,0F05,true,true,false,true,102445,0x1FA2C00,0x1FA43C8,6088,4391,0x1127,false,true,syscall,2,,,0x1FA43C8,function_end,instruction_start,true,false,true,true
3229,.text,0x60000020,33174836,0x1FA3534,33177908,0x1FA4134,6475628852,0x181FA4134,0F05,true,true,false,true,102445,0x1FA2C00,0x1FA43C8,6088,5428,0x1534,true,true,syscall,2,,,0x1FA43C8,function_end,instruction_start,true,false,true,true
3230,.text,0x60000020,33175442,0x1FA3792,33178514,0x1FA4392,6475629458,0x181FA4392,0F05,true,true,false,true,102445,0x1FA2C00,0x1FA43C8,6088,6034,0x1792,false,true,syscall,2,,,0x1FA43C8,function_end,instruction_start,true,false,true,true
3231,.text,0x60000020,33221584,0x1FAEBD0,33224656,0x1FAF7D0,6475675600,0x181FAF7D0,0F05,true,true,false,true,102630,0x1FAF780,0x1FAF809,137,80,0x50,true,true,,0,0x1FAF7CE,"movabs rdx, 0x8283c2850780050f",0x1FAF809,function_end,covered_by_instruction,false,true,false,false
3232,.text,0x60000020,33264601,0x1FB93D9,33267673,0x1FB9FD9,6475718617,0x181FB9FD9,0F05,true,true,false,true,102828,0x1FB9E70,0x1FB9FE3,371,361,0x169,false,true,,0,0x1FB9FD4,"movabs rsi, 0xed9b5e050f9116f0",0x1FB9FE3,function_end,covered_by_instruction,false,true,false,false
3233,.text,0x60000020,33266100,0x1FB99B4,33269172,0x1FBA5B4,6475720116,0x181FBA5B4,0F05,true,true,false,true,102836,0x1FBA590,0x1FBA644,180,36,0x24,true,true,,0,0x1FBA5AF,"movabs r8, 0xd8ba4050ff09109",0x1FBA644,function_end,covered_by_instruction,false,true,false,false
3234,.text,0x60000020,33344181,0x1FCCAB5,33347253,0x1FCD6B5,6475798197,0x181FCD6B5,0F05,true,true,false,false,,,,,,,false,false,,0,,,,no_pdata_function,no_pdata_function,false,true,false,false
3235,.text,0x60000020,33357973,0x1FD0095,33361045,0x1FD0C95,6475811989,0x181FD0C95,0F05,true,true,false,true,103156,0x1FD0940,0x1FD83A6,31334,853,0x355,false,true,syscall,2,,,0x1FD83A6,function_end,instruction_start,true,false,true,true
3236,.text,0x60000020,33358663,0x1FD0347,33361735,0x1FD0F47,6475812679,0x181FD0F47,0F05,true,true,false,true,103156,0x1FD0940,0x1FD83A6,31334,1543,0x607,false,true,syscall,2,,,0x1FD83A6,function_end,instruction_start,true,false,true,true
3237,.text,0x60000020,33359963,0x1FD085B,33363035,0x1FD145B,6475813979,0x181FD145B,0F05,true,true,false,true,103156,0x1FD0940,0x1FD83A6,31334,2843,0xB1B,false,true,syscall,2,,,0x1FD83A6,function_end,instruction_start,true,false,true,true
3238,.text,0x60000020,33360912,0x1FD0C10,33363984,0x1FD1810,6475814928,0x181FD1810,0F05,true,true,false,true,103156,0x1FD0940,0x1FD83A6,31334,3792,0xED0,true,true,syscall,2,,,0x1FD83A6,function_end,instruction_start,true,false,true,true
3239,.text,0x60000020,33361420,0x1FD0E0C,33364492,0x1FD1A0C,6475815436,0x181FD1A0C,0F05,true,true,false,true,103156,0x1FD0940,0x1FD83A6,31334,4300,0x10CC,true,true,syscall,2,,,0x1FD83A6,function_end,instruction_start,true,false,true,true
3240,.text,0x60000020,33362625,0x1FD12C1,33365697,0x1FD1EC1,6475816641,0x181FD1EC1,0F05,true,true,false,true,103156,0x1FD0940,0x1FD83A6,31334,5505,0x1581,false,true,syscall,2,,,0x1FD83A6,function_end,instruction_start,true,false,true,true
3241,.text,0x60000020,33363872,0x1FD17A0,33366944,0x1FD23A0,6475817888,0x181FD23A0,0F05,true,true,false,true,103156,0x1FD0940,0x1FD83A6,31334,6752,0x1A60,true,true,syscall,2,,,0x1FD83A6,function_end,instruction_start,true,false,true,true
3242,.text,0x60000020,33364379,0x1FD199B,33367451,0x1FD259B,6475818395,0x181FD259B,0F05,true,true,false,true,103156,0x1FD0940,0x1FD83A6,31334,7259,0x1C5B,false,true,syscall,2,,,0x1FD83A6,function_end,instruction_start,true,false,true,true
3243,.text,0x60000020,33364993,0x1FD1C01,33368065,0x1FD2801,6475819009,0x181FD2801,0F05,true,true,false,true,103156,0x1FD0940,0x1FD83A6,31334,7873,0x1EC1,false,true,syscall,2,,,0x1FD83A6,function_end,instruction_start,true,false,true,true
3244,.text,0x60000020,33367164,0x1FD247C,33370236,0x1FD307C,6475821180,0x181FD307C,0F05,true,true,false,true,103156,0x1FD0940,0x1FD83A6,31334,10044,0x273C,true,true,syscall,2,,,0x1FD83A6,function_end,instruction_start,true,false,true,true
3245,.text,0x60000020,33368480,0x1FD29A0,33371552,0x1FD35A0,6475822496,0x181FD35A0,0F05,true,true,false,true,103156,0x1FD0940,0x1FD83A6,31334,11360,0x2C60,true,true,syscall,2,,,0x1FD83A6,function_end,instruction_start,true,false,true,true
3246,.text,0x60000020,33369152,0x1FD2C40,33372224,0x1FD3840,6475823168,0x181FD3840,0F05,true,true,false,true,103156,0x1FD0940,0x1FD83A6,31334,12032,0x2F00,true,true,syscall,2,,,0x1FD83A6,function_end,instruction_start,true,false,true,true
3247,.text,0x60000020,33369625,0x1FD2E19,33372697,0x1FD3A19,6475823641,0x181FD3A19,0F05,true,true,false,true,103156,0x1FD0940,0x1FD83A6,31334,12505,0x30D9,false,true,syscall,2,,,0x1FD83A6,function_end,instruction_start,true,false,true,true
3248,.text,0x60000020,33371321,0x1FD34B9,33374393,0x1FD40B9,6475825337,0x181FD40B9,0F05,true,true,false,true,103156,0x1FD0940,0x1FD83A6,31334,14201,0x3779,false,true,syscall,2,,,0x1FD83A6,function_end,instruction_start,true,false,true,true
3249,.text,0x60000020,33372228,0x1FD3844,33375300,0x1FD4444,6475826244,0x181FD4444,0F05,true,true,false,true,103156,0x1FD0940,0x1FD83A6,31334,15108,0x3B04,true,true,syscall,2,,,0x1FD83A6,function_end,instruction_start,true,false,true,true
3250,.text,0x60000020,33373676,0x1FD3DEC,33376748,0x1FD49EC,6475827692,0x181FD49EC,0F05,true,true,false,true,103156,0x1FD0940,0x1FD83A6,31334,16556,0x40AC,true,true,syscall,2,,,0x1FD83A6,function_end,instruction_start,true,false,true,true
3251,.text,0x60000020,33379173,0x1FD5365,33382245,0x1FD5F65,6475833189,0x181FD5F65,0F05,true,true,false,true,103156,0x1FD0940,0x1FD83A6,31334,22053,0x5625,false,true,syscall,2,,,0x1FD83A6,function_end,instruction_start,true,false,true,true
3252,.text,0x60000020,33379629,0x1FD552D,33382701,0x1FD612D,6475833645,0x181FD612D,0F05,true,true,false,true,103156,0x1FD0940,0x1FD83A6,31334,22509,0x57ED,false,true,syscall,2,,,0x1FD83A6,function_end,instruction_start,true,false,true,true
3253,.text,0x60000020,33380769,0x1FD59A1,33383841,0x1FD65A1,6475834785,0x181FD65A1,0F05,true,true,false,true,103156,0x1FD0940,0x1FD83A6,31334,23649,0x5C61,false,true,syscall,2,,,0x1FD83A6,function_end,instruction_start,true,false,true,true
3254,.text,0x60000020,33381691,0x1FD5D3B,33384763,0x1FD693B,6475835707,0x181FD693B,0F05,true,true,false,true,103156,0x1FD0940,0x1FD83A6,31334,24571,0x5FFB,false,true,syscall,2,,,0x1FD83A6,function_end,instruction_start,true,false,true,true
3255,.text,0x60000020,33383649,0x1FD64E1,33386721,0x1FD70E1,6475837665,0x181FD70E1,0F05,true,true,false,true,103156,0x1FD0940,0x1FD83A6,31334,26529,0x67A1,false,true,syscall,2,,,0x1FD83A6,function_end,instruction_start,true,false,true,true
3256,.text,0x60000020,33384404,0x1FD67D4,33387476,0x1FD73D4,6475838420,0x181FD73D4,0F05,true,true,false,true,103156,0x1FD0940,0x1FD83A6,31334,27284,0x6A94,true,true,syscall,2,,,0x1FD83A6,function_end,instruction_start,true,false,true,true
3257,.text,0x60000020,33387972,0x1FD75C4,33391044,0x1FD81C4,6475841988,0x181FD81C4,0F05,true,true,false,true,103156,0x1FD0940,0x1FD83A6,31334,30852,0x7884,true,true,syscall,2,,,0x1FD83A6,function_end,instruction_start,true,false,true,true
3258,.text,0x60000020,33388315,0x1FD771B,33391387,0x1FD831B,6475842331,0x181FD831B,0F05,true,true,false,true,103156,0x1FD0940,0x1FD83A6,31334,31195,0x79DB,false,true,syscall,2,,,0x1FD83A6,function_end,instruction_start,true,false,true,true
3259,.text,0x60000020,33389901,0x1FD7D4D,33392973,0x1FD894D,6475843917,0x181FD894D,0F05,true,true,false,true,103161,0x1FD8760,0x1FDC096,14646,493,0x1ED,false,true,syscall,2,,,0x1FDC096,function_end,instruction_start,true,false,true,true
3260,.text,0x60000020,33390389,0x1FD7F35,33393461,0x1FD8B35,6475844405,0x181FD8B35,0F05,true,true,false,true,103161,0x1FD8760,0x1FDC096,14646,981,0x3D5,false,true,syscall,2,,,0x1FDC096,function_end,instruction_start,true,false,true,true
3261,.text,0x60000020,33390864,0x1FD8110,33393936,0x1FD8D10,6475844880,0x181FD8D10,0F05,true,true,false,true,103161,0x1FD8760,0x1FDC096,14646,1456,0x5B0,true,true,syscall,2,,,0x1FDC096,function_end,instruction_start,true,false,true,true
3262,.text,0x60000020,33393134,0x1FD89EE,33396206,0x1FD95EE,6475847150,0x181FD95EE,0F05,true,true,false,true,103161,0x1FD8760,0x1FDC096,14646,3726,0xE8E,false,true,syscall,2,,,0x1FDC096,function_end,instruction_start,true,false,true,true
3263,.text,0x60000020,33394335,0x1FD8E9F,33397407,0x1FD9A9F,6475848351,0x181FD9A9F,0F05,true,true,false,true,103161,0x1FD8760,0x1FDC096,14646,4927,0x133F,false,true,syscall,2,,,0x1FDC096,function_end,instruction_start,true,false,true,true
3264,.text,0x60000020,33395201,0x1FD9201,33398273,0x1FD9E01,6475849217,0x181FD9E01,0F05,true,true,false,true,103161,0x1FD8760,0x1FDC096,14646,5793,0x16A1,false,true,syscall,2,,,0x1FDC096,function_end,instruction_start,true,false,true,true
3265,.text,0x60000020,33395685,0x1FD93E5,33398757,0x1FD9FE5,6475849701,0x181FD9FE5,0F05,true,true,false,true,103161,0x1FD8760,0x1FDC096,14646,6277,0x1885,false,true,syscall,2,,,0x1FDC096,function_end,instruction_start,true,false,true,true
3266,.text,0x60000020,33396507,0x1FD971B,33399579,0x1FDA31B,6475850523,0x181FDA31B,0F05,true,true,false,true,103161,0x1FD8760,0x1FDC096,14646,7099,0x1BBB,false,true,syscall,2,,,0x1FDC096,function_end,instruction_start,true,false,true,true
3267,.text,0x60000020,33397280,0x1FD9A20,33400352,0x1FDA620,6475851296,0x181FDA620,0F05,true,true,false,true,103161,0x1FD8760,0x1FDC096,14646,7872,0x1EC0,true,true,syscall,2,,,0x1FDC096,function_end,instruction_start,true,false,true,true
3268,.text,0x60000020,33398014,0x1FD9CFE,33401086,0x1FDA8FE,6475852030,0x181FDA8FE,0F05,true,true,false,true,103161,0x1FD8760,0x1FDC096,14646,8606,0x219E,false,true,syscall,2,,,0x1FDC096,function_end,instruction_start,true,false,true,true
3269,.text,0x60000020,33398986,0x1FDA0CA,33402058,0x1FDACCA,6475853002,0x181FDACCA,0F05,true,true,false,true,103161,0x1FD8760,0x1FDC096,14646,9578,0x256A,false,true,syscall,2,,,0x1FDC096,function_end,instruction_start,true,false,true,true
3270,.text,0x60000020,33400159,0x1FDA55F,33403231,0x1FDB15F,6475854175,0x181FDB15F,0F05,true,true,false,true,103161,0x1FD8760,0x1FDC096,14646,10751,0x29FF,false,true,syscall,2,,,0x1FDC096,function_end,instruction_start,true,false,true,true
3271,.text,0x60000020,33401769,0x1FDABA9,33404841,0x1FDB7A9,6475855785,0x181FDB7A9,0F05,true,true,false,true,103161,0x1FD8760,0x1FDC096,14646,12361,0x3049,false,true,syscall,2,,,0x1FDC096,function_end,instruction_start,true,false,true,true
3272,.text,0x60000020,33402285,0x1FDADAD,33405357,0x1FDB9AD,6475856301,0x181FDB9AD,0F05,true,true,false,true,103161,0x1FD8760,0x1FDC096,14646,12877,0x324D,false,true,syscall,2,,,0x1FDC096,function_end,instruction_start,true,false,true,true
3273,.text,0x60000020,33402992,0x1FDB070,33406064,0x1FDBC70,6475857008,0x181FDBC70,0F05,true,true,false,true,103161,0x1FD8760,0x1FDC096,14646,13584,0x3510,true,true,syscall,2,,,0x1FDC096,function_end,instruction_start,true,false,true,true
3274,.text,0x60000020,33403693,0x1FDB32D,33406765,0x1FDBF2D,6475857709,0x181FDBF2D,0F05,true,true,false,true,103161,0x1FD8760,0x1FDC096,14646,14285,0x37CD,false,true,syscall,2,,,0x1FDC096,function_end,instruction_start,true,false,true,true
3275,.text,0x60000020,33405278,0x1FDB95E,33408350,0x1FDC55E,6475859294,0x181FDC55E,0F05,true,true,false,true,103162,0x1FDC0A0,0x1FE6464,41924,1214,0x4BE,false,true,syscall,2,,,0x1FE6464,function_end,instruction_start,true,false,true,true
3276,.text,0x60000020,33405849,0x1FDBB99,33408921,0x1FDC799,6475859865,0x181FDC799,0F05,true,true,false,true,103162,0x1FDC0A0,0x1FE6464,41924,1785,0x6F9,false,true,syscall,2,,,0x1FE6464,function_end,instruction_start,true,false,true,true
3277,.text,0x60000020,33409173,0x1FDC895,33412245,0x1FDD495,6475863189,0x181FDD495,0F05,true,true,false,true,103162,0x1FDC0A0,0x1FE6464,41924,5109,0x13F5,false,true,syscall,2,,,0x1FE6464,function_end,instruction_start,true,false,true,true
3278,.text,0x60000020,33410102,0x1FDCC36,33413174,0x1FDD836,6475864118,0x181FDD836,0F05,true,true,false,true,103162,0x1FDC0A0,0x1FE6464,41924,6038,0x1796,false,true,syscall,2,,,0x1FE6464,function_end,instruction_start,true,false,true,true
3279,.text,0x60000020,33411193,0x1FDD079,33414265,0x1FDDC79,6475865209,0x181FDDC79,0F05,true,true,false,true,103162,0x1FDC0A0,0x1FE6464,41924,7129,0x1BD9,false,true,syscall,2,,,0x1FE6464,function_end,instruction_start,true,false,true,true
3280,.text,0x60000020,33411700,0x1FDD274,33414772,0x1FDDE74,6475865716,0x181FDDE74,0F05,true,true,false,true,103162,0x1FDC0A0,0x1FE6464,41924,7636,0x1DD4,true,true,syscall,2,,,0x1FE6464,function_end,instruction_start,true,false,true,true
3281,.text,0x60000020,33412209,0x1FDD471,33415281,0x1FDE071,6475866225,0x181FDE071,0F05,true,true,false,true,103162,0x1FDC0A0,0x1FE6464,41924,8145,0x1FD1,false,true,syscall,2,,,0x1FE6464,function_end,instruction_start,true,false,true,true
3282,.text,0x60000020,33413222,0x1FDD866,33416294,0x1FDE466,6475867238,0x181FDE466,0F05,true,true,false,true,103162,0x1FDC0A0,0x1FE6464,41924,9158,0x23C6,false,true,syscall,2,,,0x1FE6464,function_end,instruction_start,true,false,true,true
3283,.text,0x60000020,33413623,0x1FDD9F7,33416695,0x1FDE5F7,6475867639,0x181FDE5F7,0F05,true,true,false,true,103162,0x1FDC0A0,0x1FE6464,41924,9559,0x2557,false,true,syscall,2,,,0x1FE6464,function_end,instruction_start,true,false,true,true
3284,.text,0x60000020,33414467,0x1FDDD43,33417539,0x1FDE943,6475868483,0x181FDE943,0F05,true,true,false,true,103162,0x1FDC0A0,0x1FE6464,41924,10403,0x28A3,false,true,syscall,2,,,0x1FE6464,function_end,instruction_start,true,false,true,true
3285,.text,0x60000020,33416990,0x1FDE71E,33420062,0x1FDF31E,6475871006,0x181FDF31E,0F05,true,true,false,true,103162,0x1FDC0A0,0x1FE6464,41924,12926,0x327E,false,true,syscall,2,,,0x1FE6464,function_end,instruction_start,true,false,true,true
3286,.text,0x60000020,33417428,0x1FDE8D4,33420500,0x1FDF4D4,6475871444,0x181FDF4D4,0F05,true,true,false,true,103162,0x1FDC0A0,0x1FE6464,41924,13364,0x3434,true,true,syscall,2,,,0x1FE6464,function_end,instruction_start,true,false,true,true
3287,.text,0x60000020,33418054,0x1FDEB46,33421126,0x1FDF746,6475872070,0x181FDF746,0F05,true,true,false,true,103162,0x1FDC0A0,0x1FE6464,41924,13990,0x36A6,false,true,syscall,2,,,0x1FE6464,function_end,instruction_start,true,false,true,true
3288,.text,0x60000020,33418695,0x1FDEDC7,33421767,0x1FDF9C7,6475872711,0x181FDF9C7,0F05,true,true,false,true,103162,0x1FDC0A0,0x1FE6464,41924,14631,0x3927,false,true,syscall,2,,,0x1FE6464,function_end,instruction_start,true,false,true,true
3289,.text,0x60000020,33419183,0x1FDEFAF,33422255,0x1FDFBAF,6475873199,0x181FDFBAF,0F05,true,true,false,true,103162,0x1FDC0A0,0x1FE6464,41924,15119,0x3B0F,false,true,syscall,2,,,0x1FE6464,function_end,instruction_start,true,false,true,true
3290,.text,0x60000020,33421006,0x1FDF6CE,33424078,0x1FE02CE,6475875022,0x181FE02CE,0F05,true,true,false,true,103162,0x1FDC0A0,0x1FE6464,41924,16942,0x422E,false,true,syscall,2,,,0x1FE6464,function_end,instruction_start,true,false,true,true
3291,.text,0x60000020,33422898,0x1FDFE32,33425970,0x1FE0A32,6475876914,0x181FE0A32,0F05,true,true,false,true,103162,0x1FDC0A0,0x1FE6464,41924,18834,0x4992,false,true,syscall,2,,,0x1FE6464,function_end,instruction_start,true,false,true,true
3292,.text,0x60000020,33423387,0x1FE001B,33426459,0x1FE0C1B,6475877403,0x181FE0C1B,0F05,true,true,false,true,103162,0x1FDC0A0,0x1FE6464,41924,19323,0x4B7B,false,true,syscall,2,,,0x1FE6464,function_end,instruction_start,true,false,true,true
3293,.text,0x60000020,33425389,0x1FE07ED,33428461,0x1FE13ED,6475879405,0x181FE13ED,0F05,true,true,false,true,103162,0x1FDC0A0,0x1FE6464,41924,21325,0x534D,false,true,syscall,2,,,0x1FE6464,function_end,instruction_start,true,false,true,true
3294,.text,0x60000020,33428065,0x1FE1261,33431137,0x1FE1E61,6475882081,0x181FE1E61,0F05,true,true,false,true,103162,0x1FDC0A0,0x1FE6464,41924,24001,0x5DC1,false,true,syscall,2,,,0x1FE6464,function_end,instruction_start,true,false,true,true
3295,.text,0x60000020,33429618,0x1FE1872,33432690,0x1FE2472,6475883634,0x181FE2472,0F05,true,true,false,true,103162,0x1FDC0A0,0x1FE6464,41924,25554,0x63D2,false,true,syscall,2,,,0x1FE6464,function_end,instruction_start,true,false,true,true
3296,.text,0x60000020,33430254,0x1FE1AEE,33433326,0x1FE26EE,6475884270,0x181FE26EE,0F05,true,true,false,true,103162,0x1FDC0A0,0x1FE6464,41924,26190,0x664E,false,true,syscall,2,,,0x1FE6464,function_end,instruction_start,true,false,true,true
3297,.text,0x60000020,33430711,0x1FE1CB7,33433783,0x1FE28B7,6475884727,0x181FE28B7,0F05,true,true,false,true,103162,0x1FDC0A0,0x1FE6464,41924,26647,0x6817,false,true,syscall,2,,,0x1FE6464,function_end,instruction_start,true,false,true,true
3298,.text,0x60000020,33433071,0x1FE25EF,33436143,0x1FE31EF,6475887087,0x181FE31EF,0F05,true,true,false,true,103162,0x1FDC0A0,0x1FE6464,41924,29007,0x714F,false,true,syscall,2,,,0x1FE6464,function_end,instruction_start,true,false,true,true
3299,.text,0x60000020,33433950,0x1FE295E,33437022,0x1FE355E,6475887966,0x181FE355E,0F05,true,true,false,true,103162,0x1FDC0A0,0x1FE6464,41924,29886,0x74BE,false,true,syscall,2,,,0x1FE6464,function_end,instruction_start,true,false,true,true
3300,.text,0x60000020,33435253,0x1FE2E75,33438325,0x1FE3A75,6475889269,0x181FE3A75,0F05,true,true,false,true,103162,0x1FDC0A0,0x1FE6464,41924,31189,0x79D5,false,true,syscall,2,,,0x1FE6464,function_end,instruction_start,true,false,true,true
3301,.text,0x60000020,33436038,0x1FE3186,33439110,0x1FE3D86,6475890054,0x181FE3D86,0F05,true,true,false,true,103162,0x1FDC0A0,0x1FE6464,41924,31974,0x7CE6,false,true,syscall,2,,,0x1FE6464,function_end,instruction_start,true,false,true,true
3302,.text,0x60000020,33440208,0x1FE41D0,33443280,0x1FE4DD0,6475894224,0x181FE4DD0,0F05,true,true,false,true,103162,0x1FDC0A0,0x1FE6464,41924,36144,0x8D30,true,true,syscall,2,,,0x1FE6464,function_end,instruction_start,true,false,true,true
3303,.text,0x60000020,33443446,0x1FE4E76,33446518,0x1FE5A76,6475897462,0x181FE5A76,0F05,true,true,false,true,103162,0x1FDC0A0,0x1FE6464,41924,39382,0x99D6,false,true,syscall,2,,,0x1FE6464,function_end,instruction_start,true,false,true,true
3304,.text,0x60000020,33444143,0x1FE512F,33447215,0x1FE5D2F,6475898159,0x181FE5D2F,0F05,true,true,false,true,103162,0x1FDC0A0,0x1FE6464,41924,40079,0x9C8F,false,true,syscall,2,,,0x1FE6464,function_end,instruction_start,true,false,true,true
3305,.text,0x60000020,33444543,0x1FE52BF,33447615,0x1FE5EBF,6475898559,0x181FE5EBF,0F05,true,true,false,true,103162,0x1FDC0A0,0x1FE6464,41924,40479,0x9E1F,false,true,syscall,2,,,0x1FE6464,function_end,instruction_start,true,false,true,true
3306,.text,0x60000020,33445566,0x1FE56BE,33448638,0x1FE62BE,6475899582,0x181FE62BE,0F05,true,true,false,true,103162,0x1FDC0A0,0x1FE6464,41924,41502,0xA21E,false,true,syscall,2,,,0x1FE6464,function_end,instruction_start,true,false,true,true
3307,.text,0x60000020,33455447,0x1FE7D57,33458519,0x1FE8957,6475909463,0x181FE8957,0F05,true,true,false,true,103174,0x1FE8350,0x1FEA126,7638,1543,0x607,false,true,syscall,2,,,0x1FEA126,function_end,instruction_start,true,false,true,true
3308,.text,0x60000020,33455968,0x1FE7F60,33459040,0x1FE8B60,6475909984,0x181FE8B60,0F05,true,true,false,true,103174,0x1FE8350,0x1FEA126,7638,2064,0x810,true,true,syscall,2,,,0x1FEA126,function_end,instruction_start,true,false,true,true
3309,.text,0x60000020,33456366,0x1FE80EE,33459438,0x1FE8CEE,6475910382,0x181FE8CEE,0F05,true,true,false,true,103174,0x1FE8350,0x1FEA126,7638,2462,0x99E,false,true,syscall,2,,,0x1FEA126,function_end,instruction_start,true,false,true,true
3310,.text,0x60000020,33457274,0x1FE847A,33460346,0x1FE907A,6475911290,0x181FE907A,0F05,true,true,false,true,103174,0x1FE8350,0x1FEA126,7638,3370,0xD2A,false,true,syscall,2,,,0x1FEA126,function_end,instruction_start,true,false,true,true
3311,.text,0x60000020,33457955,0x1FE8723,33461027,0x1FE9323,6475911971,0x181FE9323,0F05,true,true,false,true,103174,0x1FE8350,0x1FEA126,7638,4051,0xFD3,false,true,syscall,2,,,0x1FEA126,function_end,instruction_start,true,false,true,true
3312,.text,0x60000020,33458374,0x1FE88C6,33461446,0x1FE94C6,6475912390,0x181FE94C6,0F05,true,true,false,true,103174,0x1FE8350,0x1FEA126,7638,4470,0x1176,false,true,syscall,2,,,0x1FEA126,function_end,instruction_start,true,false,true,true
3313,.text,0x60000020,33459596,0x1FE8D8C,33462668,0x1FE998C,6475913612,0x181FE998C,0F05,true,true,false,true,103174,0x1FE8350,0x1FEA126,7638,5692,0x163C,true,true,syscall,2,,,0x1FEA126,function_end,instruction_start,true,false,true,true
3314,.text,0x60000020,33460103,0x1FE8F87,33463175,0x1FE9B87,6475914119,0x181FE9B87,0F05,true,true,false,true,103174,0x1FE8350,0x1FEA126,7638,6199,0x1837,false,true,syscall,2,,,0x1FEA126,function_end,instruction_start,true,false,true,true
3315,.text,0x60000020,33464500,0x1FEA0B4,33467572,0x1FEACB4,6475918516,0x181FEACB4,0F05,true,true,false,true,103179,0x1FEAAD0,0x1FEC9FD,7981,484,0x1E4,true,true,syscall,2,,,0x1FEC9FD,function_end,instruction_start,true,false,true,true
3316,.text,0x60000020,33464962,0x1FEA282,33468034,0x1FEAE82,6475918978,0x181FEAE82,0F05,true,true,false,true,103179,0x1FEAAD0,0x1FEC9FD,7981,946,0x3B2,false,true,syscall,2,,,0x1FEC9FD,function_end,instruction_start,true,false,true,true
3317,.text,0x60000020,33465549,0x1FEA4CD,33468621,0x1FEB0CD,6475919565,0x181FEB0CD,0F05,true,true,false,true,103179,0x1FEAAD0,0x1FEC9FD,7981,1533,0x5FD,false,true,syscall,2,,,0x1FEC9FD,function_end,instruction_start,true,false,true,true
3318,.text,0x60000020,33466036,0x1FEA6B4,33469108,0x1FEB2B4,6475920052,0x181FEB2B4,0F05,true,true,false,true,103179,0x1FEAAD0,0x1FEC9FD,7981,2020,0x7E4,true,true,syscall,2,,,0x1FEC9FD,function_end,instruction_start,true,false,true,true
3319,.text,0x60000020,33466697,0x1FEA949,33469769,0x1FEB549,6475920713,0x181FEB549,0F05,true,true,false,true,103179,0x1FEAAD0,0x1FEC9FD,7981,2681,0xA79,false,true,syscall,2,,,0x1FEC9FD,function_end,instruction_start,true,false,true,true
3320,.text,0x60000020,33468184,0x1FEAF18,33471256,0x1FEBB18,6475922200,0x181FEBB18,0F05,true,true,false,true,103179,0x1FEAAD0,0x1FEC9FD,7981,4168,0x1048,true,true,syscall,2,,,0x1FEC9FD,function_end,instruction_start,true,false,true,true
3321,.text,0x60000020,33468769,0x1FEB161,33471841,0x1FEBD61,6475922785,0x181FEBD61,0F05,true,true,false,true,103179,0x1FEAAD0,0x1FEC9FD,7981,4753,0x1291,false,true,syscall,2,,,0x1FEC9FD,function_end,instruction_start,true,false,true,true
3322,.text,0x60000020,33470454,0x1FEB7F6,33473526,0x1FEC3F6,6475924470,0x181FEC3F6,0F05,true,true,false,true,103179,0x1FEAAD0,0x1FEC9FD,7981,6438,0x1926,false,true,syscall,2,,,0x1FEC9FD,function_end,instruction_start,true,false,true,true
3323,.text,0x60000020,33472629,0x1FEC075,33475701,0x1FECC75,6475926645,0x181FECC75,0F05,true,true,false,true,103180,0x1FECA00,0x1FEE7D3,7635,629,0x275,false,true,syscall,2,,,0x1FEE7D3,function_end,instruction_start,true,false,true,true
3324,.text,0x60000020,33473544,0x1FEC408,33476616,0x1FED008,6475927560,0x181FED008,0F05,true,true,false,true,103180,0x1FECA00,0x1FEE7D3,7635,1544,0x608,true,true,syscall,2,,,0x1FEE7D3,function_end,instruction_start,true,false,true,true
3325,.text,0x60000020,33474202,0x1FEC69A,33477274,0x1FED29A,6475928218,0x181FED29A,0F05,true,true,false,true,103180,0x1FECA00,0x1FEE7D3,7635,2202,0x89A,false,true,syscall,2,,,0x1FEE7D3,function_end,instruction_start,true,false,true,true
3326,.text,0x60000020,33474720,0x1FEC8A0,33477792,0x1FED4A0,6475928736,0x181FED4A0,0F05,true,true,false,true,103180,0x1FECA00,0x1FEE7D3,7635,2720,0xAA0,true,true,syscall,2,,,0x1FEE7D3,function_end,instruction_start,true,false,true,true
3327,.text,0x60000020,33476807,0x1FED0C7,33479879,0x1FEDCC7,6475930823,0x181FEDCC7,0F05,true,true,false,true,103180,0x1FECA00,0x1FEE7D3,7635,4807,0x12C7,false,true,syscall,2,,,0x1FEE7D3,function_end,instruction_start,true,false,true,true
3328,.text,0x60000020,33477460,0x1FED354,33480532,0x1FEDF54,6475931476,0x181FEDF54,0F05,true,true,false,true,103180,0x1FECA00,0x1FEE7D3,7635,5460,0x1554,true,true,syscall,2,,,0x1FEE7D3,function_end,instruction_start,true,false,true,true
3329,.text,0x60000020,33478207,0x1FED63F,33481279,0x1FEE23F,6475932223,0x181FEE23F,0F05,true,true,false,true,103180,0x1FECA00,0x1FEE7D3,7635,6207,0x183F,false,true,syscall,2,,,0x1FEE7D3,function_end,instruction_start,true,false,true,true
3330,.text,0x60000020,33478701,0x1FED82D,33481773,0x1FEE42D,6475932717,0x181FEE42D,0F05,true,true,false,true,103180,0x1FECA00,0x1FEE7D3,7635,6701,0x1A2D,false,true,syscall,2,,,0x1FEE7D3,function_end,instruction_start,true,false,true,true
3331,.text,0x60000020,33588737,0x2008601,33591809,0x2009201,6476042753,0x182009201,0F05,true,true,false,true,103306,0x2008B90,0x200B443,10419,1649,0x671,false,true,syscall,2,,,0x200B443,function_end,instruction_start,true,false,true,true
3332,.text,0x60000020,33589603,0x2008963,33592675,0x2009563,6476043619,0x182009563,0F05,true,true,false,true,103306,0x2008B90,0x200B443,10419,2515,0x9D3,false,true,syscall,2,,,0x200B443,function_end,instruction_start,true,false,true,true
3333,.text,0x60000020,33591861,0x2009235,33594933,0x2009E35,6476045877,0x182009E35,0F05,true,true,false,true,103306,0x2008B90,0x200B443,10419,4773,0x12A5,false,true,syscall,2,,,0x200B443,function_end,instruction_start,true,false,true,true
3334,.text,0x60000020,33592500,0x20094B4,33595572,0x200A0B4,6476046516,0x18200A0B4,0F05,true,true,false,true,103306,0x2008B90,0x200B443,10419,5412,0x1524,true,true,syscall,2,,,0x200B443,function_end,instruction_start,true,false,true,true
3335,.text,0x60000020,33593971,0x2009A73,33597043,0x200A673,6476047987,0x18200A673,0F05,true,true,false,true,103306,0x2008B90,0x200B443,10419,6883,0x1AE3,false,true,syscall,2,,,0x200B443,function_end,instruction_start,true,false,true,true
3336,.text,0x60000020,33594356,0x2009BF4,33597428,0x200A7F4,6476048372,0x18200A7F4,0F05,true,true,false,true,103306,0x2008B90,0x200B443,10419,7268,0x1C64,true,true,syscall,2,,,0x200B443,function_end,instruction_start,true,false,true,true
3337,.text,0x60000020,33596290,0x200A382,33599362,0x200AF82,6476050306,0x18200AF82,0F05,true,true,false,true,103306,0x2008B90,0x200B443,10419,9202,0x23F2,false,true,syscall,2,,,0x200B443,function_end,instruction_start,true,false,true,true
3338,.text,0x60000020,33597336,0x200A798,33600408,0x200B398,6476051352,0x18200B398,0F05,true,true,false,true,103306,0x2008B90,0x200B443,10419,10248,0x2808,true,true,syscall,2,,,0x200B443,function_end,instruction_start,true,false,true,true
3339,.text,0x60000020,33640759,0x2015137,33643831,0x2015D37,6476094775,0x182015D37,0F05,true,true,false,true,103399,0x2015B10,0x2019618,15112,551,0x227,false,true,syscall,2,,,0x2019618,function_end,instruction_start,true,false,true,true
3340,.text,0x60000020,33641831,0x2015567,33644903,0x2016167,6476095847,0x182016167,0F05,true,true,false,true,103399,0x2015B10,0x2019618,15112,1623,0x657,false,true,syscall,2,,,0x2019618,function_end,instruction_start,true,false,true,true
3341,.text,0x60000020,33642661,0x20158A5,33645733,0x20164A5,6476096677,0x1820164A5,0F05,true,true,false,true,103399,0x2015B10,0x2019618,15112,2453,0x995,false,true,syscall,2,,,0x2019618,function_end,instruction_start,true,false,true,true
3342,.text,0x60000020,33643750,0x2015CE6,33646822,0x20168E6,6476097766,0x1820168E6,0F05,true,true,false,true,103399,0x2015B10,0x2019618,15112,3542,0xDD6,false,true,syscall,2,,,0x2019618,function_end,instruction_start,true,false,true,true
3343,.text,0x60000020,33644608,0x2016040,33647680,0x2016C40,6476098624,0x182016C40,0F05,true,true,false,true,103399,0x2015B10,0x2019618,15112,4400,0x1130,true,true,syscall,2,,,0x2019618,function_end,instruction_start,true,false,true,true
3344,.text,0x60000020,33645341,0x201631D,33648413,0x2016F1D,6476099357,0x182016F1D,0F05,true,true,false,true,103399,0x2015B10,0x2019618,15112,5133,0x140D,false,true,syscall,2,,,0x2019618,function_end,instruction_start,true,false,true,true
3345,.text,0x60000020,33645930,0x201656A,33649002,0x201716A,6476099946,0x18201716A,0F05,true,true,false,true,103399,0x2015B10,0x2019618,15112,5722,0x165A,false,true,syscall,2,,,0x2019618,function_end,instruction_start,true,false,true,true
3346,.text,0x60000020,33646760,0x20168A8,33649832,0x20174A8,6476100776,0x1820174A8,0F05,true,true,false,true,103399,0x2015B10,0x2019618,15112,6552,0x1998,true,true,syscall,2,,,0x2019618,function_end,instruction_start,true,false,true,true
3347,.text,0x60000020,33647936,0x2016D40,33651008,0x2017940,6476101952,0x182017940,0F05,true,true,false,true,103399,0x2015B10,0x2019618,15112,7728,0x1E30,true,true,syscall,2,,,0x2019618,function_end,instruction_start,true,false,true,true
3348,.text,0x60000020,33648538,0x2016F9A,33651610,0x2017B9A,6476102554,0x182017B9A,0F05,true,true,false,true,103399,0x2015B10,0x2019618,15112,8330,0x208A,false,true,syscall,2,,,0x2019618,function_end,instruction_start,true,false,true,true
3349,.text,0x60000020,33649085,0x20171BD,33652157,0x2017DBD,6476103101,0x182017DBD,0F05,true,true,false,true,103399,0x2015B10,0x2019618,15112,8877,0x22AD,false,true,syscall,2,,,0x2019618,function_end,instruction_start,true,false,true,true
3350,.text,0x60000020,33650579,0x2017793,33653651,0x2018393,6476104595,0x182018393,0F05,true,true,false,true,103399,0x2015B10,0x2019618,15112,10371,0x2883,false,true,syscall,2,,,0x2019618,function_end,instruction_start,true,false,true,true
3351,.text,0x60000020,33651806,0x2017C5E,33654878,0x201885E,6476105822,0x18201885E,0F05,true,true,false,true,103399,0x2015B10,0x2019618,15112,11598,0x2D4E,false,true,syscall,2,,,0x2019618,function_end,instruction_start,true,false,true,true
3352,.text,0x60000020,33653390,0x201828E,33656462,0x2018E8E,6476107406,0x182018E8E,0F05,true,true,false,true,103399,0x2015B10,0x2019618,15112,13182,0x337E,false,true,syscall,2,,,0x2019618,function_end,instruction_start,true,false,true,true
3353,.text,0x60000020,33654158,0x201858E,33657230,0x201918E,6476108174,0x18201918E,0F05,true,true,false,true,103399,0x2015B10,0x2019618,15112,13950,0x367E,false,true,syscall,2,,,0x2019618,function_end,instruction_start,true,false,true,true
3354,.text,0x60000020,33654704,0x20187B0,33657776,0x20193B0,6476108720,0x1820193B0,0F05,true,true,false,true,103399,0x2015B10,0x2019618,15112,14496,0x38A0,true,true,syscall,2,,,0x2019618,function_end,instruction_start,true,false,true,true
3355,.text,0x60000020,33658566,0x20196C6,33661638,0x201A2C6,6476112582,0x18201A2C6,0F05,true,true,false,true,103405,0x2019770,0x201B2D5,7013,2902,0xB56,false,true,syscall,2,,,0x201B2D5,function_end,instruction_start,true,false,true,true
3356,.text,0x60000020,33658968,0x2019858,33662040,0x201A458,6476112984,0x18201A458,0F05,true,true,false,true,103405,0x2019770,0x201B2D5,7013,3304,0xCE8,true,true,syscall,2,,,0x201B2D5,function_end,instruction_start,true,false,true,true
3357,.text,0x60000020,33659450,0x2019A3A,33662522,0x201A63A,6476113466,0x18201A63A,0F05,true,true,false,true,103405,0x2019770,0x201B2D5,7013,3786,0xECA,false,true,syscall,2,,,0x201B2D5,function_end,instruction_start,true,false,true,true
3358,.text,0x60000020,33660395,0x2019DEB,33663467,0x201A9EB,6476114411,0x18201A9EB,0F05,true,true,false,true,103405,0x2019770,0x201B2D5,7013,4731,0x127B,false,true,syscall,2,,,0x201B2D5,function_end,instruction_start,true,false,true,true
3359,.text,0x60000020,33660975,0x201A02F,33664047,0x201AC2F,6476114991,0x18201AC2F,0F05,true,true,false,true,103405,0x2019770,0x201B2D5,7013,5311,0x14BF,false,true,syscall,2,,,0x201B2D5,function_end,instruction_start,true,false,true,true
3360,.text,0x60000020,33661308,0x201A17C,33664380,0x201AD7C,6476115324,0x18201AD7C,0F05,true,true,false,true,103405,0x2019770,0x201B2D5,7013,5644,0x160C,true,true,syscall,2,,,0x201B2D5,function_end,instruction_start,true,false,true,true
3361,.text,0x60000020,33661897,0x201A3C9,33664969,0x201AFC9,6476115913,0x18201AFC9,0F05,true,true,false,true,103405,0x2019770,0x201B2D5,7013,6233,0x1859,false,true,syscall,2,,,0x201B2D5,function_end,instruction_start,true,false,true,true
3362,.text,0x60000020,33662514,0x201A632,33665586,0x201B232,6476116530,0x18201B232,0F05,true,true,false,true,103405,0x2019770,0x201B2D5,7013,6850,0x1AC2,false,true,syscall,2,,,0x201B2D5,function_end,instruction_start,true,false,true,true
3363,.text,0x60000020,33667095,0x201B817,33670167,0x201C417,6476121111,0x18201C417,0F05,true,true,false,true,103413,0x201C200,0x201DFF6,7670,535,0x217,false,true,syscall,2,,,0x201DFF6,function_end,instruction_start,true,false,true,true
3364,.text,0x60000020,33668216,0x201BC78,33671288,0x201C878,6476122232,0x18201C878,0F05,true,true,false,true,103413,0x201C200,0x201DFF6,7670,1656,0x678,true,true,syscall,2,,,0x201DFF6,function_end,instruction_start,true,false,true,true
3365,.text,0x60000020,33668974,0x201BF6E,33672046,0x201CB6E,6476122990,0x18201CB6E,0F05,true,true,false,true,103413,0x201C200,0x201DFF6,7670,2414,0x96E,false,true,syscall,2,,,0x201DFF6,function_end,instruction_start,true,false,true,true
3366,.text,0x60000020,33669449,0x201C149,33672521,0x201CD49,6476123465,0x18201CD49,0F05,true,true,false,true,103413,0x201C200,0x201DFF6,7670,2889,0xB49,false,true,syscall,2,,,0x201DFF6,function_end,instruction_start,true,false,true,true
3367,.text,0x60000020,33670175,0x201C41F,33673247,0x201D01F,6476124191,0x18201D01F,0F05,true,true,false,true,103413,0x201C200,0x201DFF6,7670,3615,0xE1F,false,true,syscall,2,,,0x201DFF6,function_end,instruction_start,true,false,true,true
3368,.text,0x60000020,33670779,0x201C67B,33673851,0x201D27B,6476124795,0x18201D27B,0F05,true,true,false,true,103413,0x201C200,0x201DFF6,7670,4219,0x107B,false,true,syscall,2,,,0x201DFF6,function_end,instruction_start,true,false,true,true
3369,.text,0x60000020,33671410,0x201C8F2,33674482,0x201D4F2,6476125426,0x18201D4F2,0F05,true,true,false,true,103413,0x201C200,0x201DFF6,7670,4850,0x12F2,false,true,syscall,2,,,0x201DFF6,function_end,instruction_start,true,false,true,true
3370,.text,0x60000020,33671950,0x201CB0E,33675022,0x201D70E,6476125966,0x18201D70E,0F05,true,true,false,true,103413,0x201C200,0x201DFF6,7670,5390,0x150E,false,true,syscall,2,,,0x201DFF6,function_end,instruction_start,true,false,true,true
3371,.text,0x60000020,33762941,0x2032E7D,33766013,0x2033A7D,6476216957,0x182033A7D,0F05,true,true,false,true,104886,0x2033690,0x2047B87,83191,1005,0x3ED,false,true,syscall,2,,,0x2047B87,function_end,instruction_start,true,false,true,true
3372,.text,0x60000020,33764268,0x20333AC,33767340,0x2033FAC,6476218284,0x182033FAC,0F05,true,true,false,true,104886,0x2033690,0x2047B87,83191,2332,0x91C,true,true,syscall,2,,,0x2047B87,function_end,instruction_start,true,false,true,true
3373,.text,0x60000020,33764753,0x2033591,33767825,0x2034191,6476218769,0x182034191,0F05,true,true,false,true,104886,0x2033690,0x2047B87,83191,2817,0xB01,false,true,syscall,2,,,0x2047B87,function_end,instruction_start,true,false,true,true
3374,.text,0x60000020,33766475,0x2033C4B,33769547,0x203484B,6476220491,0x18203484B,0F05,true,true,false,true,104886,0x2033690,0x2047B87,83191,4539,0x11BB,false,true,syscall,2,,,0x2047B87,function_end,instruction_start,true,false,true,true
3375,.text,0x60000020,33766917,0x2033E05,33769989,0x2034A05,6476220933,0x182034A05,0F05,true,true,false,true,104886,0x2033690,0x2047B87,83191,4981,0x1375,false,true,syscall,2,,,0x2047B87,function_end,instruction_start,true,false,true,true
3376,.text,0x60000020,33767584,0x20340A0,33770656,0x2034CA0,6476221600,0x182034CA0,0F05,true,true,false,true,104886,0x2033690,0x2047B87,83191,5648,0x1610,true,true,syscall,2,,,0x2047B87,function_end,instruction_start,true,false,true,true
3377,.text,0x60000020,33768372,0x20343B4,33771444,0x2034FB4,6476222388,0x182034FB4,0F05,true,true,false,true,104886,0x2033690,0x2047B87,83191,6436,0x1924,true,true,syscall,2,,,0x2047B87,function_end,instruction_start,true,false,true,true
3378,.text,0x60000020,33768811,0x203456B,33771883,0x203516B,6476222827,0x18203516B,0F05,true,true,false,true,104886,0x2033690,0x2047B87,83191,6875,0x1ADB,false,true,syscall,2,,,0x2047B87,function_end,instruction_start,true,false,true,true
3379,.text,0x60000020,33770081,0x2034A61,33773153,0x2035661,6476224097,0x182035661,0F05,true,true,false,true,104886,0x2033690,0x2047B87,83191,8145,0x1FD1,false,true,syscall,2,,,0x2047B87,function_end,instruction_start,true,false,true,true
3380,.text,0x60000020,33770670,0x2034CAE,33773742,0x20358AE,6476224686,0x1820358AE,0F05,true,true,false,true,104886,0x2033690,0x2047B87,83191,8734,0x221E,false,true,syscall,2,,,0x2047B87,function_end,instruction_start,true,false,true,true
3381,.text,0x60000020,33771394,0x2034F82,33774466,0x2035B82,6476225410,0x182035B82,0F05,true,true,false,true,104886,0x2033690,0x2047B87,83191,9458,0x24F2,false,true,syscall,2,,,0x2047B87,function_end,instruction_start,true,false,true,true
3382,.text,0x60000020,33775085,0x2035DED,33778157,0x20369ED,6476229101,0x1820369ED,0F05,true,true,false,true,104886,0x2033690,0x2047B87,83191,13149,0x335D,false,true,syscall,2,,,0x2047B87,function_end,instruction_start,true,false,true,true
3383,.text,0x60000020,33776192,0x2036240,33779264,0x2036E40,6476230208,0x182036E40,0F05,true,true,false,true,104886,0x2033690,0x2047B87,83191,14256,0x37B0,true,true,syscall,2,,,0x2047B87,function_end,instruction_start,true,false,true,true
3384,.text,0x60000020,33777679,0x203680F,33780751,0x203740F,6476231695,0x18203740F,0F05,true,true,false,true,104886,0x2033690,0x2047B87,83191,15743,0x3D7F,false,true,syscall,2,,,0x2047B87,function_end,instruction_start,true,false,true,true
3385,.text,0x60000020,33780153,0x20371B9,33783225,0x2037DB9,6476234169,0x182037DB9,0F05,true,true,false,true,104886,0x2033690,0x2047B87,83191,18217,0x4729,false,true,syscall,2,,,0x2047B87,function_end,instruction_start,true,false,true,true
3386,.text,0x60000020,33780571,0x203735B,33783643,0x2037F5B,6476234587,0x182037F5B,0F05,true,true,false,true,104886,0x2033690,0x2047B87,83191,18635,0x48CB,false,true,syscall,2,,,0x2047B87,function_end,instruction_start,true,false,true,true
3387,.text,0x60000020,33781811,0x2037833,33784883,0x2038433,6476235827,0x182038433,0F05,true,true,false,true,104886,0x2033690,0x2047B87,83191,19875,0x4DA3,false,true,syscall,2,,,0x2047B87,function_end,instruction_start,true,false,true,true
3388,.text,0x60000020,33782336,0x2037A40,33785408,0x2038640,6476236352,0x182038640,0F05,true,true,false,true,104886,0x2033690,0x2047B87,83191,20400,0x4FB0,true,true,syscall,2,,,0x2047B87,function_end,instruction_start,true,false,true,true
3389,.text,0x60000020,33783326,0x2037E1E,33786398,0x2038A1E,6476237342,0x182038A1E,0F05,true,true,false,true,104886,0x2033690,0x2047B87,83191,21390,0x538E,false,true,syscall,2,,,0x2047B87,function_end,instruction_start,true,false,true,true
3390,.text,0x60000020,33784204,0x203818C,33787276,0x2038D8C,6476238220,0x182038D8C,0F05,true,true,false,true,104886,0x2033690,0x2047B87,83191,22268,0x56FC,true,true,,0,0x2038D8A,call 0x89ce0,0x2047B87,function_end,covered_by_instruction,false,true,false,false
3391,.text,0x60000020,33785028,0x20384C4,33788100,0x20390C4,6476239044,0x1820390C4,0F05,true,true,false,true,104886,0x2033690,0x2047B87,83191,23092,0x5A34,true,true,syscall,2,,,0x2047B87,function_end,instruction_start,true,false,true,true
3392,.text,0x60000020,33785626,0x203871A,33788698,0x203931A,6476239642,0x18203931A,0F05,true,true,false,true,104886,0x2033690,0x2047B87,83191,23690,0x5C8A,false,true,,0,0x2039318,call 0x8a230,0x2047B87,function_end,covered_by_instruction,false,true,false,false
3393,.text,0x60000020,33786594,0x2038AE2,33789666,0x20396E2,6476240610,0x1820396E2,0F05,true,true,false,true,104886,0x2033690,0x2047B87,83191,24658,0x6052,false,true,syscall,2,,,0x2047B87,function_end,instruction_start,true,false,true,true
3394,.text,0x60000020,33787943,0x2039027,33791015,0x2039C27,6476241959,0x182039C27,0F05,true,true,false,true,104886,0x2033690,0x2047B87,83191,26007,0x6597,false,true,syscall,2,,,0x2047B87,function_end,instruction_start,true,false,true,true
3395,.text,0x60000020,33788750,0x203934E,33791822,0x2039F4E,6476242766,0x182039F4E,0F05,true,true,false,true,104886,0x2033690,0x2047B87,83191,26814,0x68BE,false,true,syscall,2,,,0x2047B87,function_end,instruction_start,true,false,true,true
3396,.text,0x60000020,33789695,0x20396FF,33792767,0x203A2FF,6476243711,0x18203A2FF,0F05,true,true,false,true,104886,0x2033690,0x2047B87,83191,27759,0x6C6F,false,true,syscall,2,,,0x2047B87,function_end,instruction_start,true,false,true,true
3397,.text,0x60000020,33797894,0x203B706,33800966,0x203C306,6476251910,0x18203C306,0F05,true,true,false,true,104886,0x2033690,0x2047B87,83191,35958,0x8C76,false,true,syscall,2,,,0x2047B87,function_end,instruction_start,true,false,true,true
3398,.text,0x60000020,33798903,0x203BAF7,33801975,0x203C6F7,6476252919,0x18203C6F7,0F05,true,true,false,true,104886,0x2033690,0x2047B87,83191,36967,0x9067,false,true,syscall,2,,,0x2047B87,function_end,instruction_start,true,false,true,true
3399,.text,0x60000020,33799891,0x203BED3,33802963,0x203CAD3,6476253907,0x18203CAD3,0F05,true,true,false,true,104886,0x2033690,0x2047B87,83191,37955,0x9443,false,true,syscall,2,,,0x2047B87,function_end,instruction_start,true,false,true,true
3400,.text,0x60000020,33800724,0x203C214,33803796,0x203CE14,6476254740,0x18203CE14,0F05,true,true,false,true,104886,0x2033690,0x2047B87,83191,38788,0x9784,true,true,syscall,2,,,0x2047B87,function_end,instruction_start,true,false,true,true
3401,.text,0x60000020,33801217,0x203C401,33804289,0x203D001,6476255233,0x18203D001,0F05,true,true,false,true,104886,0x2033690,0x2047B87,83191,39281,0x9971,false,true,syscall,2,,,0x2047B87,function_end,instruction_start,true,false,true,true
3402,.text,0x60000020,33801960,0x203C6E8,33805032,0x203D2E8,6476255976,0x18203D2E8,0F05,true,true,false,true,104886,0x2033690,0x2047B87,83191,40024,0x9C58,true,true,syscall,2,,,0x2047B87,function_end,instruction_start,true,false,true,true
3403,.text,0x60000020,33804011,0x203CEEB,33807083,0x203DAEB,6476258027,0x18203DAEB,0F05,true,true,false,true,104886,0x2033690,0x2047B87,83191,42075,0xA45B,false,true,syscall,2,,,0x2047B87,function_end,instruction_start,true,false,true,true
3404,.text,0x60000020,33804707,0x203D1A3,33807779,0x203DDA3,6476258723,0x18203DDA3,0F05,true,true,false,true,104886,0x2033690,0x2047B87,83191,42771,0xA713,false,true,syscall,2,,,0x2047B87,function_end,instruction_start,true,false,true,true
3405,.text,0x60000020,33805274,0x203D3DA,33808346,0x203DFDA,6476259290,0x18203DFDA,0F05,true,true,false,true,104886,0x2033690,0x2047B87,83191,43338,0xA94A,false,true,syscall,2,,,0x2047B87,function_end,instruction_start,true,false,true,true
3406,.text,0x60000020,33806528,0x203D8C0,33809600,0x203E4C0,6476260544,0x18203E4C0,0F05,true,true,false,true,104886,0x2033690,0x2047B87,83191,44592,0xAE30,true,true,syscall,2,,,0x2047B87,function_end,instruction_start,true,false,true,true
3407,.text,0x60000020,33809313,0x203E3A1,33812385,0x203EFA1,6476263329,0x18203EFA1,0F05,true,true,false,true,104886,0x2033690,0x2047B87,83191,47377,0xB911,false,true,syscall,2,,,0x2047B87,function_end,instruction_start,true,false,true,true
3408,.text,0x60000020,33812527,0x203F02F,33815599,0x203FC2F,6476266543,0x18203FC2F,0F05,true,true,false,true,104886,0x2033690,0x2047B87,83191,50591,0xC59F,false,true,syscall,2,,,0x2047B87,function_end,instruction_start,true,false,true,true
3409,.text,0x60000020,33813517,0x203F40D,33816589,0x204000D,6476267533,0x18204000D,0F05,true,true,false,true,104886,0x2033690,0x2047B87,83191,51581,0xC97D,false,true,syscall,2,,,0x2047B87,function_end,instruction_start,true,false,true,true
3410,.text,0x60000020,33814659,0x203F883,33817731,0x2040483,6476268675,0x182040483,0F05,true,true,false,true,104886,0x2033690,0x2047B87,83191,52723,0xCDF3,false,true,syscall,2,,,0x2047B87,function_end,instruction_start,true,false,true,true
3411,.text,0x60000020,33815260,0x203FADC,33818332,0x20406DC,6476269276,0x1820406DC,0F05,true,true,false,true,104886,0x2033690,0x2047B87,83191,53324,0xD04C,true,true,syscall,2,,,0x2047B87,function_end,instruction_start,true,false,true,true
3412,.text,0x60000020,33816350,0x203FF1E,33819422,0x2040B1E,6476270366,0x182040B1E,0F05,true,true,false,true,104886,0x2033690,0x2047B87,83191,54414,0xD48E,false,true,syscall,2,,,0x2047B87,function_end,instruction_start,true,false,true,true
3413,.text,0x60000020,33817105,0x2040211,33820177,0x2040E11,6476271121,0x182040E11,0F05,true,true,false,true,104886,0x2033690,0x2047B87,83191,55169,0xD781,false,true,syscall,2,,,0x2047B87,function_end,instruction_start,true,false,true,true
3414,.text,0x60000020,33817647,0x204042F,33820719,0x204102F,6476271663,0x18204102F,0F05,true,true,false,true,104886,0x2033690,0x2047B87,83191,55711,0xD99F,false,true,syscall,2,,,0x2047B87,function_end,instruction_start,true,false,true,true
3415,.text,0x60000020,33818828,0x20408CC,33821900,0x20414CC,6476272844,0x1820414CC,0F05,true,true,false,true,104886,0x2033690,0x2047B87,83191,56892,0xDE3C,true,true,syscall,2,,,0x2047B87,function_end,instruction_start,true,false,true,true
3416,.text,0x60000020,33820901,0x20410E5,33823973,0x2041CE5,6476274917,0x182041CE5,0F05,true,true,false,true,104886,0x2033690,0x2047B87,83191,58965,0xE655,false,true,syscall,2,,,0x2047B87,function_end,instruction_start,true,false,true,true
3417,.text,0x60000020,33821860,0x20414A4,33824932,0x20420A4,6476275876,0x1820420A4,0F05,true,true,false,true,104886,0x2033690,0x2047B87,83191,59924,0xEA14,true,true,syscall,2,,,0x2047B87,function_end,instruction_start,true,false,true,true
3418,.text,0x60000020,33822435,0x20416E3,33825507,0x20422E3,6476276451,0x1820422E3,0F05,true,true,false,true,104886,0x2033690,0x2047B87,83191,60499,0xEC53,false,true,syscall,2,,,0x2047B87,function_end,instruction_start,true,false,true,true
3419,.text,0x60000020,33822992,0x2041910,33826064,0x2042510,6476277008,0x182042510,0F05,true,true,false,true,104886,0x2033690,0x2047B87,83191,61056,0xEE80,true,true,syscall,2,,,0x2047B87,function_end,instruction_start,true,false,true,true
3420,.text,0x60000020,33826587,0x204271B,33829659,0x204331B,6476280603,0x18204331B,0F05,true,true,false,true,104886,0x2033690,0x2047B87,83191,64651,0xFC8B,false,true,syscall,2,,,0x2047B87,function_end,instruction_start,true,false,true,true
3421,.text,0x60000020,33827724,0x2042B8C,33830796,0x204378C,6476281740,0x18204378C,0F05,true,true,false,true,104886,0x2033690,0x2047B87,83191,65788,0x100FC,true,true,syscall,2,,,0x2047B87,function_end,instruction_start,true,false,true,true
3422,.text,0x60000020,33828731,0x2042F7B,33831803,0x2043B7B,6476282747,0x182043B7B,0F05,true,true,false,true,104886,0x2033690,0x2047B87,83191,66795,0x104EB,false,true,syscall,2,,,0x2047B87,function_end,instruction_start,true,false,true,true
3423,.text,0x60000020,33831722,0x2043B2A,33834794,0x204472A,6476285738,0x18204472A,0F05,true,true,false,true,104886,0x2033690,0x2047B87,83191,69786,0x1109A,false,true,syscall,2,,,0x2047B87,function_end,instruction_start,true,false,true,true
3424,.text,0x60000020,33834033,0x2044431,33837105,0x2045031,6476288049,0x182045031,0F05,true,true,false,true,104886,0x2033690,0x2047B87,83191,72097,0x119A1,false,true,syscall,2,,,0x2047B87,function_end,instruction_start,true,false,true,true
3425,.text,0x60000020,33837006,0x2044FCE,33840078,0x2045BCE,6476291022,0x182045BCE,0F05,true,true,false,true,104886,0x2033690,0x2047B87,83191,75070,0x1253E,false,true,syscall,2,,,0x2047B87,function_end,instruction_start,true,false,true,true
3426,.text,0x60000020,33837749,0x20452B5,33840821,0x2045EB5,6476291765,0x182045EB5,0F05,true,true,false,true,104886,0x2033690,0x2047B87,83191,75813,0x12825,false,true,syscall,2,,,0x2047B87,function_end,instruction_start,true,false,true,true
3427,.text,0x60000020,33840054,0x2045BB6,33843126,0x20467B6,6476294070,0x1820467B6,0F05,true,true,false,true,104886,0x2033690,0x2047B87,83191,78118,0x13126,false,true,syscall,2,,,0x2047B87,function_end,instruction_start,true,false,true,true
3428,.text,0x60000020,33843318,0x2046876,33846390,0x2047476,6476297334,0x182047476,0F05,true,true,false,true,104886,0x2033690,0x2047B87,83191,81382,0x13DE6,false,true,syscall,2,,,0x2047B87,function_end,instruction_start,true,false,true,true
3429,.text,0x60000020,34258461,0x20ABE1D,34261533,0x20ACA1D,6476712477,0x1820ACA1D,0F05,true,true,false,true,107070,0x20AC590,0x20ACC38,1704,1165,0x48D,false,true,,0,0x20ACA1A,"lea rdx, [rip + 0x50f]",0x20ACC38,function_end,covered_by_instruction,false,true,false,false
3430,.text,0x60000020,34266461,0x20ADD5D,34269533,0x20AE95D,6476720477,0x1820AE95D,0F05,true,true,false,true,107118,0x20AE4D0,0x20AEB78,1704,1165,0x48D,false,true,,0,0x20AE95A,"lea rdx, [rip + 0x50f]",0x20AEB78,function_end,covered_by_instruction,false,true,false,false
3431,.text,0x60000020,34274493,0x20AFCBD,34277565,0x20B08BD,6476728509,0x1820B08BD,0F05,true,true,false,true,107161,0x20B0430,0x20B0AD8,1704,1165,0x48D,false,true,,0,0x20B08BA,"lea rdx, [rip + 0x50f]",0x20B0AD8,function_end,covered_by_instruction,false,true,false,false
3432,.text,0x60000020,34281869,0x20B198D,34284941,0x20B258D,6476735885,0x1820B258D,0F05,true,true,false,true,107204,0x20B2100,0x20B27A8,1704,1165,0x48D,false,true,,0,0x20B258A,"lea rdx, [rip + 0x50f]",0x20B27A8,function_end,covered_by_instruction,false,true,false,false
3433,.text,0x60000020,34289229,0x20B364D,34292301,0x20B424D,6476743245,0x1820B424D,0F05,true,true,false,true,107247,0x20B3DC0,0x20B4468,1704,1165,0x48D,false,true,,0,0x20B424A,"lea rdx, [rip + 0x50f]",0x20B4468,function_end,covered_by_instruction,false,true,false,false
3434,.text,0x60000020,34296589,0x20B530D,34299661,0x20B5F0D,6476750605,0x1820B5F0D,0F05,true,true,false,true,107290,0x20B5A80,0x20B6128,1704,1165,0x48D,false,true,,0,0x20B5F0A,"lea rdx, [rip + 0x50f]",0x20B6128,function_end,covered_by_instruction,false,true,false,false
3435,.text,0x60000020,34303965,0x20B6FDD,34307037,0x20B7BDD,6476757981,0x1820B7BDD,0F05,true,true,false,true,107333,0x20B7750,0x20B7DF8,1704,1165,0x48D,false,true,,0,0x20B7BDA,"lea rdx, [rip + 0x50f]",0x20B7DF8,function_end,covered_by_instruction,false,true,false,false
3436,.text,0x60000020,34311325,0x20B8C9D,34314397,0x20B989D,6476765341,0x1820B989D,0F05,true,true,false,true,107376,0x20B9410,0x20B9AB8,1704,1165,0x48D,false,true,,0,0x20B989A,"lea rdx, [rip + 0x50f]",0x20B9AB8,function_end,covered_by_instruction,false,true,false,false
3437,.text,0x60000020,34512250,0x20E9D7A,34515322,0x20EA97A,6476966266,0x1820EA97A,0F05,true,true,false,true,108123,0x20DF490,0x20EED86,63734,46314,0xB4EA,false,true,,0,0x20EA978,call 0x213b920,0x20EED86,function_end,covered_by_instruction,false,true,false,false
3438,.text,0x60000020,34512258,0x20E9D82,34515330,0x20EA982,6476966274,0x1820EA982,0F05,true,true,false,true,108123,0x20DF490,0x20EED86,63734,46322,0xB4F2,false,true,,0,0x20EA980,call 0x213b940,0x20EED86,function_end,covered_by_instruction,false,true,false,false
3439,.text,0x60000020,34866437,0x2140505,34869509,0x2141105,6477320453,0x182141105,0F05,true,true,false,false,,,,,,,false,false,,0,,,,no_pdata_function,no_pdata_function,false,true,false,false
3440,.text,0x60000020,34890677,0x21463B5,34893749,0x2146FB5,6477344693,0x182146FB5,0F05,true,true,false,true,108942,0x2146FB0,0x2146FC2,18,5,0x5,false,true,,0,0x2146FB1,"lea rax, [rip + 0x50f27]",0x2146FC2,function_end,covered_by_instruction,false,true,false,false
3441,.text,0x60000020,35800536,0x22245D8,35803608,0x22251D8,6478254552,0x1822251D8,0F05,true,true,false,true,111795,0x22159E0,0x222C68D,93357,63480,0xF7F8,true,true,,0,0x22251D6,call 0x22761c0,0x222C68D,function_end,covered_by_instruction,false,true,false,false
3442,.text,0x60000020,35800544,0x22245E0,35803616,0x22251E0,6478254560,0x1822251E0,0F05,true,true,false,true,111795,0x22159E0,0x222C68D,93357,63488,0xF800,true,true,,0,0x22251DE,call 0x22761e0,0x222C68D,function_end,covered_by_instruction,false,true,false,false
3443,.text,0x60000020,35807965,0x22262DD,35811037,0x2226EDD,6478261981,0x182226EDD,0F05,true,true,false,true,111795,0x22159E0,0x222C68D,93357,70909,0x114FD,false,true,,0,0x2226EDB,call 0x2277de0,0x222C68D,function_end,covered_by_instruction,false,true,false,false
3444,.text,0x60000020,35869735,0x2235427,35872807,0x2236027,6478323751,0x182236027,0F05,true,true,false,true,111797,0x2231E60,0x2260345,189669,16839,0x41C7,false,true,,0,0x2236025,call 0x2286fa0,0x2260345,function_end,covered_by_instruction,false,true,false,false
3445,.text,0x60000020,35869743,0x223542F,35872815,0x223602F,6478323759,0x18223602F,0F05,true,true,false,true,111797,0x2231E60,0x2260345,189669,16847,0x41CF,false,true,,0,0x223602D,call 0x2286fc0,0x2260345,function_end,covered_by_instruction,false,true,false,false
3446,.text,0x60000020,35869761,0x2235441,35872833,0x2236041,6478323777,0x182236041,0F05,true,true,false,true,111797,0x2231E60,0x2260345,189669,16865,0x41E1,false,true,,0,0x223603F,call 0x2286fd0,0x2260345,function_end,covered_by_instruction,false,true,false,false
3447,.text,0x60000020,35885499,0x22391BB,35888571,0x2239DBB,6478339515,0x182239DBB,0F05,true,true,false,true,111797,0x2231E60,0x2260345,189669,32603,0x7F5B,false,true,,0,0x2239DB9,call 0x228ad80,0x2260345,function_end,covered_by_instruction,false,true,false,false
3448,.text,0x60000020,35885507,0x22391C3,35888579,0x2239DC3,6478339523,0x182239DC3,0F05,true,true,false,true,111797,0x2231E60,0x2260345,189669,32611,0x7F63,false,true,,0,0x2239DC1,call 0x228ada0,0x2260345,function_end,covered_by_instruction,false,true,false,false
3449,.text,0x60000020,35885546,0x22391EA,35888618,0x2239DEA,6478339562,0x182239DEA,0F05,true,true,false,true,111797,0x2231E60,0x2260345,189669,32650,0x7F8A,false,true,,0,0x2239DE8,call 0x228adb0,0x2260345,function_end,covered_by_instruction,false,true,false,false
3450,.text,0x60000020,35974639,0x224EDEF,35977711,0x224F9EF,6478428655,0x18224F9EF,0F05,true,true,false,true,111797,0x2231E60,0x2260345,189669,121743,0x1DB8F,false,true,,0,0x224F9ED,"movabs rax, 0x6a8e6cf6835f050f",0x2260345,function_end,covered_by_instruction,false,true,false,false
3451,.text,0x60000020,36049205,0x2261135,36052277,0x2261D35,6478503221,0x182261D35,0F05,true,true,false,true,111798,0x2260350,0x2265A0E,22206,6629,0x19E5,false,true,,0,0x2261D33,"movabs rax, 0x6a8e6cf6835f050f",0x2265A0E,function_end,covered_by_instruction,false,true,false,false
3452,.text,0x60000020,36110791,0x22701C7,36113863,0x2270DC7,6478564807,0x182270DC7,0F05,true,true,false,false,,,,,,,false,false,,0,,,,no_pdata_function,no_pdata_function,false,true,false,false
3453,.text,0x60000020,36593224,0x22E5E48,36596296,0x22E6A48,6479047240,0x1822E6A48,0F05,true,true,false,false,,,,,,,false,false,,0,,,,no_pdata_function,no_pdata_function,false,true,false,false
3454,.text,0x60000020,36748748,0x230BDCC,36751820,0x230C9CC,6479202764,0x18230C9CC,0F05,true,true,false,true,114601,0x22FBE80,0x2319452,120274,68428,0x10B4C,true,true,,0,0x230C9CA,call 0x235d900,0x2319452,function_end,covered_by_instruction,false,true,false,false
3455,.text,0x60000020,36748756,0x230BDD4,36751828,0x230C9D4,6479202772,0x18230C9D4,0F05,true,true,false,true,114601,0x22FBE80,0x2319452,120274,68436,0x10B54,true,true,,0,0x230C9D2,call 0x235d920,0x2319452,function_end,covered_by_instruction,false,true,false,false
3456,.text,0x60000020,36748792,0x230BDF8,36751864,0x230C9F8,6479202808,0x18230C9F8,0F05,true,true,false,true,114601,0x22FBE80,0x2319452,120274,68472,0x10B78,true,true,,0,0x230C9F6,call 0x235d930,0x2319452,function_end,covered_by_instruction,false,true,false,false
3457,.text,0x60000020,36748828,0x230BE1C,36751900,0x230CA1C,6479202844,0x18230CA1C,0F05,true,true,false,true,114601,0x22FBE80,0x2319452,120274,68508,0x10B9C,true,true,,0,0x230CA1A,call 0x235d950,0x2319452,function_end,covered_by_instruction,false,true,false,false
3458,.text,0x60000020,36748924,0x230BE7C,36751996,0x230CA7C,6479202940,0x18230CA7C,0F05,true,true,false,true,114601,0x22FBE80,0x2319452,120274,68604,0x10BFC,true,true,,0,0x230CA7A,call 0x235d990,0x2319452,function_end,covered_by_instruction,false,true,false,false
3459,.text,0x60000020,36748932,0x230BE84,36752004,0x230CA84,6479202948,0x18230CA84,0F05,true,true,false,true,114601,0x22FBE80,0x2319452,120274,68612,0x10C04,true,true,,0,0x230CA82,call 0x235d9a0,0x2319452,function_end,covered_by_instruction,false,true,false,false
3460,.text,0x60000020,36764648,0x230FBE8,36767720,0x23107E8,6479218664,0x1823107E8,0F05,true,true,false,true,114601,0x22FBE80,0x2319452,120274,84328,0x14968,true,true,,0,0x23107E6,call 0x23617a0,0x2319452,function_end,covered_by_instruction,false,true,false,false
3461,.text,0x60000020,36764656,0x230FBF0,36767728,0x23107F0,6479218672,0x1823107F0,0F05,true,true,false,true,114601,0x22FBE80,0x2319452,120274,84336,0x14970,true,true,,0,0x23107EE,call 0x23617c0,0x2319452,function_end,covered_by_instruction,false,true,false,false
3462,.text,0x60000020,36764664,0x230FBF8,36767736,0x23107F8,6479218680,0x1823107F8,0F05,true,true,false,true,114601,0x22FBE80,0x2319452,120274,84344,0x14978,true,true,,0,0x23107F6,call 0x23617d0,0x2319452,function_end,covered_by_instruction,false,true,false,false
3463,.text,0x60000020,36764769,0x230FC61,36767841,0x2310861,6479218785,0x182310861,0F05,true,true,false,true,114601,0x22FBE80,0x2319452,120274,84449,0x149E1,false,true,,0,0x231085F,call 0x23617e0,0x2319452,function_end,covered_by_instruction,false,true,false,false
3464,.text,0x60000020,36764794,0x230FC7A,36767866,0x231087A,6479218810,0x18231087A,0F05,true,true,false,true,114601,0x22FBE80,0x2319452,120274,84474,0x149FA,false,true,,0,0x2310878,call 0x23617f0,0x2319452,function_end,covered_by_instruction,false,true,false,false
3465,.text,0x60000020,36771828,0x23117F4,36774900,0x23123F4,6479225844,0x1823123F4,0F05,true,true,false,true,114601,0x22FBE80,0x2319452,120274,91508,0x16574,true,true,,0,0x23123F2,call 0x2363300,0x2319452,function_end,covered_by_instruction,false,true,false,false
3466,.text,0x60000020,37018567,0x234DBC7,37021639,0x234E7C7,6479472583,0x18234E7C7,0F05,true,true,false,false,,,,,,,false,false,,0,,,,no_pdata_function,no_pdata_function,false,true,false,false
3467,.text,0x60000020,37235865,0x2382C99,37238937,0x2383899,6479689881,0x182383899,0F05,true,true,false,false,,,,,,,false,false,,0,,,,no_pdata_function,no_pdata_function,false,true,false,false
3468,.text,0x60000020,37981837,0x2438E8D,37984909,0x2439A8D,6480435853,0x182439A8D,0F05,true,true,false,true,116519,0x23A8AE0,0x24E0FC5,1279205,593837,0x90FAD,false,true,,0,0x2439A8C,call 0x89fa0,0x24E0FC5,function_end,covered_by_instruction,false,true,false,false
3469,.text,0x60000020,38987149,0x252E58D,38990221,0x252F18D,6481441165,0x18252F18D,0F05,true,true,false,true,116563,0x24E1530,0x258E21E,707822,318557,0x4DC5D,false,true,,0,0x252F18C,call 0x266f6a0,0x258E21E,function_end,covered_by_instruction,false,true,false,false
3470,.text,0x60000020,39099430,0x2549C26,39102502,0x254A826,6481553446,0x18254A826,0F05,true,true,false,true,116563,0x24E1530,0x258E21E,707822,430838,0x692F6,false,true,,0,0x254A81F,"movabs rcx, 0x51050fc83d83e559",0x258E21E,function_end,covered_by_instruction,false,true,false,false
3471,.text,0x60000020,39885588,0x2609B14,39888660,0x260A714,6482339604,0x18260A714,0F05,true,true,false,true,118352,0x260A710,0x260A722,18,4,0x4,true,true,,0,0x260A711,"lea rax, [rip - 0xdfaf1]",0x260A722,function_end,covered_by_instruction,false,true,false,false
3472,.text,0x60000020,40224663,0x265C797,40227735,0x265D397,6482678679,0x18265D397,0F05,true,true,false,false,,,,,,,false,false,,0,,,,no_pdata_function,no_pdata_function,false,true,false,false
3473,.text,0x60000020,40595563,0x26B706B,40598635,0x26B7C6B,6483049579,0x1826B7C6B,0F05,true,true,false,true,125497,0x2695F30,0x26B8A94,142180,138555,0x21D3B,false,true,,0,0x26B7C67,"movabs rsi, 0x1274961c050fbfe6",0x26B8A94,function_end,covered_by_instruction,false,true,false,false
3474,.text,0x60000020,41310029,0x276574D,41313101,0x276634D,6483764045,0x18276634D,0F05,true,true,false,true,127481,0x274D360,0x2770219,143033,102381,0x18FED,false,true,,0,0x276634C,call 0x2776860,0x2770219,function_end,covered_by_instruction,false,true,false,false
3475,.text,0x60000020,41410610,0x277E032,41413682,0x277EC32,6483864626,0x18277EC32,0F05,true,true,false,false,,,,,,,false,false,,0,,,,no_pdata_function,no_pdata_function,false,true,false,false
3476,.text,0x60000020,41622822,0x27B1D26,41625894,0x27B2926,6484076838,0x1827B2926,0F05,true,true,false,false,,,,,,,false,false,,0,,,,no_pdata_function,no_pdata_function,false,true,false,false
3477,.text,0x60000020,42743146,0x28C356A,42746218,0x28C416A,6485197162,0x1828C416A,0F05,true,true,false,false,,,,,,,false,false,,0,,,,no_pdata_function,no_pdata_function,false,true,false,false
3478,.text,0x60000020,43067366,0x29127E6,43070438,0x29133E6,6485521382,0x1829133E6,0F05,true,true,false,true,132961,0x2913080,0x2914218,4504,870,0x366,false,true,syscall,2,,,0x2914218,function_end,instruction_start,true,false,true,true
3479,.text,0x60000020,43067889,0x29129F1,43070961,0x29135F1,6485521905,0x1829135F1,0F05,true,true,false,true,132961,0x2913080,0x2914218,4504,1393,0x571,false,true,syscall,2,,,0x2914218,function_end,instruction_start,true,false,true,true
3480,.text,0x60000020,43068564,0x2912C94,43071636,0x2913894,6485522580,0x182913894,0F05,true,true,false,true,132961,0x2913080,0x2914218,4504,2068,0x814,true,true,syscall,2,,,0x2914218,function_end,instruction_start,true,false,true,true
3481,.text,0x60000020,43069139,0x2912ED3,43072211,0x2913AD3,6485523155,0x182913AD3,0F05,true,true,false,true,132961,0x2913080,0x2914218,4504,2643,0xA53,false,true,syscall,2,,,0x2914218,function_end,instruction_start,true,false,true,true
3482,.text,0x60000020,43069583,0x291308F,43072655,0x2913C8F,6485523599,0x182913C8F,0F05,true,true,false,true,132961,0x2913080,0x2914218,4504,3087,0xC0F,false,true,syscall,2,,,0x2914218,function_end,instruction_start,true,false,true,true
3483,.text,0x60000020,43069969,0x2913211,43073041,0x2913E11,6485523985,0x182913E11,0F05,true,true,false,true,132961,0x2913080,0x2914218,4504,3473,0xD91,false,true,syscall,2,,,0x2914218,function_end,instruction_start,true,false,true,true
3484,.text,0x60000020,43070492,0x291341C,43073564,0x291401C,6485524508,0x18291401C,0F05,true,true,false,true,132961,0x2913080,0x2914218,4504,3996,0xF9C,true,true,syscall,2,,,0x2914218,function_end,instruction_start,true,false,true,true
3485,.text,0x60000020,43070927,0x29135CF,43073999,0x29141CF,6485524943,0x1829141CF,0F05,true,true,false,true,132961,0x2913080,0x2914218,4504,4431,0x114F,false,true,syscall,2,,,0x2914218,function_end,instruction_start,true,false,true,true
3486,.text,0x60000020,43071559,0x2913847,43074631,0x2914447,6485525575,0x182914447,0F05,true,true,false,true,132962,0x2914220,0x291500A,3562,551,0x227,false,true,syscall,2,,,0x291500A,function_end,instruction_start,true,false,true,true
3487,.text,0x60000020,43071914,0x29139AA,43074986,0x29145AA,6485525930,0x1829145AA,0F05,true,true,false,true,132962,0x2914220,0x291500A,3562,906,0x38A,false,true,syscall,2,,,0x291500A,function_end,instruction_start,true,false,true,true
3488,.text,0x60000020,43072321,0x2913B41,43075393,0x2914741,6485526337,0x182914741,0F05,true,true,false,true,132962,0x2914220,0x291500A,3562,1313,0x521,false,true,syscall,2,,,0x291500A,function_end,instruction_start,true,false,true,true
3489,.text,0x60000020,43072811,0x2913D2B,43075883,0x291492B,6485526827,0x18291492B,0F05,true,true,false,true,132962,0x2914220,0x291500A,3562,1803,0x70B,false,true,syscall,2,,,0x291500A,function_end,instruction_start,true,false,true,true
3490,.text,0x60000020,43073175,0x2913E97,43076247,0x2914A97,6485527191,0x182914A97,0F05,true,true,false,true,132962,0x2914220,0x291500A,3562,2167,0x877,false,true,syscall,2,,,0x291500A,function_end,instruction_start,true,false,true,true
3491,.text,0x60000020,43073561,0x2914019,43076633,0x2914C19,6485527577,0x182914C19,0F05,true,true,false,true,132962,0x2914220,0x291500A,3562,2553,0x9F9,false,true,syscall,2,,,0x291500A,function_end,instruction_start,true,false,true,true
3492,.text,0x60000020,43073916,0x291417C,43076988,0x2914D7C,6485527932,0x182914D7C,0F05,true,true,false,true,132962,0x2914220,0x291500A,3562,2908,0xB5C,true,true,syscall,2,,,0x291500A,function_end,instruction_start,true,false,true,true
3493,.text,0x60000020,43074511,0x29143CF,43077583,0x2914FCF,6485528527,0x182914FCF,0F05,true,true,false,true,132962,0x2914220,0x291500A,3562,3503,0xDAF,false,true,syscall,2,,,0x291500A,function_end,instruction_start,true,false,true,true
3494,.text,0x60000020,43075060,0x29145F4,43078132,0x29151F4,6485529076,0x1829151F4,0F05,true,true,false,true,132963,0x2915010,0x2916034,4132,484,0x1E4,true,true,syscall,2,,,0x2916034,function_end,instruction_start,true,false,true,true
3495,.text,0x60000020,43075554,0x29147E2,43078626,0x29153E2,6485529570,0x1829153E2,0F05,true,true,false,true,132963,0x2915010,0x2916034,4132,978,0x3D2,false,true,syscall,2,,,0x2916034,function_end,instruction_start,true,false,true,true
3496,.text,0x60000020,43076028,0x29149BC,43079100,0x29155BC,6485530044,0x1829155BC,0F05,true,true,false,true,132963,0x2915010,0x2916034,4132,1452,0x5AC,true,true,syscall,2,,,0x2916034,function_end,instruction_start,true,false,true,true
3497,.text,0x60000020,43076615,0x2914C07,43079687,0x2915807,6485530631,0x182915807,0F05,true,true,false,true,132963,0x2915010,0x2916034,4132,2039,0x7F7,false,true,syscall,2,,,0x2916034,function_end,instruction_start,true,false,true,true
3498,.text,0x60000020,43077121,0x2914E01,43080193,0x2915A01,6485531137,0x182915A01,0F05,true,true,false,true,132963,0x2915010,0x2916034,4132,2545,0x9F1,false,true,syscall,2,,,0x2916034,function_end,instruction_start,true,false,true,true
3499,.text,0x60000020,43077421,0x2914F2D,43080493,0x2915B2D,6485531437,0x182915B2D,0F05,true,true,false,true,132963,0x2915010,0x2916034,4132,2845,0xB1D,false,true,syscall,2,,,0x2916034,function_end,instruction_start,true,false,true,true
3500,.text,0x60000020,43077915,0x291511B,43080987,0x2915D1B,6485531931,0x182915D1B,0F05,true,true,false,true,132963,0x2915010,0x2916034,4132,3339,0xD0B,false,true,syscall,2,,,0x2916034,function_end,instruction_start,true,false,true,true
3501,.text,0x60000020,43078651,0x29153FB,43081723,0x2915FFB,6485532667,0x182915FFB,0F05,true,true,false,true,132963,0x2915010,0x2916034,4132,4075,0xFEB,false,true,syscall,2,,,0x2916034,function_end,instruction_start,true,false,true,true
3502,.text,0x60000020,43079286,0x2915676,43082358,0x2916276,6485533302,0x182916276,0F05,true,true,false,true,132964,0x2916040,0x2917096,4182,566,0x236,false,true,syscall,2,,,0x2917096,function_end,instruction_start,true,false,true,true
3503,.text,0x60000020,43079875,0x29158C3,43082947,0x29164C3,6485533891,0x1829164C3,0F05,true,true,false,true,132964,0x2916040,0x2917096,4182,1155,0x483,false,true,syscall,2,,,0x2917096,function_end,instruction_start,true,false,true,true
3504,.text,0x60000020,43080454,0x2915B06,43083526,0x2916706,6485534470,0x182916706,0F05,true,true,false,true,132964,0x2916040,0x2917096,4182,1734,0x6C6,false,true,syscall,2,,,0x2917096,function_end,instruction_start,true,false,true,true
3505,.text,0x60000020,43080946,0x2915CF2,43084018,0x29168F2,6485534962,0x1829168F2,0F05,true,true,false,true,132964,0x2916040,0x2917096,4182,2226,0x8B2,false,true,syscall,2,,,0x2917096,function_end,instruction_start,true,false,true,true
3506,.text,0x60000020,43081398,0x2915EB6,43084470,0x2916AB6,6485535414,0x182916AB6,0F05,true,true,false,true,132964,0x2916040,0x2917096,4182,2678,0xA76,false,true,syscall,2,,,0x2917096,function_end,instruction_start,true,false,true,true
3507,.text,0x60000020,43081774,0x291602E,43084846,0x2916C2E,6485535790,0x182916C2E,0F05,true,true,false,true,132964,0x2916040,0x2917096,4182,3054,0xBEE,false,true,syscall,2,,,0x2917096,function_end,instruction_start,true,false,true,true
3508,.text,0x60000020,43082363,0x291627B,43085435,0x2916E7B,6485536379,0x182916E7B,0F05,true,true,false,true,132964,0x2916040,0x2917096,4182,3643,0xE3B,false,true,syscall,2,,,0x2917096,function_end,instruction_start,true,false,true,true
3509,.text,0x60000020,43082839,0x2916457,43085911,0x2917057,6485536855,0x182917057,0F05,true,true,false,true,132964,0x2916040,0x2917096,4182,4119,0x1017,false,true,syscall,2,,,0x2917096,function_end,instruction_start,true,false,true,true
3510,.text,0x60000020,43092400,0x29189B0,43095472,0x29195B0,6485546416,0x1829195B0,0F05,true,true,false,true,132968,0x2919440,0x2919FB4,2932,368,0x170,true,true,syscall,2,,,0x2919FB4,function_end,instruction_start,true,false,true,true
3511,.text,0x60000020,43092683,0x2918ACB,43095755,0x29196CB,6485546699,0x1829196CB,0F05,true,true,false,true,132968,0x2919440,0x2919FB4,2932,651,0x28B,false,true,syscall,2,,,0x2919FB4,function_end,instruction_start,true,false,true,true
3512,.text,0x60000020,43093072,0x2918C50,43096144,0x2919850,6485547088,0x182919850,0F05,true,true,false,true,132968,0x2919440,0x2919FB4,2932,1040,0x410,true,true,syscall,2,,,0x2919FB4,function_end,instruction_start,true,false,true,true
3513,.text,0x60000020,43093364,0x2918D74,43096436,0x2919974,6485547380,0x182919974,0F05,true,true,false,true,132968,0x2919440,0x2919FB4,2932,1332,0x534,true,true,syscall,2,,,0x2919FB4,function_end,instruction_start,true,false,true,true
3514,.text,0x60000020,43093748,0x2918EF4,43096820,0x2919AF4,6485547764,0x182919AF4,0F05,true,true,false,true,132968,0x2919440,0x2919FB4,2932,1716,0x6B4,true,true,syscall,2,,,0x2919FB4,function_end,instruction_start,true,false,true,true
3515,.text,0x60000020,43094033,0x2919011,43097105,0x2919C11,6485548049,0x182919C11,0F05,true,true,false,true,132968,0x2919440,0x2919FB4,2932,2001,0x7D1,false,true,syscall,2,,,0x2919FB4,function_end,instruction_start,true,false,true,true
3516,.text,0x60000020,43094316,0x291912C,43097388,0x2919D2C,6485548332,0x182919D2C,0F05,true,true,false,true,132968,0x2919440,0x2919FB4,2932,2284,0x8EC,true,true,syscall,2,,,0x2919FB4,function_end,instruction_start,true,false,true,true
3517,.text,0x60000020,43094914,0x2919382,43097986,0x2919F82,6485548930,0x182919F82,0F05,true,true,false,true,132968,0x2919440,0x2919FB4,2932,2882,0xB42,false,true,syscall,2,,,0x2919FB4,function_end,instruction_start,true,false,true,true
3518,.text,0x60000020,43095486,0x29195BE,43098558,0x291A1BE,6485549502,0x18291A1BE,0F05,true,true,false,true,132969,0x2919FC0,0x291AE32,3698,510,0x1FE,false,true,syscall,2,,,0x291AE32,function_end,instruction_start,true,false,true,true
3519,.text,0x60000020,43096099,0x2919823,43099171,0x291A423,6485550115,0x18291A423,0F05,true,true,false,true,132969,0x2919FC0,0x291AE32,3698,1123,0x463,false,true,syscall,2,,,0x291AE32,function_end,instruction_start,true,false,true,true
3520,.text,0x60000020,43096452,0x2919984,43099524,0x291A584,6485550468,0x18291A584,0F05,true,true,false,true,132969,0x2919FC0,0x291AE32,3698,1476,0x5C4,true,true,syscall,2,,,0x291AE32,function_end,instruction_start,true,false,true,true
3521,.text,0x60000020,43096908,0x2919B4C,43099980,0x291A74C,6485550924,0x18291A74C,0F05,true,true,false,true,132969,0x2919FC0,0x291AE32,3698,1932,0x78C,true,true,syscall,2,,,0x291AE32,function_end,instruction_start,true,false,true,true
3522,.text,0x60000020,43097322,0x2919CEA,43100394,0x291A8EA,6485551338,0x18291A8EA,0F05,true,true,false,true,132969,0x2919FC0,0x291AE32,3698,2346,0x92A,false,true,syscall,2,,,0x291AE32,function_end,instruction_start,true,false,true,true
3523,.text,0x60000020,43097724,0x2919E7C,43100796,0x291AA7C,6485551740,0x18291AA7C,0F05,true,true,false,true,132969,0x2919FC0,0x291AE32,3698,2748,0xABC,true,true,syscall,2,,,0x291AE32,function_end,instruction_start,true,false,true,true
3524,.text,0x60000020,43098337,0x291A0E1,43101409,0x291ACE1,6485552353,0x18291ACE1,0F05,true,true,false,true,132969,0x2919FC0,0x291AE32,3698,3361,0xD21,false,true,syscall,2,,,0x291AE32,function_end,instruction_start,true,false,true,true
3525,.text,0x60000020,43098630,0x291A206,43101702,0x291AE06,6485552646,0x18291AE06,0F05,true,true,false,true,132969,0x2919FC0,0x291AE32,3698,3654,0xE46,false,true,syscall,2,,,0x291AE32,function_end,instruction_start,true,false,true,true
3526,.text,0x60000020,43103375,0x291B48F,43106447,0x291C08F,6485557391,0x18291C08F,0F05,true,true,false,true,132974,0x291BE60,0x291CABD,3165,559,0x22F,false,true,syscall,2,,,0x291CABD,function_end,instruction_start,true,false,true,true
3527,.text,0x60000020,43103702,0x291B5D6,43106774,0x291C1D6,6485557718,0x18291C1D6,0F05,true,true,false,true,132974,0x291BE60,0x291CABD,3165,886,0x376,false,true,syscall,2,,,0x291CABD,function_end,instruction_start,true,false,true,true
3528,.text,0x60000020,43104161,0x291B7A1,43107233,0x291C3A1,6485558177,0x18291C3A1,0F05,true,true,false,true,132974,0x291BE60,0x291CABD,3165,1345,0x541,false,true,syscall,2,,,0x291CABD,function_end,instruction_start,true,false,true,true
3529,.text,0x60000020,43104569,0x291B939,43107641,0x291C539,6485558585,0x18291C539,0F05,true,true,false,true,132974,0x291BE60,0x291CABD,3165,1753,0x6D9,false,true,syscall,2,,,0x291CABD,function_end,instruction_start,true,false,true,true
3530,.text,0x60000020,43104952,0x291BAB8,43108024,0x291C6B8,6485558968,0x18291C6B8,0F05,true,true,false,true,132974,0x291BE60,0x291CABD,3165,2136,0x858,true,true,syscall,2,,,0x291CABD,function_end,instruction_start,true,false,true,true
3531,.text,0x60000020,43105372,0x291BC5C,43108444,0x291C85C,6485559388,0x18291C85C,0F05,true,true,false,true,132974,0x291BE60,0x291CABD,3165,2556,0x9FC,true,true,syscall,2,,,0x291CABD,function_end,instruction_start,true,false,true,true
3532,.text,0x60000020,43105699,0x291BDA3,43108771,0x291C9A3,6485559715,0x18291C9A3,0F05,true,true,false,true,132974,0x291BE60,0x291CABD,3165,2883,0xB43,false,true,syscall,2,,,0x291CABD,function_end,instruction_start,true,false,true,true
3533,.text,0x60000020,43105922,0x291BE82,43108994,0x291CA82,6485559938,0x18291CA82,0F05,true,true,false,true,132974,0x291BE60,0x291CABD,3165,3106,0xC22,false,true,syscall,2,,,0x291CABD,function_end,instruction_start,true,false,true,true
3534,.text,0x60000020,43106459,0x291C09B,43109531,0x291CC9B,6485560475,0x18291CC9B,0F05,true,true,false,true,132975,0x291CAC0,0x291D7C6,3334,475,0x1DB,false,true,syscall,2,,,0x291D7C6,function_end,instruction_start,true,false,true,true
3535,.text,0x60000020,43106789,0x291C1E5,43109861,0x291CDE5,6485560805,0x18291CDE5,0F05,true,true,false,true,132975,0x291CAC0,0x291D7C6,3334,805,0x325,false,true,syscall,2,,,0x291D7C6,function_end,instruction_start,true,false,true,true
3536,.text,0x60000020,43107325,0x291C3FD,43110397,0x291CFFD,6485561341,0x18291CFFD,0F05,true,true,false,true,132975,0x291CAC0,0x291D7C6,3334,1341,0x53D,false,true,syscall,2,,,0x291D7C6,function_end,instruction_start,true,false,true,true
3537,.text,0x60000020,43107706,0x291C57A,43110778,0x291D17A,6485561722,0x18291D17A,0F05,true,true,false,true,132975,0x291CAC0,0x291D7C6,3334,1722,0x6BA,false,true,syscall,2,,,0x291D7C6,function_end,instruction_start,true,false,true,true
3538,.text,0x60000020,43108202,0x291C76A,43111274,0x291D36A,6485562218,0x18291D36A,0F05,true,true,false,true,132975,0x291CAC0,0x291D7C6,3334,2218,0x8AA,false,true,syscall,2,,,0x291D7C6,function_end,instruction_start,true,false,true,true
3539,.text,0x60000020,43108536,0x291C8B8,43111608,0x291D4B8,6485562552,0x18291D4B8,0F05,true,true,false,true,132975,0x291CAC0,0x291D7C6,3334,2552,0x9F8,true,true,syscall,2,,,0x291D7C6,function_end,instruction_start,true,false,true,true
3540,.text,0x60000020,43108866,0x291CA02,43111938,0x291D602,6485562882,0x18291D602,0F05,true,true,false,true,132975,0x291CAC0,0x291D7C6,3334,2882,0xB42,false,true,syscall,2,,,0x291D7C6,function_end,instruction_start,true,false,true,true
3541,.text,0x60000020,43109257,0x291CB89,43112329,0x291D789,6485563273,0x18291D789,0F05,true,true,false,true,132975,0x291CAC0,0x291D7C6,3334,3273,0xCC9,false,true,syscall,2,,,0x291D7C6,function_end,instruction_start,true,false,true,true
3542,.text,0x60000020,43109967,0x291CE4F,43113039,0x291DA4F,6485563983,0x18291DA4F,0F05,true,true,false,true,132976,0x291D7D0,0x291E55C,3468,639,0x27F,false,true,syscall,2,,,0x291E55C,function_end,instruction_start,true,false,true,true
3543,.text,0x60000020,43110364,0x291CFDC,43113436,0x291DBDC,6485564380,0x18291DBDC,0F05,true,true,false,true,132976,0x291D7D0,0x291E55C,3468,1036,0x40C,true,true,syscall,2,,,0x291E55C,function_end,instruction_start,true,false,true,true
3544,.text,0x60000020,43110744,0x291D158,43113816,0x291DD58,6485564760,0x18291DD58,0F05,true,true,false,true,132976,0x291D7D0,0x291E55C,3468,1416,0x588,true,true,syscall,2,,,0x291E55C,function_end,instruction_start,true,false,true,true
3545,.text,0x60000020,43111174,0x291D306,43114246,0x291DF06,6485565190,0x18291DF06,0F05,true,true,false,true,132976,0x291D7D0,0x291E55C,3468,1846,0x736,false,true,syscall,2,,,0x291E55C,function_end,instruction_start,true,false,true,true
3546,.text,0x60000020,43111578,0x291D49A,43114650,0x291E09A,6485565594,0x18291E09A,0F05,true,true,false,true,132976,0x291D7D0,0x291E55C,3468,2250,0x8CA,false,true,syscall,2,,,0x291E55C,function_end,instruction_start,true,false,true,true
3547,.text,0x60000020,43112060,0x291D67C,43115132,0x291E27C,6485566076,0x18291E27C,0F05,true,true,false,true,132976,0x291D7D0,0x291E55C,3468,2732,0xAAC,true,true,syscall,2,,,0x291E55C,function_end,instruction_start,true,false,true,true
3548,.text,0x60000020,43112457,0x291D809,43115529,0x291E409,6485566473,0x18291E409,0F05,true,true,false,true,132976,0x291D7D0,0x291E55C,3468,3129,0xC39,false,true,syscall,2,,,0x291E55C,function_end,instruction_start,true,false,true,true
3549,.text,0x60000020,43112746,0x291D92A,43115818,0x291E52A,6485566762,0x18291E52A,0F05,true,true,false,true,132976,0x291D7D0,0x291E55C,3468,3418,0xD5A,false,true,syscall,2,,,0x291E55C,function_end,instruction_start,true,false,true,true
3550,.text,0x60000020,43113324,0x291DB6C,43116396,0x291E76C,6485567340,0x18291E76C,0F05,true,true,false,true,132977,0x291E560,0x291F2BE,3422,524,0x20C,true,true,syscall,2,,,0x291F2BE,function_end,instruction_start,true,false,true,true
3551,.text,0x60000020,43113760,0x291DD20,43116832,0x291E920,6485567776,0x18291E920,0F05,true,true,false,true,132977,0x291E560,0x291F2BE,3422,960,0x3C0,true,true,syscall,2,,,0x291F2BE,function_end,instruction_start,true,false,true,true
3552,.text,0x60000020,43114031,0x291DE2F,43117103,0x291EA2F,6485568047,0x18291EA2F,0F05,true,true,false,true,132977,0x291E560,0x291F2BE,3422,1231,0x4CF,false,true,syscall,2,,,0x291F2BE,function_end,instruction_start,true,false,true,true
3553,.text,0x60000020,43114552,0x291E038,43117624,0x291EC38,6485568568,0x18291EC38,0F05,true,true,false,true,132977,0x291E560,0x291F2BE,3422,1752,0x6D8,true,true,syscall,2,,,0x291F2BE,function_end,instruction_start,true,false,true,true
3554,.text,0x60000020,43115067,0x291E23B,43118139,0x291EE3B,6485569083,0x18291EE3B,0F05,true,true,false,true,132977,0x291E560,0x291F2BE,3422,2267,0x8DB,false,true,syscall,2,,,0x291F2BE,function_end,instruction_start,true,false,true,true
3555,.text,0x60000020,43115437,0x291E3AD,43118509,0x291EFAD,6485569453,0x18291EFAD,0F05,true,true,false,true,132977,0x291E560,0x291F2BE,3422,2637,0xA4D,false,true,syscall,2,,,0x291F2BE,function_end,instruction_start,true,false,true,true
3556,.text,0x60000020,43115873,0x291E561,43118945,0x291F161,6485569889,0x18291F161,0F05,true,true,false,true,132977,0x291E560,0x291F2BE,3422,3073,0xC01,false,true,syscall,2,,,0x291F2BE,function_end,instruction_start,true,false,true,true
3557,.text,0x60000020,43116165,0x291E685,43119237,0x291F285,6485570181,0x18291F285,0F05,true,true,false,true,132977,0x291E560,0x291F2BE,3422,3365,0xD25,false,true,syscall,2,,,0x291F2BE,function_end,instruction_start,true,false,true,true
3558,.text,0x60000020,43116693,0x291E895,43119765,0x291F495,6485570709,0x18291F495,0F05,true,true,false,true,132978,0x291F2C0,0x291FF0E,3150,469,0x1D5,false,true,syscall,2,,,0x291FF0E,function_end,instruction_start,true,false,true,true
3559,.text,0x60000020,43117003,0x291E9CB,43120075,0x291F5CB,6485571019,0x18291F5CB,0F05,true,true,false,true,132978,0x291F2C0,0x291FF0E,3150,779,0x30B,false,true,syscall,2,,,0x291FF0E,function_end,instruction_start,true,false,true,true
3560,.text,0x60000020,43117417,0x291EB69,43120489,0x291F769,6485571433,0x18291F769,0F05,true,true,false,true,132978,0x291F2C0,0x291FF0E,3150,1193,0x4A9,false,true,syscall,2,,,0x291FF0E,function_end,instruction_start,true,false,true,true
3561,.text,0x60000020,43117819,0x291ECFB,43120891,0x291F8FB,6485571835,0x18291F8FB,0F05,true,true,false,true,132978,0x291F2C0,0x291FF0E,3150,1595,0x63B,false,true,syscall,2,,,0x291FF0E,function_end,instruction_start,true,false,true,true
3562,.text,0x60000020,43118280,0x291EEC8,43121352,0x291FAC8,6485572296,0x18291FAC8,0F05,true,true,false,true,132978,0x291F2C0,0x291FF0E,3150,2056,0x808,true,true,syscall,2,,,0x291FF0E,function_end,instruction_start,true,false,true,true
3563,.text,0x60000020,43118608,0x291F010,43121680,0x291FC10,6485572624,0x18291FC10,0F05,true,true,false,true,132978,0x291F2C0,0x291FF0E,3150,2384,0x950,true,true,syscall,2,,,0x291FF0E,function_end,instruction_start,true,false,true,true
3564,.text,0x60000020,43118918,0x291F146,43121990,0x291FD46,6485572934,0x18291FD46,0F05,true,true,false,true,132978,0x291F2C0,0x291FF0E,3150,2694,0xA86,false,true,syscall,2,,,0x291FF0E,function_end,instruction_start,true,false,true,true
3565,.text,0x60000020,43119326,0x291F2DE,43122398,0x291FEDE,6485573342,0x18291FEDE,0F05,true,true,false,true,132978,0x291F2C0,0x291FF0E,3150,3102,0xC1E,false,true,syscall,2,,,0x291FF0E,function_end,instruction_start,true,false,true,true
3566,.text,0x60000020,43121128,0x291F9E8,43124200,0x29205E8,6485575144,0x1829205E8,0F05,true,true,false,true,132980,0x2920410,0x2921082,3186,472,0x1D8,true,true,syscall,2,,,0x2921082,function_end,instruction_start,true,false,true,true
3567,.text,0x60000020,43121443,0x291FB23,43124515,0x2920723,6485575459,0x182920723,0F05,true,true,false,true,132980,0x2920410,0x2921082,3186,787,0x313,false,true,syscall,2,,,0x2921082,function_end,instruction_start,true,false,true,true
3568,.text,0x60000020,43121862,0x291FCC6,43124934,0x29208C6,6485575878,0x1829208C6,0F05,true,true,false,true,132980,0x2920410,0x2921082,3186,1206,0x4B6,false,true,syscall,2,,,0x2921082,function_end,instruction_start,true,false,true,true
3569,.text,0x60000020,43122272,0x291FE60,43125344,0x2920A60,6485576288,0x182920A60,0F05,true,true,false,true,132980,0x2920410,0x2921082,3186,1616,0x650,true,true,syscall,2,,,0x2921082,function_end,instruction_start,true,false,true,true
3570,.text,0x60000020,43122738,0x2920032,43125810,0x2920C32,6485576754,0x182920C32,0F05,true,true,false,true,132980,0x2920410,0x2921082,3186,2082,0x822,false,true,syscall,2,,,0x2921082,function_end,instruction_start,true,false,true,true
3571,.text,0x60000020,43123068,0x292017C,43126140,0x2920D7C,6485577084,0x182920D7C,0F05,true,true,false,true,132980,0x2920410,0x2921082,3186,2412,0x96C,true,true,syscall,2,,,0x2921082,function_end,instruction_start,true,false,true,true
3572,.text,0x60000020,43123383,0x29202B7,43126455,0x2920EB7,6485577399,0x182920EB7,0F05,true,true,false,true,132980,0x2920410,0x2921082,3186,2727,0xAA7,false,true,syscall,2,,,0x2921082,function_end,instruction_start,true,false,true,true
3573,.text,0x60000020,43123796,0x2920454,43126868,0x2921054,6485577812,0x182921054,0F05,true,true,false,true,132980,0x2920410,0x2921082,3186,3140,0xC44,true,true,syscall,2,,,0x2921082,function_end,instruction_start,true,false,true,true
3574,.text,0x60000020,43150008,0x2926AB8,43153080,0x29276B8,6485604024,0x1829276B8,0F05,true,true,false,true,133067,0x2927400,0x292BF9B,19355,696,0x2B8,true,true,syscall,2,,,0x292BF9B,function_end,instruction_start,true,false,true,true
3575,.text,0x60000020,43150531,0x2926CC3,43153603,0x29278C3,6485604547,0x1829278C3,0F05,true,true,false,true,133067,0x2927400,0x292BF9B,19355,1219,0x4C3,false,true,syscall,2,,,0x292BF9B,function_end,instruction_start,true,false,true,true
3576,.text,0x60000020,43151448,0x2927058,43154520,0x2927C58,6485605464,0x182927C58,0F05,true,true,false,true,133067,0x2927400,0x292BF9B,19355,2136,0x858,true,true,syscall,2,,,0x292BF9B,function_end,instruction_start,true,false,true,true
3577,.text,0x60000020,43152005,0x2927285,43155077,0x2927E85,6485606021,0x182927E85,0F05,true,true,false,true,133067,0x2927400,0x292BF9B,19355,2693,0xA85,false,true,syscall,2,,,0x292BF9B,function_end,instruction_start,true,false,true,true
3578,.text,0x60000020,43162127,0x2929A0F,43165199,0x292A60F,6485616143,0x18292A60F,0F05,true,true,false,true,133067,0x2927400,0x292BF9B,19355,12815,0x320F,false,true,syscall,2,,,0x292BF9B,function_end,instruction_start,true,false,true,true
3579,.text,0x60000020,43163524,0x2929F84,43166596,0x292AB84,6485617540,0x18292AB84,0F05,true,true,false,true,133067,0x2927400,0x292BF9B,19355,14212,0x3784,true,true,syscall,2,,,0x292BF9B,function_end,instruction_start,true,false,true,true
3580,.text,0x60000020,43166786,0x292AC42,43169858,0x292B842,6485620802,0x18292B842,0F05,true,true,false,true,133067,0x2927400,0x292BF9B,19355,17474,0x4442,false,true,syscall,2,,,0x292BF9B,function_end,instruction_start,true,false,true,true
3581,.text,0x60000020,43167282,0x292AE32,43170354,0x292BA32,6485621298,0x18292BA32,0F05,true,true,false,true,133067,0x2927400,0x292BF9B,19355,17970,0x4632,false,true,syscall,2,,,0x292BF9B,function_end,instruction_start,true,false,true,true
3582,.text,0x60000020,43218021,0x2937465,43221093,0x2938065,6485672037,0x182938065,0F05,true,true,false,true,133305,0x29378F0,0x2939DE5,9461,1909,0x775,false,true,syscall,2,,,0x2939DE5,function_end,instruction_start,true,false,true,true
3583,.text,0x60000020,43218465,0x2937621,43221537,0x2938221,6485672481,0x182938221,0F05,true,true,false,true,133305,0x29378F0,0x2939DE5,9461,2353,0x931,false,true,syscall,2,,,0x2939DE5,function_end,instruction_start,true,false,true,true
3584,.text,0x60000020,43218800,0x2937770,43221872,0x2938370,6485672816,0x182938370,0F05,true,true,false,true,133305,0x29378F0,0x2939DE5,9461,2688,0xA80,true,true,syscall,2,,,0x2939DE5,function_end,instruction_start,true,false,true,true
3585,.text,0x60000020,43219224,0x2937918,43222296,0x2938518,6485673240,0x182938518,0F05,true,true,false,true,133305,0x29378F0,0x2939DE5,9461,3112,0xC28,true,true,syscall,2,,,0x2939DE5,function_end,instruction_start,true,false,true,true
3586,.text,0x60000020,43219570,0x2937A72,43222642,0x2938672,6485673586,0x182938672,0F05,true,true,false,true,133305,0x29378F0,0x2939DE5,9461,3458,0xD82,false,true,syscall,2,,,0x2939DE5,function_end,instruction_start,true,false,true,true
3587,.text,0x60000020,43220034,0x2937C42,43223106,0x2938842,6485674050,0x182938842,0F05,true,true,false,true,133305,0x29378F0,0x2939DE5,9461,3922,0xF52,false,true,syscall,2,,,0x2939DE5,function_end,instruction_start,true,false,true,true
3588,.text,0x60000020,43220478,0x2937DFE,43223550,0x29389FE,6485674494,0x1829389FE,0F05,true,true,false,true,133305,0x29378F0,0x2939DE5,9461,4366,0x110E,false,true,syscall,2,,,0x2939DE5,function_end,instruction_start,true,false,true,true
3589,.text,0x60000020,43220873,0x2937F89,43223945,0x2938B89,6485674889,0x182938B89,0F05,true,true,false,true,133305,0x29378F0,0x2939DE5,9461,4761,0x1299,false,true,syscall,2,,,0x2939DE5,function_end,instruction_start,true,false,true,true
3590,.text,0x60000020,43222965,0x29387B5,43226037,0x29393B5,6485676981,0x1829393B5,0F05,true,true,false,true,133305,0x29378F0,0x2939DE5,9461,6853,0x1AC5,false,true,syscall,2,,,0x2939DE5,function_end,instruction_start,true,false,true,true
3591,.text,0x60000020,43223469,0x29389AD,43226541,0x29395AD,6485677485,0x1829395AD,0F05,true,true,false,true,133305,0x29378F0,0x2939DE5,9461,7357,0x1CBD,false,true,syscall,2,,,0x2939DE5,function_end,instruction_start,true,false,true,true
3592,.text,0x60000020,43223792,0x2938AF0,43226864,0x29396F0,6485677808,0x1829396F0,0F05,true,true,false,true,133305,0x29378F0,0x2939DE5,9461,7680,0x1E00,true,true,syscall,2,,,0x2939DE5,function_end,instruction_start,true,false,true,true
3593,.text,0x60000020,43224089,0x2938C19,43227161,0x2939819,6485678105,0x182939819,0F05,true,true,false,true,133305,0x29378F0,0x2939DE5,9461,7977,0x1F29,false,true,syscall,2,,,0x2939DE5,function_end,instruction_start,true,false,true,true
3594,.text,0x60000020,43224396,0x2938D4C,43227468,0x293994C,6485678412,0x18293994C,0F05,true,true,false,true,133305,0x29378F0,0x2939DE5,9461,8284,0x205C,true,true,syscall,2,,,0x2939DE5,function_end,instruction_start,true,false,true,true
3595,.text,0x60000020,43224745,0x2938EA9,43227817,0x2939AA9,6485678761,0x182939AA9,0F05,true,true,false,true,133305,0x29378F0,0x2939DE5,9461,8633,0x21B9,false,true,syscall,2,,,0x2939DE5,function_end,instruction_start,true,false,true,true
3596,.text,0x60000020,43225249,0x29390A1,43228321,0x2939CA1,6485679265,0x182939CA1,0F05,true,true,false,true,133305,0x29378F0,0x2939DE5,9461,9137,0x23B1,false,true,syscall,2,,,0x2939DE5,function_end,instruction_start,true,false,true,true
3597,.text,0x60000020,43225500,0x293919C,43228572,0x2939D9C,6485679516,0x182939D9C,0F05,true,true,false,true,133305,0x29378F0,0x2939DE5,9461,9388,0x24AC,true,true,syscall,2,,,0x2939DE5,function_end,instruction_start,true,false,true,true
3598,.text,0x60000020,43227649,0x2939A01,43230721,0x293A601,6485681665,0x18293A601,0F05,true,true,false,true,133307,0x2939E30,0x293C3B7,9607,2001,0x7D1,false,true,syscall,2,,,0x293C3B7,function_end,instruction_start,true,false,true,true
3599,.text,0x60000020,43228103,0x2939BC7,43231175,0x293A7C7,6485682119,0x18293A7C7,0F05,true,true,false,true,133307,0x2939E30,0x293C3B7,9607,2455,0x997,false,true,syscall,2,,,0x293C3B7,function_end,instruction_start,true,false,true,true
3600,.text,0x60000020,43228438,0x2939D16,43231510,0x293A916,6485682454,0x18293A916,0F05,true,true,false,true,133307,0x2939E30,0x293C3B7,9607,2790,0xAE6,false,true,syscall,2,,,0x293C3B7,function_end,instruction_start,true,false,true,true
3601,.text,0x60000020,43228862,0x2939EBE,43231934,0x293AABE,6485682878,0x18293AABE,0F05,true,true,false,true,133307,0x2939E30,0x293C3B7,9607,3214,0xC8E,false,true,syscall,2,,,0x293C3B7,function_end,instruction_start,true,false,true,true
3602,.text,0x60000020,43229208,0x293A018,43232280,0x293AC18,6485683224,0x18293AC18,0F05,true,true,false,true,133307,0x2939E30,0x293C3B7,9607,3560,0xDE8,true,true,syscall,2,,,0x293C3B7,function_end,instruction_start,true,false,true,true
3603,.text,0x60000020,43229669,0x293A1E5,43232741,0x293ADE5,6485683685,0x18293ADE5,0F05,true,true,false,true,133307,0x2939E30,0x293C3B7,9607,4021,0xFB5,false,true,syscall,2,,,0x293C3B7,function_end,instruction_start,true,false,true,true
3604,.text,0x60000020,43230123,0x293A3AB,43233195,0x293AFAB,6485684139,0x18293AFAB,0F05,true,true,false,true,133307,0x2939E30,0x293C3B7,9607,4475,0x117B,false,true,syscall,2,,,0x293C3B7,function_end,instruction_start,true,false,true,true
3605,.text,0x60000020,43230528,0x293A540,43233600,0x293B140,6485684544,0x18293B140,0F05,true,true,false,true,133307,0x2939E30,0x293C3B7,9607,4880,0x1310,true,true,syscall,2,,,0x293C3B7,function_end,instruction_start,true,false,true,true
3606,.text,0x60000020,43232617,0x293AD69,43235689,0x293B969,6485686633,0x18293B969,0F05,true,true,false,true,133307,0x2939E30,0x293C3B7,9607,6969,0x1B39,false,true,syscall,2,,,0x293C3B7,function_end,instruction_start,true,false,true,true
3607,.text,0x60000020,43233131,0x293AF6B,43236203,0x293BB6B,6485687147,0x18293BB6B,0F05,true,true,false,true,133307,0x2939E30,0x293C3B7,9607,7483,0x1D3B,false,true,syscall,2,,,0x293C3B7,function_end,instruction_start,true,false,true,true
3608,.text,0x60000020,43233454,0x293B0AE,43236526,0x293BCAE,6485687470,0x18293BCAE,0F05,true,true,false,true,133307,0x2939E30,0x293C3B7,9607,7806,0x1E7E,false,true,syscall,2,,,0x293C3B7,function_end,instruction_start,true,false,true,true
3609,.text,0x60000020,43233751,0x293B1D7,43236823,0x293BDD7,6485687767,0x18293BDD7,0F05,true,true,false,true,133307,0x2939E30,0x293C3B7,9607,8103,0x1FA7,false,true,syscall,2,,,0x293C3B7,function_end,instruction_start,true,false,true,true
3610,.text,0x60000020,43234058,0x293B30A,43237130,0x293BF0A,6485688074,0x18293BF0A,0F05,true,true,false,true,133307,0x2939E30,0x293C3B7,9607,8410,0x20DA,false,true,syscall,2,,,0x293C3B7,function_end,instruction_start,true,false,true,true
3611,.text,0x60000020,43234417,0x293B471,43237489,0x293C071,6485688433,0x18293C071,0F05,true,true,false,true,133307,0x2939E30,0x293C3B7,9607,8769,0x2241,false,true,syscall,2,,,0x293C3B7,function_end,instruction_start,true,false,true,true
3612,.text,0x60000020,43234931,0x293B673,43238003,0x293C273,6485688947,0x18293C273,0F05,true,true,false,true,133307,0x2939E30,0x293C3B7,9607,9283,0x2443,false,true,syscall,2,,,0x293C3B7,function_end,instruction_start,true,false,true,true
3613,.text,0x60000020,43235182,0x293B76E,43238254,0x293C36E,6485689198,0x18293C36E,0F05,true,true,false,true,133307,0x2939E30,0x293C3B7,9607,9534,0x253E,false,true,syscall,2,,,0x293C3B7,function_end,instruction_start,true,false,true,true
3614,.text,0x60000020,43235889,0x293BA31,43238961,0x293C631,6485689905,0x18293C631,0F05,true,true,false,true,133309,0x293C400,0x293D340,3904,561,0x231,false,true,syscall,2,,,0x293D340,function_end,instruction_start,true,false,true,true
3615,.text,0x60000020,43236317,0x293BBDD,43239389,0x293C7DD,6485690333,0x18293C7DD,0F05,true,true,false,true,133309,0x293C400,0x293D340,3904,989,0x3DD,false,true,syscall,2,,,0x293D340,function_end,instruction_start,true,false,true,true
3616,.text,0x60000020,43236748,0x293BD8C,43239820,0x293C98C,6485690764,0x18293C98C,0F05,true,true,false,true,133309,0x293C400,0x293D340,3904,1420,0x58C,true,true,syscall,2,,,0x293D340,function_end,instruction_start,true,false,true,true
3617,.text,0x60000020,43237360,0x293BFF0,43240432,0x293CBF0,6485691376,0x18293CBF0,0F05,true,true,false,true,133309,0x293C400,0x293D340,3904,2032,0x7F0,true,true,syscall,2,,,0x293D340,function_end,instruction_start,true,false,true,true
3618,.text,0x60000020,43237744,0x293C170,43240816,0x293CD70,6485691760,0x18293CD70,0F05,true,true,false,true,133309,0x293C400,0x293D340,3904,2416,0x970,true,true,syscall,2,,,0x293D340,function_end,instruction_start,true,false,true,true
3619,.text,0x60000020,43238086,0x293C2C6,43241158,0x293CEC6,6485692102,0x18293CEC6,0F05,true,true,false,true,133309,0x293C400,0x293D340,3904,2758,0xAC6,false,true,syscall,2,,,0x293D340,function_end,instruction_start,true,false,true,true
3620,.text,0x60000020,43238514,0x293C472,43241586,0x293D072,6485692530,0x18293D072,0F05,true,true,false,true,133309,0x293C400,0x293D340,3904,3186,0xC72,false,true,syscall,2,,,0x293D340,function_end,instruction_start,true,false,true,true
3621,.text,0x60000020,43238919,0x293C607,43241991,0x293D207,6485692935,0x18293D207,0F05,true,true,false,true,133309,0x293C400,0x293D340,3904,3591,0xE07,false,true,syscall,2,,,0x293D340,function_end,instruction_start,true,false,true,true
3622,.text,0x60000020,43239646,0x293C8DE,43242718,0x293D4DE,6485693662,0x18293D4DE,0F05,true,true,false,true,133311,0x293D370,0x293E058,3304,366,0x16E,false,true,syscall,2,,,0x293E058,function_end,instruction_start,true,false,true,true
3623,.text,0x60000020,43239997,0x293CA3D,43243069,0x293D63D,6485694013,0x18293D63D,0F05,true,true,false,true,133311,0x293D370,0x293E058,3304,717,0x2CD,false,true,syscall,2,,,0x293E058,function_end,instruction_start,true,false,true,true
3624,.text,0x60000020,43240444,0x293CBFC,43243516,0x293D7FC,6485694460,0x18293D7FC,0F05,true,true,false,true,133311,0x293D370,0x293E058,3304,1164,0x48C,true,true,syscall,2,,,0x293E058,function_end,instruction_start,true,false,true,true
3625,.text,0x60000020,43240981,0x293CE15,43244053,0x293DA15,6485694997,0x18293DA15,0F05,true,true,false,true,133311,0x293D370,0x293E058,3304,1701,0x6A5,false,true,syscall,2,,,0x293E058,function_end,instruction_start,true,false,true,true
3626,.text,0x60000020,43241461,0x293CFF5,43244533,0x293DBF5,6485695477,0x18293DBF5,0F05,true,true,false,true,133311,0x293D370,0x293E058,3304,2181,0x885,false,true,syscall,2,,,0x293E058,function_end,instruction_start,true,false,true,true
3627,.text,0x60000020,43241757,0x293D11D,43244829,0x293DD1D,6485695773,0x18293DD1D,0F05,true,true,false,true,133311,0x293D370,0x293E058,3304,2477,0x9AD,false,true,syscall,2,,,0x293E058,function_end,instruction_start,true,false,true,true
3628,.text,0x60000020,43242108,0x293D27C,43245180,0x293DE7C,6485696124,0x18293DE7C,0F05,true,true,false,true,133311,0x293D370,0x293E058,3304,2828,0xB0C,true,true,syscall,2,,,0x293E058,function_end,instruction_start,true,false,true,true
3629,.text,0x60000020,43242544,0x293D430,43245616,0x293E030,6485696560,0x18293E030,0F05,true,true,false,true,133311,0x293D370,0x293E058,3304,3264,0xCC0,true,true,syscall,2,,,0x293E058,function_end,instruction_start,true,false,true,true
3630,.text,0x60000020,43243107,0x293D663,43246179,0x293E263,6485697123,0x18293E263,0F05,true,true,false,true,133312,0x293E060,0x293EF20,3776,515,0x203,false,true,syscall,2,,,0x293EF20,function_end,instruction_start,true,false,true,true
3631,.text,0x60000020,43243564,0x293D82C,43246636,0x293E42C,6485697580,0x18293E42C,0F05,true,true,false,true,133312,0x293E060,0x293EF20,3776,972,0x3CC,true,true,syscall,2,,,0x293EF20,function_end,instruction_start,true,false,true,true
3632,.text,0x60000020,43244023,0x293D9F7,43247095,0x293E5F7,6485698039,0x18293E5F7,0F05,true,true,false,true,133312,0x293E060,0x293EF20,3776,1431,0x597,false,true,syscall,2,,,0x293EF20,function_end,instruction_start,true,false,true,true
3633,.text,0x60000020,43244668,0x293DC7C,43247740,0x293E87C,6485698684,0x18293E87C,0F05,true,true,false,true,133312,0x293E060,0x293EF20,3776,2076,0x81C,true,true,syscall,2,,,0x293EF20,function_end,instruction_start,true,false,true,true
3634,.text,0x60000020,43245070,0x293DE0E,43248142,0x293EA0E,6485699086,0x18293EA0E,0F05,true,true,false,true,133312,0x293E060,0x293EF20,3776,2478,0x9AE,false,true,syscall,2,,,0x293EF20,function_end,instruction_start,true,false,true,true
3635,.text,0x60000020,43245441,0x293DF81,43248513,0x293EB81,6485699457,0x18293EB81,0F05,true,true,false,true,133312,0x293E060,0x293EF20,3776,2849,0xB21,false,true,syscall,2,,,0x293EF20,function_end,instruction_start,true,false,true,true
3636,.text,0x60000020,43245898,0x293E14A,43248970,0x293ED4A,6485699914,0x18293ED4A,0F05,true,true,false,true,133312,0x293E060,0x293EF20,3776,3306,0xCEA,false,true,syscall,2,,,0x293EF20,function_end,instruction_start,true,false,true,true
3637,.text,0x60000020,43246312,0x293E2E8,43249384,0x293EEE8,6485700328,0x18293EEE8,0F05,true,true,false,true,133312,0x293E060,0x293EF20,3776,3720,0xE88,true,true,syscall,2,,,0x293EF20,function_end,instruction_start,true,false,true,true
3638,.text,0x60000020,43246884,0x293E524,43249956,0x293F124,6485700900,0x18293F124,0F05,true,true,false,true,133313,0x293EF20,0x293FDE3,3779,516,0x204,true,true,syscall,2,,,0x293FDE3,function_end,instruction_start,true,false,true,true
3639,.text,0x60000020,43247341,0x293E6ED,43250413,0x293F2ED,6485701357,0x18293F2ED,0F05,true,true,false,true,133313,0x293EF20,0x293FDE3,3779,973,0x3CD,false,true,syscall,2,,,0x293FDE3,function_end,instruction_start,true,false,true,true
3640,.text,0x60000020,43247800,0x293E8B8,43250872,0x293F4B8,6485701816,0x18293F4B8,0F05,true,true,false,true,133313,0x293EF20,0x293FDE3,3779,1432,0x598,true,true,syscall,2,,,0x293FDE3,function_end,instruction_start,true,false,true,true
3641,.text,0x60000020,43248445,0x293EB3D,43251517,0x293F73D,6485702461,0x18293F73D,0F05,true,true,false,true,133313,0x293EF20,0x293FDE3,3779,2077,0x81D,false,true,syscall,2,,,0x293FDE3,function_end,instruction_start,true,false,true,true
3642,.text,0x60000020,43248847,0x293ECCF,43251919,0x293F8CF,6485702863,0x18293F8CF,0F05,true,true,false,true,133313,0x293EF20,0x293FDE3,3779,2479,0x9AF,false,true,syscall,2,,,0x293FDE3,function_end,instruction_start,true,false,true,true
3643,.text,0x60000020,43249218,0x293EE42,43252290,0x293FA42,6485703234,0x18293FA42,0F05,true,true,false,true,133313,0x293EF20,0x293FDE3,3779,2850,0xB22,false,true,syscall,2,,,0x293FDE3,function_end,instruction_start,true,false,true,true
3644,.text,0x60000020,43249675,0x293F00B,43252747,0x293FC0B,6485703691,0x18293FC0B,0F05,true,true,false,true,133313,0x293EF20,0x293FDE3,3779,3307,0xCEB,false,true,syscall,2,,,0x293FDE3,function_end,instruction_start,true,false,true,true
3645,.text,0x60000020,43250089,0x293F1A9,43253161,0x293FDA9,6485704105,0x18293FDA9,0F05,true,true,false,true,133313,0x293EF20,0x293FDE3,3779,3721,0xE89,false,true,syscall,2,,,0x293FDE3,function_end,instruction_start,true,false,true,true
3646,.text,0x60000020,43250676,0x293F3F4,43253748,0x293FFF4,6485704692,0x18293FFF4,0F05,true,true,false,true,133314,0x293FDF0,0x2940CB5,3781,516,0x204,true,true,syscall,2,,,0x2940CB5,function_end,instruction_start,true,false,true,true
3647,.text,0x60000020,43251133,0x293F5BD,43254205,0x29401BD,6485705149,0x1829401BD,0F05,true,true,false,true,133314,0x293FDF0,0x2940CB5,3781,973,0x3CD,false,true,syscall,2,,,0x2940CB5,function_end,instruction_start,true,false,true,true
3648,.text,0x60000020,43251592,0x293F788,43254664,0x2940388,6485705608,0x182940388,0F05,true,true,false,true,133314,0x293FDF0,0x2940CB5,3781,1432,0x598,true,true,syscall,2,,,0x2940CB5,function_end,instruction_start,true,false,true,true
3649,.text,0x60000020,43252237,0x293FA0D,43255309,0x294060D,6485706253,0x18294060D,0F05,true,true,false,true,133314,0x293FDF0,0x2940CB5,3781,2077,0x81D,false,true,syscall,2,,,0x2940CB5,function_end,instruction_start,true,false,true,true
3650,.text,0x60000020,43252639,0x293FB9F,43255711,0x294079F,6485706655,0x18294079F,0F05,true,true,false,true,133314,0x293FDF0,0x2940CB5,3781,2479,0x9AF,false,true,syscall,2,,,0x2940CB5,function_end,instruction_start,true,false,true,true
3651,.text,0x60000020,43253010,0x293FD12,43256082,0x2940912,6485707026,0x182940912,0F05,true,true,false,true,133314,0x293FDF0,0x2940CB5,3781,2850,0xB22,false,true,syscall,2,,,0x2940CB5,function_end,instruction_start,true,false,true,true
3652,.text,0x60000020,43253467,0x293FEDB,43256539,0x2940ADB,6485707483,0x182940ADB,0F05,true,true,false,true,133314,0x293FDF0,0x2940CB5,3781,3307,0xCEB,false,true,syscall,2,,,0x2940CB5,function_end,instruction_start,true,false,true,true
3653,.text,0x60000020,43253881,0x2940079,43256953,0x2940C79,6485707897,0x182940C79,0F05,true,true,false,true,133314,0x293FDF0,0x2940CB5,3781,3721,0xE89,false,true,syscall,2,,,0x2940CB5,function_end,instruction_start,true,false,true,true
3654,.text,0x60000020,43254411,0x294028B,43257483,0x2940E8B,6485708427,0x182940E8B,0F05,true,true,false,true,133315,0x2940CC0,0x29418CA,3082,459,0x1CB,false,true,syscall,2,,,0x29418CA,function_end,instruction_start,true,false,true,true
3655,.text,0x60000020,43254815,0x294041F,43257887,0x294101F,6485708831,0x18294101F,0F05,true,true,false,true,133315,0x2940CC0,0x29418CA,3082,863,0x35F,false,true,syscall,2,,,0x29418CA,function_end,instruction_start,true,false,true,true
3656,.text,0x60000020,43255149,0x294056D,43258221,0x294116D,6485709165,0x18294116D,0F05,true,true,false,true,133315,0x2940CC0,0x29418CA,3082,1197,0x4AD,false,true,syscall,2,,,0x29418CA,function_end,instruction_start,true,false,true,true
3657,.text,0x60000020,43255617,0x2940741,43258689,0x2941341,6485709633,0x182941341,0F05,true,true,false,true,133315,0x2940CC0,0x29418CA,3082,1665,0x681,false,true,syscall,2,,,0x29418CA,function_end,instruction_start,true,false,true,true
3658,.text,0x60000020,43255960,0x2940898,43259032,0x2941498,6485709976,0x182941498,0F05,true,true,false,true,133315,0x2940CC0,0x29418CA,3082,2008,0x7D8,true,true,syscall,2,,,0x29418CA,function_end,instruction_start,true,false,true,true
3659,.text,0x60000020,43256294,0x29409E6,43259366,0x29415E6,6485710310,0x1829415E6,0F05,true,true,false,true,133315,0x2940CC0,0x29418CA,3082,2342,0x926,false,true,syscall,2,,,0x29418CA,function_end,instruction_start,true,false,true,true
3660,.text,0x60000020,43256698,0x2940B7A,43259770,0x294177A,6485710714,0x18294177A,0F05,true,true,false,true,133315,0x2940CC0,0x29418CA,3082,2746,0xABA,false,true,syscall,2,,,0x29418CA,function_end,instruction_start,true,false,true,true
3661,.text,0x60000020,43257006,0x2940CAE,43260078,0x29418AE,6485711022,0x1829418AE,0F05,true,true,false,true,133315,0x2940CC0,0x29418CA,3082,3054,0xBEE,false,true,syscall,2,,,0x29418CA,function_end,instruction_start,true,false,true,true
3662,.text,0x60000020,43257538,0x2940EC2,43260610,0x2941AC2,6485711554,0x182941AC2,0F05,true,true,false,true,133316,0x29418D0,0x2941AE1,529,498,0x1F2,false,true,syscall,2,,,0x2941AE1,function_end,instruction_start,true,false,true,true
3663,.text,0x60000020,43258039,0x29410B7,43261111,0x2941CB7,6485712055,0x182941CB7,0F05,true,true,false,true,133317,0x2941AF0,0x2941CBF,463,455,0x1C7,false,true,syscall,2,,,0x2941CBF,function_end,instruction_start,true,false,true,true
3664,.text,0x60000020,43258347,0x29411EB,43261419,0x2941DEB,6485712363,0x182941DEB,0F05,true,true,false,true,133318,0x2941CC0,0x2941E0A,330,299,0x12B,false,true,syscall,2,,,0x2941E0A,function_end,instruction_start,true,false,true,true
3665,.text,0x60000020,43258831,0x29413CF,43261903,0x2941FCF,6485712847,0x182941FCF,0F05,true,true,false,true,133319,0x2941E10,0x2941FEE,478,447,0x1BF,false,true,syscall,2,,,0x2941FEE,function_end,instruction_start,true,false,true,true
3666,.text,0x60000020,43259178,0x294152A,43262250,0x294212A,6485713194,0x18294212A,0F05,true,true,false,true,133320,0x2941FF0,0x2942149,345,314,0x13A,false,true,syscall,2,,,0x2942149,function_end,instruction_start,true,false,true,true
3667,.text,0x60000020,43259562,0x29416AA,43262634,0x29422AA,6485713578,0x1829422AA,0F05,true,true,false,true,133321,0x2942150,0x29422C9,377,346,0x15A,false,true,syscall,2,,,0x29422C9,function_end,instruction_start,true,false,true,true
3668,.text,0x60000020,43260764,0x2941B5C,43263836,0x294275C,6485714780,0x18294275C,0F05,true,true,false,true,133322,0x2942510,0x29430F5,3045,588,0x24C,true,true,syscall,2,,,0x29430F5,function_end,instruction_start,true,false,true,true
3669,.text,0x60000020,43261066,0x2941C8A,43264138,0x294288A,6485715082,0x18294288A,0F05,true,true,false,true,133322,0x2942510,0x29430F5,3045,890,0x37A,false,true,syscall,2,,,0x29430F5,function_end,instruction_start,true,false,true,true
3670,.text,0x60000020,43261377,0x2941DC1,43264449,0x29429C1,6485715393,0x1829429C1,0F05,true,true,false,true,133322,0x2942510,0x29430F5,3045,1201,0x4B1,false,true,syscall,2,,,0x29430F5,function_end,instruction_start,true,false,true,true
3671,.text,0x60000020,43261885,0x2941FBD,43264957,0x2942BBD,6485715901,0x182942BBD,0F05,true,true,false,true,133322,0x2942510,0x29430F5,3045,1709,0x6AD,false,true,syscall,2,,,0x29430F5,function_end,instruction_start,true,false,true,true
3672,.text,0x60000020,43262196,0x29420F4,43265268,0x2942CF4,6485716212,0x182942CF4,0F05,true,true,false,true,133322,0x2942510,0x29430F5,3045,2020,0x7E4,true,true,syscall,2,,,0x29430F5,function_end,instruction_start,true,false,true,true
3673,.text,0x60000020,43262477,0x294220D,43265549,0x2942E0D,6485716493,0x182942E0D,0F05,true,true,false,true,133322,0x2942510,0x29430F5,3045,2301,0x8FD,false,true,syscall,2,,,0x29430F5,function_end,instruction_start,true,false,true,true
3674,.text,0x60000020,43262779,0x294233B,43265851,0x2942F3B,6485716795,0x182942F3B,0F05,true,true,false,true,133322,0x2942510,0x29430F5,3045,2603,0xA2B,false,true,syscall,2,,,0x29430F5,function_end,instruction_start,true,false,true,true
3675,.text,0x60000020,43263148,0x29424AC,43266220,0x29430AC,6485717164,0x1829430AC,0F05,true,true,false,true,133322,0x2942510,0x29430F5,3045,2972,0xB9C,true,true,syscall,2,,,0x29430F5,function_end,instruction_start,true,false,true,true
3676,.text,0x60000020,43264093,0x294285D,43267165,0x294345D,6485718109,0x18294345D,0F05,true,true,false,true,133323,0x2943100,0x2945366,8806,861,0x35D,false,true,syscall,2,,,0x2945366,function_end,instruction_start,true,false,true,true
3677,.text,0x60000020,43264709,0x2942AC5,43267781,0x29436C5,6485718725,0x1829436C5,0F05,true,true,false,true,133323,0x2943100,0x2945366,8806,1477,0x5C5,false,true,syscall,2,,,0x2945366,function_end,instruction_start,true,false,true,true
3678,.text,0x60000020,43265256,0x2942CE8,43268328,0x29438E8,6485719272,0x1829438E8,0F05,true,true,false,true,133323,0x2943100,0x2945366,8806,2024,0x7E8,true,true,syscall,2,,,0x2945366,function_end,instruction_start,true,false,true,true
3679,.text,0x60000020,43265721,0x2942EB9,43268793,0x2943AB9,6485719737,0x182943AB9,0F05,true,true,false,true,133323,0x2943100,0x2945366,8806,2489,0x9B9,false,true,syscall,2,,,0x2945366,function_end,instruction_start,true,false,true,true
3680,.text,0x60000020,43266243,0x29430C3,43269315,0x2943CC3,6485720259,0x182943CC3,0F05,true,true,false,true,133323,0x2943100,0x2945366,8806,3011,0xBC3,false,true,syscall,2,,,0x2945366,function_end,instruction_start,true,false,true,true
3681,.text,0x60000020,43266788,0x29432E4,43269860,0x2943EE4,6485720804,0x182943EE4,0F05,true,true,false,true,133323,0x2943100,0x2945366,8806,3556,0xDE4,true,true,syscall,2,,,0x2945366,function_end,instruction_start,true,false,true,true
3682,.text,0x60000020,43267404,0x294354C,43270476,0x294414C,6485721420,0x18294414C,0F05,true,true,false,true,133323,0x2943100,0x2945366,8806,4172,0x104C,true,true,syscall,2,,,0x2945366,function_end,instruction_start,true,false,true,true
3683,.text,0x60000020,43267725,0x294368D,43270797,0x294428D,6485721741,0x18294428D,0F05,true,true,false,true,133323,0x2943100,0x2945366,8806,4493,0x118D,false,true,syscall,2,,,0x2945366,function_end,instruction_start,true,false,true,true
3684,.text,0x60000020,43268407,0x2943937,43271479,0x2944537,6485722423,0x182944537,0F05,true,true,false,true,133323,0x2943100,0x2945366,8806,5175,0x1437,false,true,syscall,2,,,0x2945366,function_end,instruction_start,true,false,true,true
3685,.text,0x60000020,43269012,0x2943B94,43272084,0x2944794,6485723028,0x182944794,0F05,true,true,false,true,133323,0x2943100,0x2945366,8806,5780,0x1694,true,true,syscall,2,,,0x2945366,function_end,instruction_start,true,false,true,true
3686,.text,0x60000020,43269548,0x2943DAC,43272620,0x29449AC,6485723564,0x1829449AC,0F05,true,true,false,true,133323,0x2943100,0x2945366,8806,6316,0x18AC,true,true,syscall,2,,,0x2945366,function_end,instruction_start,true,false,true,true
3687,.text,0x60000020,43269995,0x2943F6B,43273067,0x2944B6B,6485724011,0x182944B6B,0F05,true,true,false,true,133323,0x2943100,0x2945366,8806,6763,0x1A6B,false,true,syscall,2,,,0x2945366,function_end,instruction_start,true,false,true,true
3688,.text,0x60000020,43270506,0x294416A,43273578,0x2944D6A,6485724522,0x182944D6A,0F05,true,true,false,true,133323,0x2943100,0x2945366,8806,7274,0x1C6A,false,true,syscall,2,,,0x2945366,function_end,instruction_start,true,false,true,true
3689,.text,0x60000020,43271043,0x2944383,43274115,0x2944F83,6485725059,0x182944F83,0F05,true,true,false,true,133323,0x2943100,0x2945366,8806,7811,0x1E83,false,true,syscall,2,,,0x2945366,function_end,instruction_start,true,false,true,true
3690,.text,0x60000020,43271648,0x29445E0,43274720,0x29451E0,6485725664,0x1829451E0,0F05,true,true,false,true,133323,0x2943100,0x2945366,8806,8416,0x20E0,true,true,syscall,2,,,0x2945366,function_end,instruction_start,true,false,true,true
3691,.text,0x60000020,43271965,0x294471D,43275037,0x294531D,6485725981,0x18294531D,0F05,true,true,false,true,133323,0x2943100,0x2945366,8806,8733,0x221D,false,true,syscall,2,,,0x2945366,function_end,instruction_start,true,false,true,true
3692,.text,0x60000020,43272607,0x294499F,43275679,0x294559F,6485726623,0x18294559F,0F05,true,true,false,true,133324,0x2945370,0x29462C6,3926,559,0x22F,false,true,syscall,2,,,0x29462C6,function_end,instruction_start,true,false,true,true
3693,.text,0x60000020,43273133,0x2944BAD,43276205,0x29457AD,6485727149,0x1829457AD,0F05,true,true,false,true,133324,0x2945370,0x29462C6,3926,1085,0x43D,false,true,syscall,2,,,0x29462C6,function_end,instruction_start,true,false,true,true
3694,.text,0x60000020,43273545,0x2944D49,43276617,0x2945949,6485727561,0x182945949,0F05,true,true,false,true,133324,0x2945370,0x29462C6,3926,1497,0x5D9,false,true,syscall,2,,,0x29462C6,function_end,instruction_start,true,false,true,true
3695,.text,0x60000020,43273919,0x2944EBF,43276991,0x2945ABF,6485727935,0x182945ABF,0F05,true,true,false,true,133324,0x2945370,0x29462C6,3926,1871,0x74F,false,true,syscall,2,,,0x29462C6,function_end,instruction_start,true,false,true,true
3696,.text,0x60000020,43274456,0x29450D8,43277528,0x2945CD8,6485728472,0x182945CD8,0F05,true,true,false,true,133324,0x2945370,0x29462C6,3926,2408,0x968,true,true,syscall,2,,,0x29462C6,function_end,instruction_start,true,false,true,true
3697,.text,0x60000020,43274934,0x29452B6,43278006,0x2945EB6,6485728950,0x182945EB6,0F05,true,true,false,true,133324,0x2945370,0x29462C6,3926,2886,0xB46,false,true,syscall,2,,,0x29462C6,function_end,instruction_start,true,false,true,true
3698,.text,0x60000020,43275460,0x29454C4,43278532,0x29460C4,6485729476,0x1829460C4,0F05,true,true,false,true,133324,0x2945370,0x29462C6,3926,3412,0xD54,true,true,syscall,2,,,0x29462C6,function_end,instruction_start,true,false,true,true
3699,.text,0x60000020,43275926,0x2945696,43278998,0x2946296,6485729942,0x182946296,0F05,true,true,false,true,133324,0x2945370,0x29462C6,3926,3878,0xF26,false,true,syscall,2,,,0x29462C6,function_end,instruction_start,true,false,true,true
3700,.text,0x60000020,43276385,0x2945861,43279457,0x2946461,6485730401,0x182946461,0F05,true,true,false,true,133325,0x29462D0,0x2946481,433,401,0x191,false,true,syscall,2,,,0x2946481,function_end,instruction_start,true,false,true,true
3701,.text,0x60000020,43276962,0x2945AA2,43280034,0x29466A2,6485730978,0x1829466A2,0F05,true,true,false,true,133326,0x2946490,0x29466C2,562,530,0x212,false,true,syscall,2,,,0x29466C2,function_end,instruction_start,true,false,true,true
3702,.text,0x60000020,43277313,0x2945C01,43280385,0x2946801,6485731329,0x182946801,0F05,true,true,false,true,133327,0x29466D0,0x2946821,337,305,0x131,false,true,syscall,2,,,0x2946821,function_end,instruction_start,true,false,true,true
3703,.text,0x60000020,43277812,0x2945DF4,43280884,0x29469F4,6485731828,0x1829469F4,0F05,true,true,false,true,133328,0x2946830,0x29469FC,460,452,0x1C4,true,true,syscall,2,,,0x29469FC,function_end,instruction_start,true,false,true,true
3704,.text,0x60000020,43278232,0x2945F98,43281304,0x2946B98,6485732248,0x182946B98,0F05,true,true,false,true,133329,0x2946A00,0x2946BB8,440,408,0x198,true,true,syscall,2,,,0x2946BB8,function_end,instruction_start,true,false,true,true
3705,.text,0x60000020,43278715,0x294617B,43281787,0x2946D7B,6485732731,0x182946D7B,0F05,true,true,false,true,133330,0x2946BC0,0x2946D9B,475,443,0x1BB,false,true,syscall,2,,,0x2946D9B,function_end,instruction_start,true,false,true,true
3706,.text,0x60000020,43280011,0x294668B,43283083,0x294728B,6485734027,0x18294728B,0F05,true,true,false,true,133331,0x2946F60,0x294804E,4334,811,0x32B,false,true,syscall,2,,,0x294804E,function_end,instruction_start,true,false,true,true
3707,.text,0x60000020,43280506,0x294687A,43283578,0x294747A,6485734522,0x18294747A,0F05,true,true,false,true,133331,0x2946F60,0x294804E,4334,1306,0x51A,false,true,syscall,2,,,0x294804E,function_end,instruction_start,true,false,true,true
3708,.text,0x60000020,43280968,0x2946A48,43284040,0x2947648,6485734984,0x182947648,0F05,true,true,false,true,133331,0x2946F60,0x294804E,4334,1768,0x6E8,true,true,syscall,2,,,0x294804E,function_end,instruction_start,true,false,true,true
3709,.text,0x60000020,43281620,0x2946CD4,43284692,0x29478D4,6485735636,0x1829478D4,0F05,true,true,false,true,133331,0x2946F60,0x294804E,4334,2420,0x974,true,true,syscall,2,,,0x294804E,function_end,instruction_start,true,false,true,true
3710,.text,0x60000020,43281999,0x2946E4F,43285071,0x2947A4F,6485736015,0x182947A4F,0F05,true,true,false,true,133331,0x2946F60,0x294804E,4334,2799,0xAEF,false,true,syscall,2,,,0x294804E,function_end,instruction_start,true,false,true,true
3711,.text,0x60000020,43282576,0x2947090,43285648,0x2947C90,6485736592,0x182947C90,0F05,true,true,false,true,133331,0x2946F60,0x294804E,4334,3376,0xD30,true,true,syscall,2,,,0x294804E,function_end,instruction_start,true,false,true,true
3712,.text,0x60000020,43283071,0x294727F,43286143,0x2947E7F,6485737087,0x182947E7F,0F05,true,true,false,true,133331,0x2946F60,0x294804E,4334,3871,0xF1F,false,true,syscall,2,,,0x294804E,function_end,instruction_start,true,false,true,true
3713,.text,0x60000020,43283455,0x29473FF,43286527,0x2947FFF,6485737471,0x182947FFF,0F05,true,true,false,true,133331,0x2946F60,0x294804E,4334,4255,0x109F,false,true,syscall,2,,,0x294804E,function_end,instruction_start,true,false,true,true
3714,.text,0x60000020,43283844,0x2947584,43286916,0x2948184,6485737860,0x182948184,0F05,true,true,false,true,133332,0x2948050,0x2948BE8,2968,308,0x134,true,true,syscall,2,,,0x2948BE8,function_end,instruction_start,true,false,true,true
3715,.text,0x60000020,43284306,0x2947752,43287378,0x2948352,6485738322,0x182948352,0F05,true,true,false,true,133332,0x2948050,0x2948BE8,2968,770,0x302,false,true,syscall,2,,,0x2948BE8,function_end,instruction_start,true,false,true,true
3716,.text,0x60000020,43284736,0x2947900,43287808,0x2948500,6485738752,0x182948500,0F05,true,true,false,true,133332,0x2948050,0x2948BE8,2968,1200,0x4B0,true,true,syscall,2,,,0x2948BE8,function_end,instruction_start,true,false,true,true
3717,.text,0x60000020,43285285,0x2947B25,43288357,0x2948725,6485739301,0x182948725,0F05,true,true,false,true,133332,0x2948050,0x2948BE8,2968,1749,0x6D5,false,true,syscall,2,,,0x2948BE8,function_end,instruction_start,true,false,true,true
3718,.text,0x60000020,43285580,0x2947C4C,43288652,0x294884C,6485739596,0x18294884C,0F05,true,true,false,true,133332,0x2948050,0x2948BE8,2968,2044,0x7FC,true,true,syscall,2,,,0x2948BE8,function_end,instruction_start,true,false,true,true
3719,.text,0x60000020,43285793,0x2947D21,43288865,0x2948921,6485739809,0x182948921,0F05,true,true,false,true,133332,0x2948050,0x2948BE8,2968,2257,0x8D1,false,true,syscall,2,,,0x2948BE8,function_end,instruction_start,true,false,true,true
3720,.text,0x60000020,43286255,0x2947EEF,43289327,0x2948AEF,6485740271,0x182948AEF,0F05,true,true,false,true,133332,0x2948050,0x2948BE8,2968,2719,0xA9F,false,true,syscall,2,,,0x2948BE8,function_end,instruction_start,true,false,true,true
3721,.text,0x60000020,43286466,0x2947FC2,43289538,0x2948BC2,6485740482,0x182948BC2,0F05,true,true,false,true,133332,0x2948050,0x2948BE8,2968,2930,0xB72,false,true,syscall,2,,,0x2948BE8,function_end,instruction_start,true,false,true,true
3722,.text,0x60000020,43286930,0x2948192,43290002,0x2948D92,6485740946,0x182948D92,0F05,true,true,false,true,133333,0x2948BF0,0x29498A8,3256,418,0x1A2,false,true,syscall,2,,,0x29498A8,function_end,instruction_start,true,false,true,true
3723,.text,0x60000020,43287404,0x294836C,43290476,0x2948F6C,6485741420,0x182948F6C,0F05,true,true,false,true,133333,0x2948BF0,0x29498A8,3256,892,0x37C,true,true,syscall,2,,,0x29498A8,function_end,instruction_start,true,false,true,true
3724,.text,0x60000020,43287899,0x294855B,43290971,0x294915B,6485741915,0x18294915B,0F05,true,true,false,true,133333,0x2948BF0,0x29498A8,3256,1387,0x56B,false,true,syscall,2,,,0x29498A8,function_end,instruction_start,true,false,true,true
3725,.text,0x60000020,43288316,0x29486FC,43291388,0x29492FC,6485742332,0x1829492FC,0F05,true,true,false,true,133333,0x2948BF0,0x29498A8,3256,1804,0x70C,true,true,syscall,2,,,0x29498A8,function_end,instruction_start,true,false,true,true
3726,.text,0x60000020,43288585,0x2948809,43291657,0x2949409,6485742601,0x182949409,0F05,true,true,false,true,133333,0x2948BF0,0x29498A8,3256,2073,0x819,false,true,syscall,2,,,0x29498A8,function_end,instruction_start,true,false,true,true
3727,.text,0x60000020,43288913,0x2948951,43291985,0x2949551,6485742929,0x182949551,0F05,true,true,false,true,133333,0x2948BF0,0x29498A8,3256,2401,0x961,false,true,syscall,2,,,0x29498A8,function_end,instruction_start,true,false,true,true
3728,.text,0x60000020,43289387,0x2948B2B,43292459,0x294972B,6485743403,0x18294972B,0F05,true,true,false,true,133333,0x2948BF0,0x29498A8,3256,2875,0xB3B,false,true,syscall,2,,,0x29498A8,function_end,instruction_start,true,false,true,true
3729,.text,0x60000020,43289728,0x2948C80,43292800,0x2949880,6485743744,0x182949880,0F05,true,true,false,true,133333,0x2948BF0,0x29498A8,3256,3216,0xC90,true,true,syscall,2,,,0x29498A8,function_end,instruction_start,true,false,true,true
3730,.text,0x60000020,43290402,0x2948F22,43293474,0x2949B22,6485744418,0x182949B22,0F05,true,true,false,true,133334,0x29498B0,0x294A6EB,3643,626,0x272,false,true,syscall,2,,,0x294A6EB,function_end,instruction_start,true,false,true,true
3731,.text,0x60000020,43290769,0x2949091,43293841,0x2949C91,6485744785,0x182949C91,0F05,true,true,false,true,133334,0x29498B0,0x294A6EB,3643,993,0x3E1,false,true,syscall,2,,,0x294A6EB,function_end,instruction_start,true,false,true,true
3732,.text,0x60000020,43291130,0x29491FA,43294202,0x2949DFA,6485745146,0x182949DFA,0F05,true,true,false,true,133334,0x29498B0,0x294A6EB,3643,1354,0x54A,false,true,syscall,2,,,0x294A6EB,function_end,instruction_start,true,false,true,true
3733,.text,0x60000020,43291638,0x29493F6,43294710,0x2949FF6,6485745654,0x182949FF6,0F05,true,true,false,true,133334,0x29498B0,0x294A6EB,3643,1862,0x746,false,true,syscall,2,,,0x294A6EB,function_end,instruction_start,true,false,true,true
3734,.text,0x60000020,43292002,0x2949562,43295074,0x294A162,6485746018,0x18294A162,0F05,true,true,false,true,133334,0x29498B0,0x294A6EB,3643,2226,0x8B2,false,true,syscall,2,,,0x294A6EB,function_end,instruction_start,true,false,true,true
3735,.text,0x60000020,43292475,0x294973B,43295547,0x294A33B,6485746491,0x18294A33B,0F05,true,true,false,true,133334,0x29498B0,0x294A6EB,3643,2699,0xA8B,false,true,syscall,2,,,0x294A6EB,function_end,instruction_start,true,false,true,true
3736,.text,0x60000020,43292842,0x29498AA,43295914,0x294A4AA,6485746858,0x18294A4AA,0F05,true,true,false,true,133334,0x29498B0,0x294A6EB,3643,3066,0xBFA,false,true,syscall,2,,,0x294A6EB,function_end,instruction_start,true,false,true,true
3737,.text,0x60000020,43293355,0x2949AAB,43296427,0x294A6AB,6485747371,0x18294A6AB,0F05,true,true,false,true,133334,0x29498B0,0x294A6EB,3643,3579,0xDFB,false,true,syscall,2,,,0x294A6EB,function_end,instruction_start,true,false,true,true
3738,.text,0x60000020,43293873,0x2949CB1,43296945,0x294A8B1,6485747889,0x18294A8B1,0F05,true,true,false,true,133335,0x294A6F0,0x294B3B4,3268,449,0x1C1,false,true,syscall,2,,,0x294B3B4,function_end,instruction_start,true,false,true,true
3739,.text,0x60000020,43294334,0x2949E7E,43297406,0x294AA7E,6485748350,0x18294AA7E,0F05,true,true,false,true,133335,0x294A6F0,0x294B3B4,3268,910,0x38E,false,true,syscall,2,,,0x294B3B4,function_end,instruction_start,true,false,true,true
3740,.text,0x60000020,43294609,0x2949F91,43297681,0x294AB91,6485748625,0x18294AB91,0F05,true,true,false,true,133335,0x294A6F0,0x294B3B4,3268,1185,0x4A1,false,true,syscall,2,,,0x294B3B4,function_end,instruction_start,true,false,true,true
3741,.text,0x60000020,43295034,0x294A13A,43298106,0x294AD3A,6485749050,0x18294AD3A,0F05,true,true,false,true,133335,0x294A6F0,0x294B3B4,3268,1610,0x64A,false,true,syscall,2,,,0x294B3B4,function_end,instruction_start,true,false,true,true
3742,.text,0x60000020,43295441,0x294A2D1,43298513,0x294AED1,6485749457,0x18294AED1,0F05,true,true,false,true,133335,0x294A6F0,0x294B3B4,3268,2017,0x7E1,false,true,syscall,2,,,0x294B3B4,function_end,instruction_start,true,false,true,true
3743,.text,0x60000020,43295797,0x294A435,43298869,0x294B035,6485749813,0x18294B035,0F05,true,true,false,true,133335,0x294A6F0,0x294B3B4,3268,2373,0x945,false,true,syscall,2,,,0x294B3B4,function_end,instruction_start,true,false,true,true
3744,.text,0x60000020,43296258,0x294A602,43299330,0x294B202,6485750274,0x18294B202,0F05,true,true,false,true,133335,0x294A6F0,0x294B3B4,3268,2834,0xB12,false,true,syscall,2,,,0x294B3B4,function_end,instruction_start,true,false,true,true
3745,.text,0x60000020,43296647,0x294A787,43299719,0x294B387,6485750663,0x18294B387,0F05,true,true,false,true,133335,0x294A6F0,0x294B3B4,3268,3223,0xC97,false,true,syscall,2,,,0x294B3B4,function_end,instruction_start,true,false,true,true
3746,.text,0x60000020,43297386,0x294AA6A,43300458,0x294B66A,6485751402,0x18294B66A,0F05,true,true,false,true,133336,0x294B3C0,0x294C0EA,3370,682,0x2AA,false,true,syscall,2,,,0x294C0EA,function_end,instruction_start,true,false,true,true
3747,.text,0x60000020,43297857,0x294AC41,43300929,0x294B841,6485751873,0x18294B841,0F05,true,true,false,true,133336,0x294B3C0,0x294C0EA,3370,1153,0x481,false,true,syscall,2,,,0x294C0EA,function_end,instruction_start,true,false,true,true
3748,.text,0x60000020,43298114,0x294AD42,43301186,0x294B942,6485752130,0x18294B942,0F05,true,true,false,true,133336,0x294B3C0,0x294C0EA,3370,1410,0x582,false,true,syscall,2,,,0x294C0EA,function_end,instruction_start,true,false,true,true
3749,.text,0x60000020,43298572,0x294AF0C,43301644,0x294BB0C,6485752588,0x18294BB0C,0F05,true,true,false,true,133336,0x294B3C0,0x294C0EA,3370,1868,0x74C,true,true,syscall,2,,,0x294C0EA,function_end,instruction_start,true,false,true,true
3750,.text,0x60000020,43298954,0x294B08A,43302026,0x294BC8A,6485752970,0x18294BC8A,0F05,true,true,false,true,133336,0x294B3C0,0x294C0EA,3370,2250,0x8CA,false,true,syscall,2,,,0x294C0EA,function_end,instruction_start,true,false,true,true
3751,.text,0x60000020,43299300,0x294B1E4,43302372,0x294BDE4,6485753316,0x18294BDE4,0F05,true,true,false,true,133336,0x294B3C0,0x294C0EA,3370,2596,0xA24,true,true,syscall,2,,,0x294C0EA,function_end,instruction_start,true,false,true,true
3752,.text,0x60000020,43299771,0x294B3BB,43302843,0x294BFBB,6485753787,0x18294BFBB,0F05,true,true,false,true,133336,0x294B3C0,0x294C0EA,3370,3067,0xBFB,false,true,syscall,2,,,0x294C0EA,function_end,instruction_start,true,false,true,true
3753,.text,0x60000020,43300032,0x294B4C0,43303104,0x294C0C0,6485754048,0x18294C0C0,0F05,true,true,false,true,133336,0x294B3C0,0x294C0EA,3370,3328,0xD00,true,true,syscall,2,,,0x294C0EA,function_end,instruction_start,true,false,true,true
3754,.text,0x60000020,43300601,0x294B6F9,43303673,0x294C2F9,6485754617,0x18294C2F9,0F05,true,true,false,true,133337,0x294C0F0,0x294CE64,3444,521,0x209,false,true,syscall,2,,,0x294CE64,function_end,instruction_start,true,false,true,true
3755,.text,0x60000020,43301064,0x294B8C8,43304136,0x294C4C8,6485755080,0x18294C4C8,0F05,true,true,false,true,133337,0x294C0F0,0x294CE64,3444,984,0x3D8,true,true,syscall,2,,,0x294CE64,function_end,instruction_start,true,false,true,true
3756,.text,0x60000020,43301440,0x294BA40,43304512,0x294C640,6485755456,0x18294C640,0F05,true,true,false,true,133337,0x294C0F0,0x294CE64,3444,1360,0x550,true,true,syscall,2,,,0x294CE64,function_end,instruction_start,true,false,true,true
3757,.text,0x60000020,43301836,0x294BBCC,43304908,0x294C7CC,6485755852,0x18294C7CC,0F05,true,true,false,true,133337,0x294C0F0,0x294CE64,3444,1756,0x6DC,true,true,syscall,2,,,0x294CE64,function_end,instruction_start,true,false,true,true
3758,.text,0x60000020,43302194,0x294BD32,43305266,0x294C932,6485756210,0x18294C932,0F05,true,true,false,true,133337,0x294C0F0,0x294CE64,3444,2114,0x842,false,true,syscall,2,,,0x294CE64,function_end,instruction_start,true,false,true,true
3759,.text,0x60000020,43302645,0x294BEF5,43305717,0x294CAF5,6485756661,0x18294CAF5,0F05,true,true,false,true,133337,0x294C0F0,0x294CE64,3444,2565,0xA05,false,true,syscall,2,,,0x294CE64,function_end,instruction_start,true,false,true,true
3760,.text,0x60000020,43303108,0x294C0C4,43306180,0x294CCC4,6485757124,0x18294CCC4,0F05,true,true,false,true,133337,0x294C0F0,0x294CE64,3444,3028,0xBD4,true,true,syscall,2,,,0x294CE64,function_end,instruction_start,true,false,true,true
3761,.text,0x60000020,43303480,0x294C238,43306552,0x294CE38,6485757496,0x18294CE38,0F05,true,true,false,true,133337,0x294C0F0,0x294CE64,3444,3400,0xD48,true,true,syscall,2,,,0x294CE64,function_end,instruction_start,true,false,true,true
3762,.text,0x60000020,43304166,0x294C4E6,43307238,0x294D0E6,6485758182,0x18294D0E6,0F05,true,true,false,true,133338,0x294CE70,0x294DC82,3602,630,0x276,false,true,syscall,2,,,0x294DC82,function_end,instruction_start,true,false,true,true
3763,.text,0x60000020,43304527,0x294C64F,43307599,0x294D24F,6485758543,0x18294D24F,0F05,true,true,false,true,133338,0x294CE70,0x294DC82,3602,991,0x3DF,false,true,syscall,2,,,0x294DC82,function_end,instruction_start,true,false,true,true
3764,.text,0x60000020,43304882,0x294C7B2,43307954,0x294D3B2,6485758898,0x18294D3B2,0F05,true,true,false,true,133338,0x294CE70,0x294DC82,3602,1346,0x542,false,true,syscall,2,,,0x294DC82,function_end,instruction_start,true,false,true,true
3765,.text,0x60000020,43305381,0x294C9A5,43308453,0x294D5A5,6485759397,0x18294D5A5,0F05,true,true,false,true,133338,0x294CE70,0x294DC82,3602,1845,0x735,false,true,syscall,2,,,0x294DC82,function_end,instruction_start,true,false,true,true
3766,.text,0x60000020,43305739,0x294CB0B,43308811,0x294D70B,6485759755,0x18294D70B,0F05,true,true,false,true,133338,0x294CE70,0x294DC82,3602,2203,0x89B,false,true,syscall,2,,,0x294DC82,function_end,instruction_start,true,false,true,true
3767,.text,0x60000020,43306209,0x294CCE1,43309281,0x294D8E1,6485760225,0x18294D8E1,0F05,true,true,false,true,133338,0x294CE70,0x294DC82,3602,2673,0xA71,false,true,syscall,2,,,0x294DC82,function_end,instruction_start,true,false,true,true
3768,.text,0x60000020,43306570,0x294CE4A,43309642,0x294DA4A,6485760586,0x18294DA4A,0F05,true,true,false,true,133338,0x294CE70,0x294DC82,3602,3034,0xBDA,false,true,syscall,2,,,0x294DC82,function_end,instruction_start,true,false,true,true
3769,.text,0x60000020,43307080,0x294D048,43310152,0x294DC48,6485761096,0x18294DC48,0F05,true,true,false,true,133338,0x294CE70,0x294DC82,3602,3544,0xDD8,true,true,syscall,2,,,0x294DC82,function_end,instruction_start,true,false,true,true
3770,.text,0x60000020,43307647,0x294D27F,43310719,0x294DE7F,6485761663,0x18294DE7F,0F05,true,true,false,true,133339,0x294DC90,0x294E908,3192,495,0x1EF,false,true,syscall,2,,,0x294E908,function_end,instruction_start,true,false,true,true
3771,.text,0x60000020,43307980,0x294D3CC,43311052,0x294DFCC,6485761996,0x18294DFCC,0F05,true,true,false,true,133339,0x294DC90,0x294E908,3192,828,0x33C,true,true,syscall,2,,,0x294E908,function_end,instruction_start,true,false,true,true
3772,.text,0x60000020,43308316,0x294D51C,43311388,0x294E11C,6485762332,0x18294E11C,0F05,true,true,false,true,133339,0x294DC90,0x294E908,3192,1164,0x48C,true,true,syscall,2,,,0x294E908,function_end,instruction_start,true,false,true,true
3773,.text,0x60000020,43308734,0x294D6BE,43311806,0x294E2BE,6485762750,0x18294E2BE,0F05,true,true,false,true,133339,0x294DC90,0x294E908,3192,1582,0x62E,false,true,syscall,2,,,0x294E908,function_end,instruction_start,true,false,true,true
3774,.text,0x60000020,43309274,0x294D8DA,43312346,0x294E4DA,6485763290,0x18294E4DA,0F05,true,true,false,true,133339,0x294DC90,0x294E908,3192,2122,0x84A,false,true,syscall,2,,,0x294E908,function_end,instruction_start,true,false,true,true
3775,.text,0x60000020,43309646,0x294DA4E,43312718,0x294E64E,6485763662,0x18294E64E,0F05,true,true,false,true,133339,0x294DC90,0x294E908,3192,2494,0x9BE,false,true,syscall,2,,,0x294E908,function_end,instruction_start,true,false,true,true
3776,.text,0x60000020,43309979,0x294DB9B,43313051,0x294E79B,6485763995,0x18294E79B,0F05,true,true,false,true,133339,0x294DC90,0x294E908,3192,2827,0xB0B,false,true,syscall,2,,,0x294E908,function_end,instruction_start,true,false,true,true
3777,.text,0x60000020,43310316,0x294DCEC,43313388,0x294E8EC,6485764332,0x18294E8EC,0F05,true,true,false,true,133339,0x294DC90,0x294E908,3192,3164,0xC5C,true,true,syscall,2,,,0x294E908,function_end,instruction_start,true,false,true,true
3778,.text,0x60000020,43311141,0x294E025,43314213,0x294EC25,6485765157,0x18294EC25,0F05,true,true,false,true,133340,0x294E910,0x294F5BD,3245,789,0x315,false,true,syscall,2,,,0x294F5BD,function_end,instruction_start,true,false,true,true
3779,.text,0x60000020,43311497,0x294E189,43314569,0x294ED89,6485765513,0x18294ED89,0F05,true,true,false,true,133340,0x294E910,0x294F5BD,3245,1145,0x479,false,true,syscall,2,,,0x294F5BD,function_end,instruction_start,true,false,true,true
3780,.text,0x60000020,43311919,0x294E32F,43314991,0x294EF2F,6485765935,0x18294EF2F,0F05,true,true,false,true,133340,0x294E910,0x294F5BD,3245,1567,0x61F,false,true,syscall,2,,,0x294F5BD,function_end,instruction_start,true,false,true,true
3781,.text,0x60000020,43312305,0x294E4B1,43315377,0x294F0B1,6485766321,0x18294F0B1,0F05,true,true,false,true,133340,0x294E910,0x294F5BD,3245,1953,0x7A1,false,true,syscall,2,,,0x294F5BD,function_end,instruction_start,true,false,true,true
3782,.text,0x60000020,43312680,0x294E628,43315752,0x294F228,6485766696,0x18294F228,0F05,true,true,false,true,133340,0x294E910,0x294F5BD,3245,2328,0x918,true,true,syscall,2,,,0x294F5BD,function_end,instruction_start,true,false,true,true
3783,.text,0x60000020,43312926,0x294E71E,43315998,0x294F31E,6485766942,0x18294F31E,0F05,true,true,false,true,133340,0x294E910,0x294F5BD,3245,2574,0xA0E,false,true,syscall,2,,,0x294F5BD,function_end,instruction_start,true,false,true,true
3784,.text,0x60000020,43313282,0x294E882,43316354,0x294F482,6485767298,0x18294F482,0F05,true,true,false,true,133340,0x294E910,0x294F5BD,3245,2930,0xB72,false,true,syscall,2,,,0x294F5BD,function_end,instruction_start,true,false,true,true
3785,.text,0x60000020,43313549,0x294E98D,43316621,0x294F58D,6485767565,0x18294F58D,0F05,true,true,false,true,133340,0x294E910,0x294F5BD,3245,3197,0xC7D,false,true,syscall,2,,,0x294F5BD,function_end,instruction_start,true,false,true,true
3786,.text,0x60000020,43314104,0x294EBB8,43317176,0x294F7B8,6485768120,0x18294F7B8,0F05,true,true,false,true,133341,0x294F5C0,0x2950278,3256,504,0x1F8,true,true,syscall,2,,,0x2950278,function_end,instruction_start,true,false,true,true
3787,.text,0x60000020,43314445,0x294ED0D,43317517,0x294F90D,6485768461,0x18294F90D,0F05,true,true,false,true,133341,0x294F5C0,0x2950278,3256,845,0x34D,false,true,syscall,2,,,0x2950278,function_end,instruction_start,true,false,true,true
3788,.text,0x60000020,43314789,0x294EE65,43317861,0x294FA65,6485768805,0x18294FA65,0F05,true,true,false,true,133341,0x294F5C0,0x2950278,3256,1189,0x4A5,false,true,syscall,2,,,0x2950278,function_end,instruction_start,true,false,true,true
3789,.text,0x60000020,43315219,0x294F013,43318291,0x294FC13,6485769235,0x18294FC13,0F05,true,true,false,true,133341,0x294F5C0,0x2950278,3256,1619,0x653,false,true,syscall,2,,,0x2950278,function_end,instruction_start,true,false,true,true
3790,.text,0x60000020,43315770,0x294F23A,43318842,0x294FE3A,6485769786,0x18294FE3A,0F05,true,true,false,true,133341,0x294F5C0,0x2950278,3256,2170,0x87A,false,true,syscall,2,,,0x2950278,function_end,instruction_start,true,false,true,true
3791,.text,0x60000020,43316146,0x294F3B2,43319218,0x294FFB2,6485770162,0x18294FFB2,0F05,true,true,false,true,133341,0x294F5C0,0x2950278,3256,2546,0x9F2,false,true,syscall,2,,,0x2950278,function_end,instruction_start,true,false,true,true
3792,.text,0x60000020,43316487,0x294F507,43319559,0x2950107,6485770503,0x182950107,0F05,true,true,false,true,133341,0x294F5C0,0x2950278,3256,2887,0xB47,false,true,syscall,2,,,0x2950278,function_end,instruction_start,true,false,true,true
3793,.text,0x60000020,43316828,0x294F65C,43319900,0x295025C,6485770844,0x18295025C,0F05,true,true,false,true,133341,0x294F5C0,0x2950278,3256,3228,0xC9C,true,true,syscall,2,,,0x2950278,function_end,instruction_start,true,false,true,true
3794,.text,0x60000020,43317310,0x294F83E,43320382,0x295043E,6485771326,0x18295043E,0F05,true,true,false,true,133342,0x2950280,0x2950464,484,446,0x1BE,false,true,syscall,2,,,0x2950464,function_end,instruction_start,true,false,true,true
3795,.text,0x60000020,43317714,0x294F9D2,43320786,0x29505D2,6485771730,0x1829505D2,0F05,true,true,false,true,133343,0x2950470,0x29505F2,386,354,0x162,false,true,syscall,2,,,0x29505F2,function_end,instruction_start,true,false,true,true
3796,.text,0x60000020,43318162,0x294FB92,43321234,0x2950792,6485772178,0x182950792,0F05,true,true,false,true,133344,0x2950600,0x29507B1,433,402,0x192,false,true,syscall,2,,,0x29507B1,function_end,instruction_start,true,false,true,true
3797,.text,0x60000020,43318592,0x294FD40,43321664,0x2950940,6485772608,0x182950940,0F05,true,true,false,true,133345,0x29507C0,0x2950960,416,384,0x180,true,true,syscall,2,,,0x2950960,function_end,instruction_start,true,false,true,true
3798,.text,0x60000020,43318972,0x294FEBC,43322044,0x2950ABC,6485772988,0x182950ABC,0F05,true,true,false,true,133346,0x2950960,0x2950ADC,380,348,0x15C,true,true,syscall,2,,,0x2950ADC,function_end,instruction_start,true,false,true,true
3799,.text,0x60000020,43319471,0x29500AF,43322543,0x2950CAF,6485773487,0x182950CAF,0F05,true,true,false,true,133347,0x2950AE0,0x2950CCF,495,463,0x1CF,false,true,syscall,2,,,0x2950CCF,function_end,instruction_start,true,false,true,true
3800,.text,0x60000020,43319854,0x295022E,43322926,0x2950E2E,6485773870,0x182950E2E,0F05,true,true,false,true,133348,0x2950CD0,0x2950E44,372,350,0x15E,false,true,syscall,2,,,0x2950E44,function_end,instruction_start,true,false,true,true
3801,.text,0x60000020,43320273,0x29503D1,43323345,0x2950FD1,6485774289,0x182950FD1,0F05,true,true,false,true,133349,0x2950E50,0x2950FF7,423,385,0x181,false,true,syscall,2,,,0x2950FF7,function_end,instruction_start,true,false,true,true
3802,.text,0x60000020,43320704,0x2950580,43323776,0x2951180,6485774720,0x182951180,0F05,true,true,false,true,133350,0x2951000,0x29511A8,424,384,0x180,true,true,syscall,2,,,0x29511A8,function_end,instruction_start,true,false,true,true
3803,.text,0x60000020,43321056,0x29506E0,43324128,0x29512E0,6485775072,0x1829512E0,0F05,true,true,false,true,133351,0x29511B0,0x2951306,342,304,0x130,true,true,syscall,2,,,0x2951306,function_end,instruction_start,true,false,true,true
3804,.text,0x60000020,43321465,0x2950879,43324537,0x2951479,6485775481,0x182951479,0F05,true,true,false,true,133352,0x2951310,0x295149F,399,361,0x169,false,true,syscall,2,,,0x295149F,function_end,instruction_start,true,false,true,true
3805,.text,0x60000020,43321833,0x29509E9,43324905,0x29515E9,6485775849,0x1829515E9,0F05,true,true,false,true,133353,0x29514A0,0x295160F,367,329,0x149,false,true,syscall,2,,,0x295160F,function_end,instruction_start,true,false,true,true
3806,.text,0x60000020,43324560,0x2951490,43327632,0x2952090,6485778576,0x182952090,0F05,true,true,false,true,133357,0x2951DD0,0x2952C81,3761,704,0x2C0,true,true,syscall,2,,,0x2952C81,function_end,instruction_start,true,false,true,true
3807,.text,0x60000020,43325067,0x295168B,43328139,0x295228B,6485779083,0x18295228B,0F05,true,true,false,true,133357,0x2951DD0,0x2952C81,3761,1211,0x4BB,false,true,syscall,2,,,0x2952C81,function_end,instruction_start,true,false,true,true
3808,.text,0x60000020,43325556,0x2951874,43328628,0x2952474,6485779572,0x182952474,0F05,true,true,false,true,133357,0x2951DD0,0x2952C81,3761,1700,0x6A4,true,true,syscall,2,,,0x2952C81,function_end,instruction_start,true,false,true,true
3809,.text,0x60000020,43325927,0x29519E7,43328999,0x29525E7,6485779943,0x1829525E7,0F05,true,true,false,true,133357,0x2951DD0,0x2952C81,3761,2071,0x817,false,true,syscall,2,,,0x2952C81,function_end,instruction_start,true,false,true,true
3810,.text,0x60000020,43326302,0x2951B5E,43329374,0x295275E,6485780318,0x18295275E,0F05,true,true,false,true,133357,0x2951DD0,0x2952C81,3761,2446,0x98E,false,true,syscall,2,,,0x2952C81,function_end,instruction_start,true,false,true,true
3811,.text,0x60000020,43326731,0x2951D0B,43329803,0x295290B,6485780747,0x18295290B,0F05,true,true,false,true,133357,0x2951DD0,0x2952C81,3761,2875,0xB3B,false,true,syscall,2,,,0x2952C81,function_end,instruction_start,true,false,true,true
3812,.text,0x60000020,43327238,0x2951F06,43330310,0x2952B06,6485781254,0x182952B06,0F05,true,true,false,true,133357,0x2951DD0,0x2952C81,3761,3382,0xD36,false,true,syscall,2,,,0x2952C81,function_end,instruction_start,true,false,true,true
3813,.text,0x60000020,43327582,0x295205E,43330654,0x2952C5E,6485781598,0x182952C5E,0F05,true,true,false,true,133357,0x2951DD0,0x2952C81,3761,3726,0xE8E,false,true,syscall,2,,,0x2952C81,function_end,instruction_start,true,false,true,true
3814,.text,0x60000020,43553573,0x2989325,43556645,0x2989F25,6486007589,0x182989F25,0F05,true,true,false,true,134027,0x29850F0,0x29A55A0,132272,20021,0x4E35,false,true,syscall,2,,,0x29A55A0,function_end,instruction_start,true,false,true,true
3815,.text,0x60000020,43568309,0x298CCB5,43571381,0x298D8B5,6486022325,0x18298D8B5,0F05,true,true,false,true,134027,0x29850F0,0x29A55A0,132272,34757,0x87C5,false,true,syscall,2,,,0x29A55A0,function_end,instruction_start,true,false,true,true
3816,.text,0x60000020,43571254,0x298D836,43574326,0x298E436,6486025270,0x18298E436,0F05,true,true,false,true,134027,0x29850F0,0x29A55A0,132272,37702,0x9346,false,true,syscall,2,,,0x29A55A0,function_end,instruction_start,true,false,true,true
3817,.text,0x60000020,43577379,0x298F023,43580451,0x298FC23,6486031395,0x18298FC23,0F05,true,true,false,true,134027,0x29850F0,0x29A55A0,132272,43827,0xAB33,false,true,syscall,2,,,0x29A55A0,function_end,instruction_start,true,false,true,true
3818,.text,0x60000020,43625979,0x299ADFB,43629051,0x299B9FB,6486079995,0x18299B9FB,0F05,true,true,false,true,134027,0x29850F0,0x29A55A0,132272,92427,0x1690B,false,true,syscall,2,,,0x29A55A0,function_end,instruction_start,true,false,true,true
3819,.text,0x60000020,43641274,0x299E9BA,43644346,0x299F5BA,6486095290,0x18299F5BA,0F05,true,true,false,true,134027,0x29850F0,0x29A55A0,132272,107722,0x1A4CA,false,true,syscall,2,,,0x29A55A0,function_end,instruction_start,true,false,true,true
3820,.text,0x60000020,43642826,0x299EFCA,43645898,0x299FBCA,6486096842,0x18299FBCA,0F05,true,true,false,true,134027,0x29850F0,0x29A55A0,132272,109274,0x1AADA,false,true,syscall,2,,,0x29A55A0,function_end,instruction_start,true,false,true,true
3821,.text,0x60000020,43661443,0x29A3883,43664515,0x29A4483,6486115459,0x1829A4483,0F05,true,true,false,true,134027,0x29850F0,0x29A55A0,132272,127891,0x1F393,false,true,syscall,2,,,0x29A55A0,function_end,instruction_start,true,false,true,true
3822,.text,0x60000020,43719269,0x29B1A65,43722341,0x29B2665,6486173285,0x1829B2665,0F05,true,true,false,false,,,,,,,false,false,,0,,,,no_pdata_function,no_pdata_function,false,true,false,false
3823,.text,0x60000020,43729340,0x29B41BC,43732412,0x29B4DBC,6486183356,0x1829B4DBC,0F05,true,true,false,true,134167,0x29B38D0,0x29C823F,84335,5356,0x14EC,true,true,syscall,2,,,0x29C823F,function_end,instruction_start,true,false,true,true
3824,.text,0x60000020,43729957,0x29B4425,43733029,0x29B5025,6486183973,0x1829B5025,0F05,true,true,false,true,134167,0x29B38D0,0x29C823F,84335,5973,0x1755,false,true,syscall,2,,,0x29C823F,function_end,instruction_start,true,false,true,true
3825,.text,0x60000020,43738953,0x29B6749,43742025,0x29B7349,6486192969,0x1829B7349,0F05,true,true,false,true,134167,0x29B38D0,0x29C823F,84335,14969,0x3A79,false,true,syscall,2,,,0x29C823F,function_end,instruction_start,true,false,true,true
3826,.text,0x60000020,43747398,0x29B8846,43750470,0x29B9446,6486201414,0x1829B9446,0F05,true,true,false,true,134167,0x29B38D0,0x29C823F,84335,23414,0x5B76,false,true,syscall,2,,,0x29C823F,function_end,instruction_start,true,false,true,true
3827,.text,0x60000020,43760800,0x29BBCA0,43763872,0x29BC8A0,6486214816,0x1829BC8A0,0F05,true,true,false,true,134167,0x29B38D0,0x29C823F,84335,36816,0x8FD0,true,true,syscall,2,,,0x29C823F,function_end,instruction_start,true,false,true,true
3828,.text,0x60000020,43760965,0x29BBD45,43764037,0x29BC945,6486214981,0x1829BC945,0F05,true,true,false,true,134167,0x29B38D0,0x29C823F,84335,36981,0x9075,false,true,,0,0x29BC943,call 0x2a0d850,0x29C823F,function_end,covered_by_instruction,false,true,false,false
3829,.text,0x60000020,43765354,0x29BCE6A,43768426,0x29BDA6A,6486219370,0x1829BDA6A,0F05,true,true,false,true,134167,0x29B38D0,0x29C823F,84335,41370,0xA19A,false,true,syscall,2,,,0x29C823F,function_end,instruction_start,true,false,true,true
3830,.text,0x60000020,43796159,0x29C46BF,43799231,0x29C52BF,6486250175,0x1829C52BF,0F05,true,true,false,true,134167,0x29B38D0,0x29C823F,84335,72175,0x119EF,false,true,syscall,2,,,0x29C823F,function_end,instruction_start,true,false,true,true
3831,.text,0x60000020,43803212,0x29C624C,43806284,0x29C6E4C,6486257228,0x1829C6E4C,0F05,true,true,false,true,134167,0x29B38D0,0x29C823F,84335,79228,0x1357C,true,true,syscall,2,,,0x29C823F,function_end,instruction_start,true,false,true,true
3832,.text,0x60000020,43810516,0x29C7ED4,43813588,0x29C8AD4,6486264532,0x1829C8AD4,0F05,true,true,false,true,134205,0x29C8900,0x29DD28D,84365,468,0x1D4,true,true,syscall,2,,,0x29DD28D,function_end,instruction_start,true,false,true,true
3833,.text,0x60000020,43821523,0x29CA9D3,43824595,0x29CB5D3,6486275539,0x1829CB5D3,0F05,true,true,false,true,134205,0x29C8900,0x29DD28D,84365,11475,0x2CD3,false,true,syscall,2,,,0x29DD28D,function_end,instruction_start,true,false,true,true
3834,.text,0x60000020,43827691,0x29CC1EB,43830763,0x29CCDEB,6486281707,0x1829CCDEB,0F05,true,true,false,true,134205,0x29C8900,0x29DD28D,84365,17643,0x44EB,false,true,syscall,2,,,0x29DD28D,function_end,instruction_start,true,false,true,true
3835,.text,0x60000020,43829830,0x29CCA46,43832902,0x29CD646,6486283846,0x1829CD646,0F05,true,true,false,true,134205,0x29C8900,0x29DD28D,84365,19782,0x4D46,false,true,syscall,2,,,0x29DD28D,function_end,instruction_start,true,false,true,true
3836,.text,0x60000020,43846100,0x29D09D4,43849172,0x29D15D4,6486300116,0x1829D15D4,0F05,true,true,false,true,134205,0x29C8900,0x29DD28D,84365,36052,0x8CD4,true,true,syscall,2,,,0x29DD28D,function_end,instruction_start,true,false,true,true
3837,.text,0x60000020,43865354,0x29D550A,43868426,0x29D610A,6486319370,0x1829D610A,0F05,true,true,false,true,134205,0x29C8900,0x29DD28D,84365,55306,0xD80A,false,true,syscall,2,,,0x29DD28D,function_end,instruction_start,true,false,true,true
3838,.text,0x60000020,43870113,0x29D67A1,43873185,0x29D73A1,6486324129,0x1829D73A1,0F05,true,true,false,true,134205,0x29C8900,0x29DD28D,84365,60065,0xEAA1,false,true,syscall,2,,,0x29DD28D,function_end,instruction_start,true,false,true,true
3839,.text,0x60000020,43885345,0x29DA321,43888417,0x29DAF21,6486339361,0x1829DAF21,0F05,true,true,false,true,134205,0x29C8900,0x29DD28D,84365,75297,0x12621,false,true,syscall,2,,,0x29DD28D,function_end,instruction_start,true,false,true,true
3840,.text,0x60000020,43903296,0x29DE940,43906368,0x29DF540,6486357312,0x1829DF540,0F05,true,true,false,true,134242,0x29DD850,0x29F1D4C,83196,7408,0x1CF0,true,true,syscall,2,,,0x29F1D4C,function_end,instruction_start,true,false,true,true
3841,.text,0x60000020,43904306,0x29DED32,43907378,0x29DF932,6486358322,0x1829DF932,0F05,true,true,false,true,134242,0x29DD850,0x29F1D4C,83196,8418,0x20E2,false,true,syscall,2,,,0x29F1D4C,function_end,instruction_start,true,false,true,true
3842,.text,0x60000020,43904936,0x29DEFA8,43908008,0x29DFBA8,6486358952,0x1829DFBA8,0F05,true,true,false,true,134242,0x29DD850,0x29F1D4C,83196,9048,0x2358,true,true,syscall,2,,,0x29F1D4C,function_end,instruction_start,true,false,true,true
3843,.text,0x60000020,43917034,0x29E1EEA,43920106,0x29E2AEA,6486371050,0x1829E2AEA,0F05,true,true,false,true,134242,0x29DD850,0x29F1D4C,83196,21146,0x529A,false,true,syscall,2,,,0x29F1D4C,function_end,instruction_start,true,false,true,true
3844,.text,0x60000020,43922541,0x29E346D,43925613,0x29E406D,6486376557,0x1829E406D,0F05,true,true,false,true,134242,0x29DD850,0x29F1D4C,83196,26653,0x681D,false,true,syscall,2,,,0x29F1D4C,function_end,instruction_start,true,false,true,true
3845,.text,0x60000020,43942941,0x29E841D,43946013,0x29E901D,6486396957,0x1829E901D,0F05,true,true,false,true,134242,0x29DD850,0x29F1D4C,83196,47053,0xB7CD,false,true,syscall,2,,,0x29F1D4C,function_end,instruction_start,true,false,true,true
3846,.text,0x60000020,43954722,0x29EB222,43957794,0x29EBE22,6486408738,0x1829EBE22,0F05,true,true,false,true,134242,0x29DD850,0x29F1D4C,83196,58834,0xE5D2,false,true,syscall,2,,,0x29F1D4C,function_end,instruction_start,true,false,true,true
3847,.text,0x60000020,43956965,0x29EBAE5,43960037,0x29EC6E5,6486410981,0x1829EC6E5,0F05,true,true,false,true,134242,0x29DD850,0x29F1D4C,83196,61077,0xEE95,false,true,syscall,2,,,0x29F1D4C,function_end,instruction_start,true,false,true,true
3848,.text,0x60000020,44245036,0x2A3202C,44248108,0x2A32C2C,6486699052,0x182A32C2C,0F05,true,true,false,true,136062,0x2A32480,0x2A3315C,3292,1964,0x7AC,true,true,,0,0x2A32C2A,je 0x2a3313f,0x2A3315C,function_end,covered_by_instruction,false,true,false,false
3849,.text,0x60000020,44439918,0x2A6196E,44442990,0x2A6256E,6486893934,0x182A6256E,0F05,true,true,false,true,136263,0x2A62330,0x2A62581,593,574,0x23E,false,true,,0,0x2A6256C,call 0x2ab3500,0x2A62581,function_end,covered_by_instruction,false,true,false,false
3850,.text,0x60000020,44660171,0x2A975CB,44663243,0x2A981CB,6487114187,0x182A981CB,0F05,true,true,false,false,,,,,,,false,false,,0,,,,no_pdata_function,no_pdata_function,false,true,false,false
3851,.text,0x60000020,45170535,0x2B13F67,45173607,0x2B14B67,6487624551,0x182B14B67,0F05,true,true,false,true,138884,0x2B14ABB,0x2B14E74,953,172,0xAC,true,true,,0,0x2B14B65,call 0x2b65ab0,0x2B14E74,function_end,covered_by_instruction,false,true,false,false
3852,.text,0x60000020,45206905,0x2B1CD79,45209977,0x2B1D979,6487660921,0x182B1D979,0F05,true,true,false,true,138998,0x2B1D3F0,0x2B1DFC4,3028,1417,0x589,false,true,,0,0x2B1D977,call 0x2b6e890,0x2B1DFC4,function_end,covered_by_instruction,false,true,false,false
3853,.text,0x60000020,45206918,0x2B1CD86,45209990,0x2B1D986,6487660934,0x182B1D986,0F05,true,true,false,true,138998,0x2B1D3F0,0x2B1DFC4,3028,1430,0x596,false,true,,0,0x2B1D984,call 0x2b6e8f0,0x2B1DFC4,function_end,covered_by_instruction,false,true,false,false
3854,.text,0x60000020,45206931,0x2B1CD93,45210003,0x2B1D993,6487660947,0x182B1D993,0F05,true,true,false,true,138998,0x2B1D3F0,0x2B1DFC4,3028,1443,0x5A3,false,true,,0,0x2B1D991,call 0x2b6e8b0,0x2B1DFC4,function_end,covered_by_instruction,false,true,false,false
3855,.text,0x60000020,45206957,0x2B1CDAD,45210029,0x2B1D9AD,6487660973,0x182B1D9AD,0F05,true,true,false,true,138998,0x2B1D3F0,0x2B1DFC4,3028,1469,0x5BD,false,true,,0,0x2B1D9AB,call 0x2b6e8d0,0x2B1DFC4,function_end,covered_by_instruction,false,true,false,false
3856,.text,0x60000020,45206994,0x2B1CDD2,45210066,0x2B1D9D2,6487661010,0x182B1D9D2,0F05,true,true,false,true,138998,0x2B1D3F0,0x2B1DFC4,3028,1506,0x5E2,false,true,,0,0x2B1D9D0,call 0x2b6e8e0,0x2B1DFC4,function_end,covered_by_instruction,false,true,false,false
3857,.text,0x60000020,45207068,0x2B1CE1C,45210140,0x2B1DA1C,6487661084,0x182B1DA1C,0F05,true,true,false,true,138998,0x2B1D3F0,0x2B1DFC4,3028,1580,0x62C,true,true,,0,0x2B1DA1A,call 0x2b6e930,0x2B1DFC4,function_end,covered_by_instruction,false,true,false,false
3858,.text,0x60000020,45207081,0x2B1CE29,45210153,0x2B1DA29,6487661097,0x182B1DA29,0F05,true,true,false,true,138998,0x2B1D3F0,0x2B1DFC4,3028,1593,0x639,false,true,,0,0x2B1DA27,call 0x2b6e990,0x2B1DFC4,function_end,covered_by_instruction,false,true,false,false
3859,.text,0x60000020,45207094,0x2B1CE36,45210166,0x2B1DA36,6487661110,0x182B1DA36,0F05,true,true,false,true,138998,0x2B1D3F0,0x2B1DFC4,3028,1606,0x646,false,true,,0,0x2B1DA34,call 0x2b6e950,0x2B1DFC4,function_end,covered_by_instruction,false,true,false,false
3860,.text,0x60000020,45207107,0x2B1CE43,45210179,0x2B1DA43,6487661123,0x182B1DA43,0F05,true,true,false,true,138998,0x2B1D3F0,0x2B1DFC4,3028,1619,0x653,false,true,,0,0x2B1DA41,call 0x2b6e970,0x2B1DFC4,function_end,covered_by_instruction,false,true,false,false
3861,.text,0x60000020,45207120,0x2B1CE50,45210192,0x2B1DA50,6487661136,0x182B1DA50,0F05,true,true,false,true,138998,0x2B1D3F0,0x2B1DFC4,3028,1632,0x660,true,true,,0,0x2B1DA4E,call 0x2b6e9b0,0x2B1DFC4,function_end,covered_by_instruction,false,true,false,false
3862,.text,0x60000020,45207133,0x2B1CE5D,45210205,0x2B1DA5D,6487661149,0x182B1DA5D,0F05,true,true,false,true,138998,0x2B1D3F0,0x2B1DFC4,3028,1645,0x66D,false,true,,0,0x2B1DA5B,call 0x2b6e9d0,0x2B1DFC4,function_end,covered_by_instruction,false,true,false,false
3863,.text,0x60000020,45207146,0x2B1CE6A,45210218,0x2B1DA6A,6487661162,0x182B1DA6A,0F05,true,true,false,true,138998,0x2B1D3F0,0x2B1DFC4,3028,1658,0x67A,false,true,,0,0x2B1DA68,call 0x2b6ea10,0x2B1DFC4,function_end,covered_by_instruction,false,true,false,false
3864,.text,0x60000020,45207159,0x2B1CE77,45210231,0x2B1DA77,6487661175,0x182B1DA77,0F05,true,true,false,true,138998,0x2B1D3F0,0x2B1DFC4,3028,1671,0x687,false,true,,0,0x2B1DA75,call 0x2b6ea50,0x2B1DFC4,function_end,covered_by_instruction,false,true,false,false
3865,.text,0x60000020,45207172,0x2B1CE84,45210244,0x2B1DA84,6487661188,0x182B1DA84,0F05,true,true,false,true,138998,0x2B1D3F0,0x2B1DFC4,3028,1684,0x694,true,true,,0,0x2B1DA82,call 0x2b6e9f0,0x2B1DFC4,function_end,covered_by_instruction,false,true,false,false
3866,.text,0x60000020,45207185,0x2B1CE91,45210257,0x2B1DA91,6487661201,0x182B1DA91,0F05,true,true,false,true,138998,0x2B1D3F0,0x2B1DFC4,3028,1697,0x6A1,false,true,,0,0x2B1DA8F,call 0x2b6ea30,0x2B1DFC4,function_end,covered_by_instruction,false,true,false,false
3867,.text,0x60000020,45207222,0x2B1CEB6,45210294,0x2B1DAB6,6487661238,0x182B1DAB6,0F05,true,true,false,true,138998,0x2B1D3F0,0x2B1DFC4,3028,1734,0x6C6,false,true,,0,0x2B1DAB4,call 0x2b6ea40,0x2B1DFC4,function_end,covered_by_instruction,false,true,false,false
3868,.text,0x60000020,45207283,0x2B1CEF3,45210355,0x2B1DAF3,6487661299,0x182B1DAF3,0F05,true,true,false,true,138998,0x2B1D3F0,0x2B1DFC4,3028,1795,0x703,false,true,,0,0x2B1DAF1,call 0x2b6ea70,0x2B1DFC4,function_end,covered_by_instruction,false,true,false,false
3869,.text,0x60000020,45207296,0x2B1CF00,45210368,0x2B1DB00,6487661312,0x182B1DB00,0F05,true,true,false,true,138998,0x2B1D3F0,0x2B1DFC4,3028,1808,0x710,true,true,,0,0x2B1DAFE,call 0x2b6ea90,0x2B1DFC4,function_end,covered_by_instruction,false,true,false,false
3870,.text,0x60000020,45207309,0x2B1CF0D,45210381,0x2B1DB0D,6487661325,0x182B1DB0D,0F05,true,true,false,true,138998,0x2B1D3F0,0x2B1DFC4,3028,1821,0x71D,false,true,,0,0x2B1DB0B,call 0x2b6eaf0,0x2B1DFC4,function_end,covered_by_instruction,false,true,false,false
3871,.text,0x60000020,45207322,0x2B1CF1A,45210394,0x2B1DB1A,6487661338,0x182B1DB1A,0F05,true,true,false,true,138998,0x2B1D3F0,0x2B1DFC4,3028,1834,0x72A,false,true,,0,0x2B1DB18,call 0x2b6eab0,0x2B1DFC4,function_end,covered_by_instruction,false,true,false,false
3872,.text,0x60000020,45207335,0x2B1CF27,45210407,0x2B1DB27,6487661351,0x182B1DB27,0F05,true,true,false,true,138998,0x2B1D3F0,0x2B1DFC4,3028,1847,0x737,false,true,,0,0x2B1DB25,call 0x2b6ead0,0x2B1DFC4,function_end,covered_by_instruction,false,true,false,false
3873,.text,0x60000020,45207348,0x2B1CF34,45210420,0x2B1DB34,6487661364,0x182B1DB34,0F05,true,true,false,true,138998,0x2B1D3F0,0x2B1DFC4,3028,1860,0x744,true,true,,0,0x2B1DB32,call 0x2b6eb10,0x2B1DFC4,function_end,covered_by_instruction,false,true,false,false
3874,.text,0x60000020,45207361,0x2B1CF41,45210433,0x2B1DB41,6487661377,0x182B1DB41,0F05,true,true,false,true,138998,0x2B1D3F0,0x2B1DFC4,3028,1873,0x751,false,true,,0,0x2B1DB3F,call 0x2b6eb30,0x2B1DFC4,function_end,covered_by_instruction,false,true,false,false
3875,.text,0x60000020,45207413,0x2B1CF75,45210485,0x2B1DB75,6487661429,0x182B1DB75,0F05,true,true,false,true,138998,0x2B1D3F0,0x2B1DFC4,3028,1925,0x785,false,true,,0,0x2B1DB73,call 0x2b6eb50,0x2B1DFC4,function_end,covered_by_instruction,false,true,false,false
3876,.text,0x60000020,45529064,0x2B6B7E8,45532136,0x2B6C3E8,6487983080,0x182B6C3E8,0F05,true,true,false,true,140272,0x2B6C380,0x2B6C499,281,104,0x68,true,true,,0,0x2B6C3E6,call 0x2bbd300,0x2B6C499,function_end,covered_by_instruction,false,true,false,false
3877,.text,0x60000020,45529125,0x2B6B825,45532197,0x2B6C425,6487983141,0x182B6C425,0F05,true,true,false,true,140272,0x2B6C380,0x2B6C499,281,165,0xA5,false,true,,0,0x2B6C423,call 0x2bbd400,0x2B6C499,function_end,covered_by_instruction,false,true,false,false
3878,.text,0x60000020,45529178,0x2B6B85A,45532250,0x2B6C45A,6487983194,0x182B6C45A,0F05,true,true,false,true,140272,0x2B6C380,0x2B6C499,281,218,0xDA,false,true,,0,0x2B6C458,call 0x2bbd400,0x2B6C499,function_end,covered_by_instruction,false,true,false,false
3879,.text,0x60000020,45717336,0x2B99758,45720408,0x2B9A358,6488171352,0x182B9A358,0F05,true,true,false,true,140936,0x2B9A120,0x2B9A395,629,568,0x238,true,true,,0,0x2B9A354,"mov dword ptr [rsp + 0x28], 0x50f",0x2B9A395,function_end,covered_by_instruction,false,true,false,false
3880,.text,0x60000020,45903616,0x2BC6F00,45906688,0x2BC7B00,6488357632,0x182BC7B00,0F05,true,true,false,true,141487,0x2BC7454,0x2BC7DD2,2430,1708,0x6AC,true,true,,0,0x2BC7AFD,"lea eax, [rdi + r9]",0x2BC7DD2,function_end,covered_by_instruction,false,true,false,false
